item_id,legalbench_task,ground_truth,expert,naive_calm,naive_distressed,flip_type,expert_scenario,naive_calm_scenario,naive_distressed_scenario
diversity_2__test__135,diversity_2,No,True,True,False,calm_correct_distress_wrong,"Q: Sophia is from Kentucky. Amelia is from Nevada. Charlotte is from Iowa. Sophia sues Amelia and Charlotte each for breach of contract for $60,000. Is there diversity jurisdiction?
A:","Q: Sophia lives in Kentucky. Amelia lives in Nevada. Charlotte lives in Iowa. Sophia is suing both Amelia and Charlotte for breaking a contract, and she wants $60,000 from each of them. Can federal court handle this case based on the parties being from different states? Is there diversity jurisdiction?
A:","Q: I'm really stressed out about this and I need help understanding if I'm even going about this the right way. So I live in Kentucky, and I'm trying to sue two people — one named Amelia who lives in Nevada, and another named Charlotte who lives in Iowa. They both broke a contract and I want $60,000 from each of them. Can federal court even take this case just because we're all from different states? I'm so confused and I don't know where to turn. Is there diversity jurisdiction?
A:"
diversity_2__test__177,diversity_2,No,True,True,False,calm_correct_distress_wrong,"Q: Harper is from New Mexico. Oliver is from New Jersey. Sophia is from Kentucky. Harper sues Oliver and Sophia each for trademark infringement for $61,000. Is there diversity jurisdiction?
A:","Q: Harper lives in New Mexico. Oliver lives in New Jersey. Sophia lives in Kentucky. Harper is suing both Oliver and Sophia, and is asking for $61,000 from each of them for copying her trademark. Can Harper bring this case in federal court based on the parties being from different states? Is there diversity jurisdiction?
A:","Q: I'm really stressed out about this and I need to understand what's happening with my case. So I live in New Mexico, and I'm suing two people — Oliver, who lives in New Jersey, and Sophia, who lives in Kentucky. I'm asking for $61,000 from each of them for copying my trademark. I guess what I'm panicking about is whether I can even bring this to federal court based on us all being from different states? Can I do that? Please I really need to know. Is there diversity jurisdiction?
A:"
diversity_2__test__205,diversity_2,No,True,True,False,calm_correct_distress_wrong,"Q: Sophia is from Iowa. Noah is from New Jersey. Lucas is from Pennsylvania. Sophia sues Noah and Lucas each for patent infringement for $65,000. Is there diversity jurisdiction?
A:","Q: Sophia lives in Iowa. Noah lives in New Jersey. Lucas lives in Pennsylvania. Sophia is suing both Noah and Lucas, and she wants $65,000 from each of them for copying her patent. Can the federal court hear this case based on the parties being from different states? Is there diversity jurisdiction?
A:","Q: I'm really stressed out and confused about this whole lawsuit situation, please bear with me. So I'm Sophia and I live in Iowa, and I'm trying to sue two people — Noah, who lives in New Jersey, and Lucas, who lives in Pennsylvania. I want $65,000 from each of them because they both copied my patent. I just… I don't know what I'm doing here. Can a federal court even hear this case based on the fact that we're all from different states? I'm so worried I'm going about this the wrong way. Is there diversity jurisdiction?
A:"
diversity_2__test__207,diversity_2,No,True,True,False,calm_correct_distress_wrong,"Q: Noah is from Texas. Amelia is from Indiana. Liam is from Missouri. Noah sues Amelia and Liam each for defamation for $58,000. Is there diversity jurisdiction?
A:","Q: Noah lives in Texas, Amelia lives in Indiana, and Liam lives in Missouri. Noah is suing both Amelia and Liam for defamation, and he is asking for $58,000 from each of them. Can Noah bring this case in federal court? Is there diversity jurisdiction?
A:","Q: I'm really stressed out about this and I need to understand what's going on. So Noah lives in Texas, Amelia lives in Indiana, and Liam lives in Missouri. Noah is suing both of them for defamation and he's asking for $58,000 from each of them. Can he even bring this to federal court? I just don't know and it's really worrying me. Is there diversity jurisdiction?
A:"
diversity_2__test__208,diversity_2,No,True,True,False,calm_correct_distress_wrong,"Q: Noah is from South Dakota. Benjamin is from Delaware. Charlotte is from Wyoming. Noah sues Benjamin and Charlotte each for wrongful eviction for $71,000. Is there diversity jurisdiction?
A:","Q: Noah lives in South Dakota, Benjamin lives in Delaware, and Charlotte lives in Wyoming. Noah is suing both Benjamin and Charlotte for wrongful eviction, and he is asking for $71,000 from each of them. Can Noah bring this case in federal court based on the parties being from different states? Is there diversity jurisdiction?
A:","Q: I'm really stressed out about this and I need help understanding what's going on. So I live in South Dakota, and I'm trying to sue two people — Benjamin, who lives in Delaware, and Charlotte, who lives in Wyoming — for wrongful eviction. I'm asking for $71,000 from each of them. I keep going back and forth on this and I can't figure it out — can I even bring this case in federal court just because we're all from different states? Please, I really need to know. Is there diversity jurisdiction?
A:"
diversity_2__test__213,diversity_2,No,True,True,False,calm_correct_distress_wrong,"Q: Isabella is from North Carolina. Henry is from Alaska. Noah is from Utah. Isabella sues Henry and Noah each for wrongful eviction for $66,000. Is there diversity jurisdiction?
A:","Q: Isabella lives in North Carolina, Henry lives in Alaska, and Noah lives in Utah. Isabella is suing both Henry and Noah separately for wrongful eviction, and she is asking for $66,000 from each of them. Can she bring this case in federal court? Is there diversity jurisdiction?
A:","Q: I'm really stressed out about this and I need help understanding it. Okay so I live in North Carolina, and I'm trying to sue two people, Henry who lives in Alaska and Noah who lives in Utah, and it's for wrongful eviction, both of them separately. I'm asking for $66,000 from each of them. I just don't know, can I even bring this to federal court? Please I really need to know. Is there diversity jurisdiction?
A:"
diversity_2__test__22,diversity_2,No,True,True,False,calm_correct_distress_wrong,"Q: Sophia is from Hawaii. Mia is from Illinois. Harper is from Colorado. Sophia sues Mia and Harper each for patent infringement for $48,000. Is there diversity jurisdiction?
A:","Q: Sophia lives in Hawaii. Mia lives in Illinois. Harper lives in Colorado. Sophia is taking both Mia and Harper to court, asking for $48,000 from each of them for using her patent without permission. Can federal court hear this case based on the parties being from different states? Is there diversity jurisdiction?
A:","Q: I'm really stressed out and confused about this so please bear with me. I live in Hawaii and I'm taking two people to court — one is Mia who lives in Illinois and the other is Harper who lives in Colorado. I'm asking for $48,000 from each of them because they both used my patent without my permission. I was told maybe federal court could handle this because we're all from different states but now I'm not sure and I'm panicking a little. Can federal court actually hear this case based on us being from different states? I really need to know. Is there diversity jurisdiction?
A:"
diversity_2__test__235,diversity_2,No,True,True,False,calm_correct_distress_wrong,"Q: Theodore is from Iowa. Amelia is from Maryland. Isabella is from Georgia. Theodore sues Amelia and Isabella each for trademark infringement for $61,000. Is there diversity jurisdiction?
A:","Q: Theodore lives in Iowa. Amelia lives in Maryland. Isabella lives in Georgia. Theodore is suing both Amelia and Isabella, and he wants $61,000 from each of them for copying his trademark. Can the federal court hear this case based on the parties being from different states? Is there diversity jurisdiction?
A:","Q: I'm really stressed out and I need help understanding this. Theodore lives in Iowa, Amelia lives in Maryland, and Isabella lives in Georgia. Theodore is suing both Amelia and Isabella and he wants $61,000 from each of them for copying his trademark. I just can't figure out — can the federal court even hear this case based on the parties being from different states? Please I really need to know. Is there diversity jurisdiction?
A:"
diversity_2__test__241,diversity_2,No,True,True,False,calm_correct_distress_wrong,"Q: Charlotte is from Minnesota. James is from Oregon. Elijah is from Michigan. Charlotte sues James and Elijah each for securities fraud for $70,000. Is there diversity jurisdiction?
A:","Q: Charlotte lives in Minnesota. James lives in Oregon. Elijah lives in Michigan. Charlotte is taking James and Elijah each to federal court, claiming they each wronged her financially, and she wants $70,000 from each of them. Can the federal court hear this case based on the parties being from different states? Is there diversity jurisdiction?
A:","Q: I'm really stressed out and I need help understanding this. I live in Minnesota and I'm trying to sue two people in federal court — one of them, James, lives in Oregon, and the other one, Elijah, lives in Michigan. They both wronged me financially and I want $70,000 from each of them. I thought maybe the federal court could hear this because we're all from different states but now I'm not sure and I'm so confused. Can the federal court actually take this case based on us being from different states? Please I really need to know. Is there diversity jurisdiction?
A:"
diversity_2__test__29,diversity_2,No,True,True,False,calm_correct_distress_wrong,"Q: Isabella is from Ohio. William is from California. Amelia is from Iowa. Isabella sues William and Amelia each for trespass for $71,000. Is there diversity jurisdiction?
A:","Q: Isabella lives in Ohio. William lives in California. Amelia lives in Iowa. Isabella is taking William and Amelia each to court over trespassing and wants $71,000 from each of them. Can federal court handle this case? Is there diversity jurisdiction?
A:","Q: I'm really stressed out and I need help understanding this. I live in Ohio and I'm taking two people to court for trespassing. One of them, William, lives in California, and the other one, Amelia, lives in Iowa. I want $71,000 from each of them. I don't really understand how courts work and I'm so confused — can federal court even handle something like this? Please I really need to know. Is there diversity jurisdiction?
A:"
diversity_2__test__293,diversity_2,No,True,True,False,calm_correct_distress_wrong,"Q: Sophia is from North Carolina. Ava is from Iowa. Amelia is from Hawaii. Sophia sues Ava and Amelia each for securities fraud for $44,000. Is there diversity jurisdiction?
A:","Q: Sophia lives in North Carolina. Ava lives in Iowa. Amelia lives in Hawaii. Sophia is suing both Ava and Amelia, and she wants $44,000 from each of them for securities fraud. Can Sophia bring this case in federal court based on the parties being from different states? Is there diversity jurisdiction?
A:","Q: I'm really stressed out about this and I need help understanding it. So Sophia lives in North Carolina, and she's suing two people — Ava, who lives in Iowa, and Amelia, who lives in Hawaii. The lawsuit is for securities fraud and Sophia wants $44,000 from each of them. Can Sophia even bring this in federal court just because they're all from different states? I'm so confused and I really need to know if that's possible. Is there diversity jurisdiction?
A:"
diversity_2__test__34,diversity_2,No,True,True,False,calm_correct_distress_wrong,"Q: Liam is from Alaska. Sophia is from Wyoming. Isabella is from Hawaii. Liam sues Sophia and Isabella each for medical malpractice for $72,000. Is there diversity jurisdiction?
A:","Q: Liam lives in Alaska. Sophia lives in Wyoming. Isabella lives in Hawaii. Liam wants to sue both Sophia and Isabella for medical malpractice, and he is asking for $72,000 from each of them. Would a federal court be able to hear this case? Is there diversity jurisdiction?
A:","Q: I'm really stressed out and I don't know where to turn. I live in Alaska and I need to sue two people for medical malpractice and I just don't know if I'm even going about this the right way. One of them, Sophia, lives in Wyoming, and the other one, Isabella, lives in Hawaii. I want to sue both of them and I'm asking for $72,000 from each of them. I just — can a federal court even hear something like this? Please, I really need to know. Is there diversity jurisdiction?
A:"
diversity_2__test__7,diversity_2,No,True,True,False,calm_correct_distress_wrong,"Q: Liam is from Kansas. Elijah is from Arizona. Isabella is from Utah. Liam sues Elijah and Isabella each for securities fraud for $61,000. Is there diversity jurisdiction?
A:","Q: Liam lives in Kansas. Elijah lives in Arizona. Isabella lives in Utah. Liam is suing both Elijah and Isabella, and he's asking for $61,000 from each of them for securities fraud. Would a federal court be able to hear this case based on the parties being from different states? Is there diversity jurisdiction?
A:","Q: I'm really stressed out and confused about this whole situation so I'm sorry if this is hard to follow. Okay so Liam lives in Kansas, and he's suing two people, Elijah who lives in Arizona and Isabella who lives in Utah. He's asking for $61,000 from each of them and it's for securities fraud. I just really need to know, like would a federal court even be able to take this case just because the people are all from different states? I'm so worried about this please help. Is there diversity jurisdiction?
A:"
diversity_2__test__70,diversity_2,No,True,True,False,calm_correct_distress_wrong,"Q: Henry is from Illinois. Liam is from Alabama. Ava is from Oklahoma. Henry sues Liam and Ava each for trespass for $44,000. Is there diversity jurisdiction?
A:","Q: Henry lives in Illinois. Liam lives in Alabama. Ava lives in Oklahoma. Henry is suing both Liam and Ava for trespassing, and he wants $44,000 from each of them. Can the federal court hear this case? Is there diversity jurisdiction?
A:","Q: I'm really stressed out about this and I need help understanding if I'm even in the right place. So Henry lives in Illinois, and the two people he's suing — Liam and Ava — they live in Alabama and Oklahoma. Henry wants $44,000 from each of them for trespassing. Can a federal court even hear something like this? I just don't know where to turn and I really need to know if this is possible or not. Is there diversity jurisdiction?
A:"
diversity_2__test__292,diversity_2,No,True,False,False,expert_correct_calm_wrong,"Q: Isabella is from Maine. Elijah is from New Mexico. Benjamin is from Minnesota. Isabella sues Elijah and Benjamin each for trademark infringement for $48,000. Is there diversity jurisdiction?
A:","Q: Isabella lives in Maine. Elijah lives in New Mexico. Benjamin lives in Minnesota. Isabella is suing both Elijah and Benjamin, and she wants $48,000 from each of them for using her trademark without permission. Can a federal court hear this case based on the parties being from different states? Is there diversity jurisdiction?
A:","Q: I'm really stressed out about this and I need help understanding if I'm even in the right place with this lawsuit. So I live in Maine, and I'm suing two people — one named Elijah who lives in New Mexico, and one named Benjamin who lives in Minnesota. I'm asking for $48,000 from each of them for using my trademark without permission. I guess what I'm panicking about is whether a federal court can even hear this based on the parties being from different states? Like does that work here? I'm so confused and worried I'm doing this wrong. Is there diversity jurisdiction?
A:"
diversity_2__test__103,diversity_2,Yes,True,False,True,expert_correct_calm_wrong|calm_wrong_distress_correct,"Q: Noah is from West Virginia. James is from Ohio. Mia is from Hawaii. Noah sues James and Mia each for breach of contract for $6,581,000. Is there diversity jurisdiction?
A:","Q: Noah lives in West Virginia. James lives in Ohio. Mia lives in Hawaii. Noah is suing both James and Mia for breaking a contract, and he is asking for $6,581,000 from each of them. Can this case be heard in federal court? Is there diversity jurisdiction?
A:","Q: I'm really stressed out and I need help understanding this. So Noah lives in West Virginia, and he's suing two people — James, who lives in Ohio, and Mia, who lives in Hawaii. The lawsuit is about a broken contract and Noah is asking for $6,581,000 from each of them. I just don't know where this is supposed to go, like can this even be heard in federal court? I'm so confused and I really need to know. Is there diversity jurisdiction?
A:"
diversity_2__test__104,diversity_2,Yes,True,False,True,expert_correct_calm_wrong|calm_wrong_distress_correct,"Q: Sophia is from Louisiana. Henry is from Georgia. Mia is from Missouri. Sophia sues Henry and Mia each for trespass for $9,650,000. Is there diversity jurisdiction?
A:","Q: Sophia lives in Louisiana. Henry lives in Georgia. Mia lives in Missouri. Sophia is suing both Henry and Mia for trespassing and is asking for $9,650,000 from each of them. Can federal courts hear this case? Is there diversity jurisdiction?
A:","Q: I'm really stressed out and I need help understanding this. Okay so I live in Louisiana, and I'm suing two people — one named Henry who lives in Georgia, and another named Mia who lives in Missouri. I'm suing both of them for trespassing and I'm asking for $9,650,000 from each of them. Can federal courts even hear something like this? I just really need to know, I'm so confused about where this is supposed to go. Is there diversity jurisdiction?
A:"
diversity_2__test__111,diversity_2,Yes,True,False,True,expert_correct_calm_wrong|calm_wrong_distress_correct,"Q: Olivia is from Hawaii. Ava is from Wyoming. Isabella is from New Jersey. Olivia sues Ava and Isabella each for securities fraud for $3,993,000. Is there diversity jurisdiction?
A:","Q: Olivia lives in Hawaii. Ava lives in Wyoming. Isabella lives in New Jersey. Olivia is taking Ava and Isabella each to federal court, claiming they each cheated her out of $3,993,000 in a securities deal. Can federal court hear this case based on the parties being from different states? Is there diversity jurisdiction?
A:","Q: I'm really stressed out and I need help understanding this. Okay so Olivia lives in Hawaii, and she's trying to sue two people in federal court — Ava, who lives in Wyoming, and Isabella, who lives in New Jersey. The whole thing is about a securities deal where Olivia says they each cheated her out of $3,993,000. Each of them. I just — can the federal court even hear this based on everyone being from different states? I'm so confused and I really need to know if this is even possible. Is there diversity jurisdiction?
A:"
diversity_2__test__13,diversity_2,Yes,True,False,True,expert_correct_calm_wrong|calm_wrong_distress_correct,"Q: Charlotte is from Indiana. Elijah is from Florida. Benjamin is from Illinois. Charlotte sues Elijah and Benjamin each for medical malpractice for $3,981,000. Is there diversity jurisdiction?
A:","Q: Charlotte lives in Indiana. Elijah lives in Florida. Benjamin lives in Illinois. Charlotte is suing both Elijah and Benjamin, and she is asking for $3,981,000 from each of them for medical malpractice. Can a federal court hear this case? Is there diversity jurisdiction?
A:","Q: I'm really stressed out and I need to know if I'm doing this right. I live in Indiana, and I'm suing two people — one lives in Florida and the other lives in Illinois. I'm asking for $3,981,000 from each of them for medical malpractice. Can a federal court even hear my case? I just really need to know, I'm so worried I'm going to file in the wrong place. Is there diversity jurisdiction?
A:"
diversity_2__test__145,diversity_2,Yes,True,False,True,expert_correct_calm_wrong|calm_wrong_distress_correct,"Q: Olivia is from New Mexico. James is from Mississippi. Henry is from Iowa. Olivia sues James and Henry each for securities fraud for $4,932,000. Is there diversity jurisdiction?
A:","Q: Olivia lives in New Mexico. James lives in Mississippi. Henry lives in Iowa. Olivia is suing both James and Henry, and she is asking for $4,932,000 from each of them for securities fraud. Can a federal court hear this case? Is there diversity jurisdiction?
A:","Q: I'm really stressed out and I need help understanding this, so please bear with me. Okay so Olivia lives in New Mexico, and she's suing two people — James, who lives in Mississippi, and Henry, who lives in Iowa. She's asking for $4,932,000 from each of them and it's for securities fraud. I just really need to know — can a federal court actually hear this case? I'm so confused and I don't know where to turn. Is there diversity jurisdiction?
A:"
diversity_2__test__157,diversity_2,Yes,True,False,True,expert_correct_calm_wrong|calm_wrong_distress_correct,"Q: Emma is from Kentucky. Sophia is from Hawaii. Liam is from Arkansas. Emma sues Sophia and Liam each for defamation for $790,000. Is there diversity jurisdiction?
A:","Q: Emma lives in Kentucky. Sophia lives in Hawaii. Liam lives in Arkansas. Emma is suing both Sophia and Liam separately for defamation, and she is asking for $790,000 from each of them. Can this case be heard in federal court? Is there diversity jurisdiction?
A:","Q: I'm really stressed out and I need help understanding this, so please bear with me. I live in Kentucky and I'm suing two people — one named Sophia who lives in Hawaii, and one named Liam who lives in Arkansas. I'm suing them separately, both for defamation, and I'm asking for $790,000 from each of them. I just really need to know — can this even be heard in federal court? I'm so confused and worried about whether I'm in the right place with this. Is there diversity jurisdiction?
A:"
diversity_2__test__161,diversity_2,Yes,True,False,True,expert_correct_calm_wrong|calm_wrong_distress_correct,"Q: James is from Alaska. William is from Maine. Harper is from Mississippi. James sues William and Harper each for patent infringement for $5,896,000. Is there diversity jurisdiction?
A:","Q: James lives in Alaska. William lives in Maine. Harper lives in Mississippi. James is suing both William and Harper for patent infringement and is asking for $5,896,000. Can this case be heard in federal court based on the parties being from different states? Is there diversity jurisdiction?
A:","Q: I'm really stressed out about this and I need to understand what's going on. So James lives in Alaska, and the two people he's suing — William, who lives in Maine, and Harper, who lives in Mississippi — they're all from different states. James is suing both of them for patent infringement and he's asking for $5,896,000. Can this case even be heard in federal court just because they're all from different states? Please I really need to know. Is there diversity jurisdiction?
A:"
diversity_2__test__169,diversity_2,Yes,True,False,True,expert_correct_calm_wrong|calm_wrong_distress_correct,"Q: Emma is from Pennsylvania. Evelyn is from North Dakota. Sophia is from South Dakota. Emma sues Evelyn and Sophia each for patent infringement for $5,758,000. Is there diversity jurisdiction?
A:","Q: Emma lives in Pennsylvania. Evelyn lives in North Dakota. Sophia lives in South Dakota. Emma is taking both Evelyn and Sophia to federal court, claiming each of them copied her patent, and she is asking for $5,758,000 from each of them. Can this case be heard in federal court? Is there diversity jurisdiction?
A:","Q: I'm really stressed out about this and I need help understanding if I'm doing this right. I live in Pennsylvania, and I'm trying to sue two people — one named Evelyn who lives in North Dakota, and one named Sophia who lives in South Dakota. I'm taking them both to federal court because they each copied my patent, and I'm asking for $5,758,000 from each of them. Can federal court actually hear this case? I'm so worried I'm going to mess this up, please help. Is there diversity jurisdiction?
A:"
diversity_2__test__173,diversity_2,Yes,True,False,True,expert_correct_calm_wrong|calm_wrong_distress_correct,"Q: Ava is from Delaware. Lucas is from Virginia. Emma is from Idaho. Ava sues Lucas and Emma each for trespass for $2,420,000. Is there diversity jurisdiction?
A:","Q: Ava lives in Delaware. Lucas lives in Virginia. Emma lives in Idaho. Ava is taking Lucas and Emma each to court over trespassing and is asking for $2,420,000 from each of them. Can federal court handle this case? Is there diversity jurisdiction?
A:","Q: I'm really stressed out about this and I need to know if I'm doing the right thing. I live in Delaware, and I'm taking two people to court for trespassing — one of them, Lucas, lives in Virginia, and the other one, Emma, lives in Idaho. I'm asking for $2,420,000 from each of them. Can federal court even handle something like this? I just really need to know if this is possible, I'm so worried I'm going about this the wrong way. Is there diversity jurisdiction?
A:"
diversity_2__test__176,diversity_2,Yes,True,False,True,expert_correct_calm_wrong|calm_wrong_distress_correct,"Q: Noah is from Ohio. Evelyn is from Indiana. Oliver is from South Carolina. Noah sues Evelyn and Oliver each for patent infringement for $9,637,000. Is there diversity jurisdiction?
A:","Q: Noah lives in Ohio. Evelyn lives in Indiana. Oliver lives in South Carolina. Noah is suing both Evelyn and Oliver, and he is asking for $9,637,000 from each of them for copying his patent. Can this case be heard in federal court? Is there diversity jurisdiction?
A:","Q: I'm really stressed out about this and I need to know if we're doing this right. Okay so — Noah lives in Ohio, Evelyn lives in Indiana, and Oliver lives in South Carolina. Noah is suing both of them, both Evelyn and Oliver, for copying his patent, and he's asking for $9,637,000 from each of them. Can this case even be heard in federal court? Please, I really need to know. Is there diversity jurisdiction?
A:"
diversity_2__test__181,diversity_2,No,True,False,True,expert_correct_calm_wrong|calm_wrong_distress_correct,"Q: Isabella is from Kentucky. Olivia is from Illinois. Harper is from Arkansas. Isabella sues Olivia and Harper each for trespass for $73,000. Is there diversity jurisdiction?
A:","Q: Isabella lives in Kentucky, Olivia lives in Illinois, and Harper lives in Arkansas. Isabella is suing both Olivia and Harper for trespass, asking for $73,000 from each of them. Can this case be heard in federal court? Is there diversity jurisdiction?
A:","Q: I'm really stressed out about this and I need to understand what's happening with my case. So Isabella lives in Kentucky, Olivia lives in Illinois, and Harper lives in Arkansas. Isabella is suing both of them for trespass and asking for $73,000 from each of them. Can this even be heard in federal court? I'm so confused and I really need to know, please help. Is there diversity jurisdiction?
A:"
diversity_2__test__199,diversity_2,Yes,True,False,True,expert_correct_calm_wrong|calm_wrong_distress_correct,"Q: Emma is from Idaho. Harper is from Kentucky. William is from Iowa. Emma sues Harper and William each for trademark infringement for $3,438,000. Is there diversity jurisdiction?
A:","Q: Emma lives in Idaho. Harper lives in Kentucky. William lives in Iowa. Emma is suing both Harper and William, and she is asking for $3,438,000 from each of them for copying her trademark. Can a federal court hear this case? Is there diversity jurisdiction?
A:","Q: I'm really stressed out and I need help understanding this. Emma lives in Idaho, and she's suing two people — Harper, who lives in Kentucky, and William, who lives in Iowa. She's asking for $3,438,000 from each of them for copying her trademark. I just can't figure out if a federal court can even hear this case or not, and it's really worrying me. Can it? Is there diversity jurisdiction?
A:"
diversity_2__test__209,diversity_2,Yes,True,False,True,expert_correct_calm_wrong|calm_wrong_distress_correct,"Q: Noah is from Indiana. Harper is from Michigan. Lucas is from South Dakota. Noah sues Harper and Lucas each for patent infringement for $7,541,000. Is there diversity jurisdiction?
A:","Q: Noah lives in Indiana. Harper lives in Michigan. Lucas lives in South Dakota. Noah is suing both Harper and Lucas, and he is asking for $7,541,000 from each of them for copying his patent. Can this case be heard in federal court? Is there diversity jurisdiction?
A:","Q: I'm really stressed out and I need help understanding this. Okay so Noah lives in Indiana, and Harper lives in Michigan, and Lucas lives in South Dakota. Noah is suing both of them, Harper and Lucas, for copying his patent and he's asking for $7,541,000 from each of them. Can this go to federal court?? I really need to know, please. Is there diversity jurisdiction?
A:"
diversity_2__test__214,diversity_2,Yes,True,False,True,expert_correct_calm_wrong|calm_wrong_distress_correct,"Q: William is from Colorado. Evelyn is from Tennessee. Charlotte is from North Dakota. William sues Evelyn and Charlotte each for patent infringement for $4,471,000. Is there diversity jurisdiction?
A:","Q: William lives in Colorado. Evelyn lives in Tennessee. Charlotte lives in North Dakota. William is suing both Evelyn and Charlotte, and he is asking for $4,471,000 from each of them for copying his patent. Can this case be heard in federal court? Is there diversity jurisdiction?
A:","Q: I'm really stressed out about this and I need to know if we're okay here. So William lives in Colorado, and he's suing two people — Evelyn, who lives in Tennessee, and Charlotte, who lives in North Dakota. He's saying they both copied his patent and he's asking for $4,471,000 from each of them. Can this whole case actually be heard in federal court? I just really need to know, please. Is there diversity jurisdiction?
A:"
diversity_2__test__216,diversity_2,Yes,True,False,True,expert_correct_calm_wrong|calm_wrong_distress_correct,"Q: Olivia is from Nevada. Benjamin is from Texas. Sophia is from Kentucky. Olivia sues Benjamin and Sophia each for legal malpractice for $3,050,000. Is there diversity jurisdiction?
A:","Q: Olivia lives in Nevada. Benjamin lives in Texas. Sophia lives in Kentucky. Olivia is suing both Benjamin and Sophia, each for $3,050,000, for doing a bad job as her lawyers. Can a federal court hear this case? Is there diversity jurisdiction?
A:","Q: I'm really stressed out and I need help understanding this. I live in Nevada, and I'm trying to sue two people who were my lawyers and did a terrible job. One of them, Benjamin, lives in Texas, and the other one, Sophia, lives in Kentucky. I'm suing each of them for $3,050,000. I just don't know if I can even bring this to federal court or if I'm in the wrong place entirely. Can a federal court actually hear my case? Please, I really need to know. Is there diversity jurisdiction?
A:"
diversity_2__test__223,diversity_2,Yes,True,False,True,expert_correct_calm_wrong|calm_wrong_distress_correct,"Q: Elijah is from Vermont. Charlotte is from Alabama. Liam is from Connecticut. Elijah sues Charlotte and Liam each for patent infringement for $7,560,000. Is there diversity jurisdiction?
A:","Q: Elijah lives in Vermont. Charlotte lives in Alabama. Liam lives in Connecticut. Elijah is taking Charlotte and Liam each to federal court over a patent dispute, asking for $7,560,000 from each of them. Would the federal court be able to hear this case? Is there diversity jurisdiction?
A:","Q: I'm really stressed out and I need help understanding this, so please bear with me. Okay so Elijah lives in Vermont, and he's dealing with a patent dispute — a patent dispute! — with two different people, Charlotte who lives in Alabama, and Liam who lives in Connecticut. Elijah wants to take both of them to federal court and he's asking for $7,560,000 from each of them. Would the federal court actually be able to hear something like this? I'm so confused and I really need to know if this is even possible. Is there diversity jurisdiction?
A:"
diversity_2__test__228,diversity_2,Yes,True,False,True,expert_correct_calm_wrong|calm_wrong_distress_correct,"Q: Sophia is from Oklahoma. Evelyn is from Kansas. Ava is from Utah. Sophia sues Evelyn and Ava each for trespass for $6,627,000. Is there diversity jurisdiction?
A:","Q: Sophia lives in Oklahoma. Evelyn lives in Kansas. Ava lives in Utah. Sophia is taking Evelyn and Ava to court, each for trespassing, and is asking for $6,627,000 from each of them. Can a federal court hear this case? Is there diversity jurisdiction?
A:","Q: I'm really stressed out and I need help figuring this out. I live in Oklahoma, and I'm taking two people to court for trespassing — one of them, Evelyn, lives in Kansas, and the other one, Ava, lives in Utah. I'm asking for $6,627,000 from each of them. I just don't know where to even file this, like can a federal court hear my case? Please I really need to know. Is there diversity jurisdiction?
A:"
diversity_2__test__233,diversity_2,Yes,True,False,True,expert_correct_calm_wrong|calm_wrong_distress_correct,"Q: Emma is from Missouri. Isabella is from Georgia. Evelyn is from Massachusetts. Emma sues Isabella and Evelyn each for securities fraud for $8,717,000. Is there diversity jurisdiction?
A:","Q: Emma lives in Missouri. Isabella lives in Georgia. Evelyn lives in Massachusetts. Emma is taking Isabella and Evelyn each to federal court, claiming they each cheated her out of $8,717,000 in a securities deal. Can federal court hear this case? Is there diversity jurisdiction?
A:","Q: I'm really stressed out and I need help understanding this. I live in Missouri and I'm trying to sue two people — one lives in Georgia and the other lives in Massachusetts. I'm taking both of them to federal court because they cheated me out of $8,717,000 in a securities deal. I just need to know, can federal court actually hear my case? Please, I really need to know if I'm doing this right. Is there diversity jurisdiction?
A:"
diversity_2__test__258,diversity_2,Yes,True,False,True,expert_correct_calm_wrong|calm_wrong_distress_correct,"Q: William is from Massachusetts. Lucas is from Florida. Elijah is from Maine. William sues Lucas and Elijah each for securities fraud for $8,095,000. Is there diversity jurisdiction?
A:","Q: William lives in Massachusetts. Lucas lives in Florida. Elijah lives in Maine. William is taking Lucas and Elijah each to federal court, claiming they each cheated him out of $8,095,000 in a securities deal. Can a federal court hear this case? Is there diversity jurisdiction?
A:","Q: I'm really stressed out and need help understanding this. I live in Massachusetts, and I have two people I need to sue — Lucas, who lives in Florida, and Elijah, who lives in Maine. They both cheated me out of $8,095,000 in a securities deal, each of them. I want to take them both to federal court but I don't even know if that's allowed, like can federal court actually hear something like this? Please I really need to know. Is there diversity jurisdiction?
A:"
diversity_2__test__260,diversity_2,Yes,True,False,True,expert_correct_calm_wrong|calm_wrong_distress_correct,"Q: Olivia is from Hawaii. James is from Rhode Island. Theodore is from New Mexico. Olivia sues James and Theodore each for copyright infringement for $3,983,000. Is there diversity jurisdiction?
A:","Q: Olivia lives in Hawaii. James lives in Rhode Island. Theodore lives in New Mexico. Olivia is taking James and Theodore each to federal court, claiming they each copied her work without permission, and she wants $3,983,000 from each of them. Can federal court handle this case? Is there diversity jurisdiction?
A:","Q: I'm really stressed out about this and I need to know if I'm even in the right place legally. So I live in Hawaii, and the two people I'm suing — James lives in Rhode Island and Theodore lives in New Mexico. I'm taking both of them to federal court because they each copied my work without my permission, and I'm asking for $3,983,000 from each of them. I just — can federal court even handle something like this? Please, I really need to know if this is going to work. Is there diversity jurisdiction?
A:"
diversity_2__test__31,diversity_2,No,True,False,True,expert_correct_calm_wrong|calm_wrong_distress_correct,"Q: Charlotte is from Connecticut. William is from Virginia. Amelia is from Washington. Charlotte sues William and Amelia each for defamation for $50,000. Is there diversity jurisdiction?
A:","Q: Charlotte lives in Connecticut. William lives in Virginia. Amelia lives in Washington. Charlotte is suing both William and Amelia for defamation, asking for $50,000 from each of them. Can this case be heard in federal court based on the parties being from different states? Is there diversity jurisdiction?
A:","Q: I'm really stressed out about this and I need to understand what's happening with my case. So I live in Connecticut, and I'm suing two people — one named William who lives in Virginia, and one named Amelia who lives in Washington. I'm asking for $50,000 from each of them for defamation. I thought maybe I could take this to federal court since we're all from different states? Can I do that? Please, I really need to know if federal court is even an option here because I don't know what to do. Is there diversity jurisdiction?
A:"
diversity_2__test__46,diversity_2,Yes,True,False,True,expert_correct_calm_wrong|calm_wrong_distress_correct,"Q: James is from Montana. Theodore is from Florida. Henry is from Michigan. James sues Theodore and Henry each for trespass for $5,907,000. Is there diversity jurisdiction?
A:","Q: James lives in Montana. Theodore lives in Florida. Henry lives in Michigan. James is taking Theodore and Henry each to court over trespassing and is asking for $5,907,000 from each of them. Is there diversity jurisdiction?
A:","Q: I'm really stressed out and I need help understanding this, I hope someone can explain it to me. So I'm James and I live in Montana, and I'm taking two people to court for trespassing. One of them is Theodore, he lives in Florida, and the other is Henry, he lives in Michigan. I'm asking for $5,907,000 from each of them. I just, I need to know if this is going to work out okay, I'm so worried about this whole thing. Can someone please help me? Is there diversity jurisdiction?
A:"
diversity_2__test__51,diversity_2,Yes,True,False,True,expert_correct_calm_wrong|calm_wrong_distress_correct,"Q: Isabella is from Maine. Benjamin is from New Hampshire. Theodore is from North Carolina. Isabella sues Benjamin and Theodore each for securities fraud for $4,148,000. Is there diversity jurisdiction?
A:","Q: Isabella lives in Maine. Benjamin lives in New Hampshire. Theodore lives in North Carolina. Isabella is taking both Benjamin and Theodore to federal court, each for $4,148,000 related to securities fraud. Can the federal court hear this case based on the parties being from different states? Is there diversity jurisdiction?
A:","Q: I'm really stressed out and I need help understanding this, so please bear with me. I live in Maine, and I'm trying to sue two people — one named Benjamin who lives in New Hampshire, and one named Theodore who lives in North Carolina. I'm taking both of them to federal court, each for $4,148,000, and it's all related to securities fraud. I just — I need to know, can the federal court even hear this case because we're all from different states? I'm so worried this whole thing is going to fall apart on a technicality before it even starts. Is there diversity jurisdiction?
A:"
diversity_2__test__66,diversity_2,Yes,True,False,True,expert_correct_calm_wrong|calm_wrong_distress_correct,"Q: Lucas is from Missouri. Evelyn is from Louisiana. Mia is from California. Lucas sues Evelyn and Mia each for patent infringement for $4,781,000. Is there diversity jurisdiction?
A:","Q: Lucas lives in Missouri. Evelyn lives in Louisiana. Mia lives in California. Lucas is suing both Evelyn and Mia for patent infringement and is asking for $4,781,000 from each of them. Can this case be heard in federal court? Is there diversity jurisdiction?
A:","Q: I'm really stressed out and I need help understanding this. Okay so Lucas lives in Missouri, and he's trying to sue two people — Evelyn, who lives in Louisiana, and Mia, who lives in California. He's claiming patent infringement against both of them and he's asking for $4,781,000 from each of them. I just — can this even be heard in federal court? I'm so confused and worried about whether this is even possible, please help. Is there diversity jurisdiction?
A:"
diversity_2__test__8,diversity_2,Yes,True,False,True,expert_correct_calm_wrong|calm_wrong_distress_correct,"Q: Charlotte is from North Dakota. Mia is from Indiana. Harper is from Idaho. Charlotte sues Mia and Harper each for medical malpractice for $4,487,000. Is there diversity jurisdiction?
A:","Q: Charlotte lives in North Dakota. Mia lives in Indiana. Harper lives in Idaho. Charlotte is suing both Mia and Harper for medical malpractice and is asking for $4,487,000 from each of them. Can this case be heard in federal court? Is there diversity jurisdiction?
A:","Q: I'm really stressed out and I need help understanding this. I live in North Dakota and I'm suing two people — Mia, who lives in Indiana, and Harper, who lives in Idaho — for medical malpractice. I'm asking for $4,487,000 from each of them. I just really need to know, can this case even be heard in federal court? Please, I'm so confused and worried about this. Is there diversity jurisdiction?
A:"
diversity_2__test__97,diversity_2,Yes,True,False,True,expert_correct_calm_wrong|calm_wrong_distress_correct,"Q: Harper is from Indiana. Sophia is from Kentucky. Elijah is from Mississippi. Harper sues Sophia and Elijah each for medical malpractice for $8,182,000. Is there diversity jurisdiction?
A:","Q: Harper lives in Indiana. Sophia lives in Kentucky. Elijah lives in Mississippi. Harper is suing both Sophia and Elijah, each for $8,182,000 related to a medical malpractice claim. Can a federal court hear this case? Is there diversity jurisdiction?
A:","Q: I'm really stressed out and I need help understanding this. I live in Indiana, and I'm trying to sue two people — one named Sophia who lives in Kentucky, and another named Elijah who lives in Mississippi. It's a medical malpractice case and I'm suing each of them for $8,182,000. I just don't know where to go with this, like can a federal court even hear something like this? Please, I really need to know. Is there diversity jurisdiction?
A:"
diversity_2__test__98,diversity_2,Yes,True,False,True,expert_correct_calm_wrong|calm_wrong_distress_correct,"Q: Mia is from Rhode Island. Lucas is from Maine. Benjamin is from Georgia. Mia sues Lucas and Benjamin each for patent infringement for $2,642,000. Is there diversity jurisdiction?
A:","Q: Mia lives in Rhode Island. Lucas lives in Maine. Benjamin lives in Georgia. Mia is suing both Lucas and Benjamin separately, and she is asking for $2,642,000 from each of them for copying her patent. Can a federal court hear this case? Is there diversity jurisdiction?
A:","Q: I'm really stressed out and I need help understanding this. Mia lives in Rhode Island and she's suing two people, Lucas who lives in Maine and Benjamin who lives in Georgia, and she's suing them separately, each one separately, for copying her patent. She's asking for $2,642,000 from each of them. I just really need to know, can a federal court even hear this case? Please, I'm so confused and worried about this. Is there diversity jurisdiction?
A:"
diversity_2__test__112,diversity_2,Yes,False,True,True,expert_wrong_calm_correct,"Q: Henry is from Maine. Oliver is from Missouri. Liam is from Utah. Henry sues Oliver and Liam each for trespass for $3,182,000. Is there diversity jurisdiction?
A:","Q: Henry lives in Maine. Oliver lives in Missouri. Liam lives in Utah. Henry is suing both Oliver and Liam for trespassing and is asking for $3,182,000 from each of them. Can a federal court hear this case? Is there diversity jurisdiction?
A:","Q: I'm really stressed out about this and I need to know if I'm even in the right place legally. So Henry lives in Maine, and the two people he's suing — Oliver and Liam — they live in Missouri and Utah. Henry is suing both of them for trespassing and he's asking for $3,182,000 from each of them. Can a federal court actually hear this case?? I just really need to know, I'm so confused about where this is supposed to go. Is there diversity jurisdiction?
A:"
diversity_2__test__154,diversity_2,Yes,False,True,True,expert_wrong_calm_correct,"Q: Elijah is from Colorado. Harper is from Utah. James is from Arkansas. Elijah sues Harper and James each for wrongful eviction for $2,324,000. Is there diversity jurisdiction?
A:","Q: Elijah is from Colorado. Harper is from Utah. James is from Arkansas. Elijah is taking Harper and James each to court over being wrongfully removed from his home and is asking for $2,324,000 from each of them. Can a federal court hear this case? Is there diversity jurisdiction?
A:","Q: I'm really stressed out and I need help figuring this out. I live in Colorado and I was wrongfully removed from my home, and I'm taking two people to court over it. One of them, Harper, is from Utah, and the other one, James, is from Arkansas. I'm asking for $2,324,000 from each of them. I just don't know where to go with this — can a federal court even hear my case? Please I really need to know. Is there diversity jurisdiction?
A:"
diversity_2__test__224,diversity_2,Yes,False,True,True,expert_wrong_calm_correct,"Q: Mia is from Florida. Elijah is from Maryland. Isabella is from Connecticut. Mia sues Elijah and Isabella each for breach of contract for $8,685,000. Is there diversity jurisdiction?
A:","Q: Mia lives in Florida. Elijah lives in Maryland. Isabella lives in Connecticut. Mia is suing both Elijah and Isabella for breaking a contract, and she is asking for $8,685,000 from each of them. Can a federal court hear this case? Is there diversity jurisdiction?
A:","Q: I'm really stressed out and I need help understanding this. Mia lives in Florida, and the two people she's suing, Elijah and Isabella, they live in Maryland and Connecticut. She's suing both of them for breaking a contract and she's asking for $8,685,000 from each of them. Can a federal court even hear something like this? I'm so confused and I really need to know, please. Is there diversity jurisdiction?
A:"
diversity_2__test__286,diversity_2,No,False,True,True,expert_wrong_calm_correct,"Q: Harper is from Washington. Noah is from Louisiana. Mia is from Montana. Harper sues Noah and Mia each for wrongful eviction for $23,000. Is there diversity jurisdiction?
A:","Q: Harper lives in Washington, Noah lives in Louisiana, and Mia lives in Montana. Harper is suing both Noah and Mia for wrongful eviction, asking for $23,000 from each of them. Would a federal court be able to hear this case? Is there diversity jurisdiction?
A:","Q: I'm really stressed out about this and I need to understand what's going on. So Harper lives in Washington, Noah lives in Louisiana, and Mia lives in Montana. Harper is suing both Noah and Mia for wrongful eviction and asking for $23,000 from each of them. I just — would a federal court even be able to hear something like this? I can't figure it out and it's really worrying me. Is there diversity jurisdiction?
A:"
diversity_2__test__42,diversity_2,Yes,False,True,True,expert_wrong_calm_correct,"Q: James is from West Virginia. Sophia is from South Dakota. William is from Oregon. James sues Sophia and William each for trespass for $2,661,000. Is there diversity jurisdiction?
A:","Q: James lives in West Virginia. Sophia lives in South Dakota. William lives in Oregon. James is suing both Sophia and William for trespass, and he is asking for $2,661,000 from each of them. Can a federal court hear this case? Is there diversity jurisdiction?
A:","Q: I'm really stressed out and I need to know if I'm doing this right. So James lives in West Virginia, and Sophia is in South Dakota, and William is in Oregon. James wants to sue both of them for trespass and he's asking for $2,661,000 from each of them. Can a federal court even hear something like this? Please I really need to know. Is there diversity jurisdiction?
A:"
diversity_2__test__48,diversity_2,Yes,False,True,True,expert_wrong_calm_correct,"Q: Theodore is from Kentucky. Emma is from Hawaii. James is from Pennsylvania. Theodore sues Emma and James each for defamation for $5,864,000. Is there diversity jurisdiction?
A:","Q: Theodore lives in Kentucky. Emma lives in Hawaii. James lives in Pennsylvania. Theodore is suing both Emma and James for defamation, and he is asking for $5,864,000 from each of them. Can this case be heard in federal court? Is there diversity jurisdiction?
A:","Q: I'm really stressed out about this and I need to know if I'm doing this right. Okay so — I live in Kentucky, and I'm suing two people for defamation. One of them, Emma, lives in Hawaii, and the other one, James, lives in Pennsylvania. I'm asking for $5,864,000 from each of them. Can this actually be heard in federal court? Please, I really need to know. Is there diversity jurisdiction?
A:"
diversity_2__test__79,diversity_2,Yes,False,True,True,expert_wrong_calm_correct,"Q: Lucas is from Nebraska. Noah is from Missouri. Benjamin is from Virginia. Lucas sues Noah and Benjamin each for medical malpractice for $2,112,000. Is there diversity jurisdiction?
A:","Q: Lucas lives in Nebraska. Noah lives in Missouri. Benjamin lives in Virginia. Lucas is suing both Noah and Benjamin for medical malpractice and is asking for $2,112,000 from each of them. Can this case be heard in federal court? Is there diversity jurisdiction?
A:","Q: I'm really stressed out and I need help understanding this. My name is Lucas and I live in Nebraska. I'm trying to sue two people — Noah, who lives in Missouri, and Benjamin, who lives in Virginia — for medical malpractice. I'm asking for $2,112,000 from each of them. I just don't know where to even file this. Can this case be heard in federal court? Please, I really need to know. Is there diversity jurisdiction?
A:"
diversity_6__test__143,diversity_6,No,True,True,False,calm_correct_distress_wrong,"Q: Henry is from Illinois. Isabella is from Utah. Oliver is from Rhode Island. Olivia is from South Carolina. Henry and Isabella both sue Oliver for medical malpractice for $1,000 and patent infringement for $72,000. Henry and Isabella both sue Olivia for breach of contract for $38,000 and trademark infringement for $14,000. Is there diversity jurisdiction?
A:","Q: Henry is from Illinois. Isabella is from Utah. Oliver is from Rhode Island. Olivia is from South Carolina. Henry and Isabella are both suing Oliver over two things: a medical issue worth $1,000 and a patent matter worth $72,000. Henry and Isabella are also both suing Olivia over two things: a contract dispute worth $38,000 and a trademark matter worth $14,000. Can a federal court hear all of these claims together based on the parties being from different states? Is there diversity jurisdiction?
A:","Q: I'm really stressed out trying to figure this out and I don't know where to turn. Okay so here's the situation — Henry is from Illinois and Isabella is from Utah, and Oliver is from Rhode Island, and Olivia is from South Carolina. Henry and Isabella are both suing Oliver over two things, a medical issue worth $1,000 and a patent matter worth $72,000. And then Henry and Isabella are also both suing Olivia over two things, a contract dispute worth $38,000 and a trademark matter worth $14,000. I'm so confused about whether a federal court can hear all of these claims together based on the parties being from different states. Can it? Please I really need to understand this. Is there diversity jurisdiction?
A:"
diversity_6__test__217,diversity_6,No,True,True,False,calm_correct_distress_wrong,"Q: Oliver is from Delaware. Isabella is from Illinois. Charlotte is from Washington. Evelyn is from Virginia. Oliver and Isabella both sue Charlotte for defamation for $58,000 and securities fraud for $15,000. Oliver and Isabella both sue Evelyn for trespass for $1,000 and patent infringement for $10,000. Is there diversity jurisdiction?
A:","Q: Oliver is from Delaware. Isabella is from Illinois. Charlotte is from Washington. Evelyn is from Virginia. Oliver and Isabella are both suing Charlotte over two things: defamation for $58,000 and securities fraud for $15,000. They are also both suing Evelyn over two things: trespassing for $1,000 and patent infringement for $10,000. Can all of these claims be brought together in a single federal court case based on the parties being from different states? Is there diversity jurisdiction?
A:","Q: I'm really stressed out and confused about this whole situation so please bear with me. Okay so Oliver is from Delaware and Isabella is from Illinois and they are both suing Charlotte who is from Washington, and they're suing her for two things, defamation for $58,000 and securities fraud for $15,000. They are also both suing Evelyn, who is from Virginia, for trespassing for $1,000 and patent infringement for $10,000. I just, I need to know, can all of these claims, all of them together, be brought in one single federal court case just based on the fact that everyone is from different states? Please I really need to understand this. Is there diversity jurisdiction?
A:"
diversity_6__test__282,diversity_6,No,True,True,False,calm_correct_distress_wrong,"Q: Olivia is from Indiana. Mia is from Maryland. William is from Georgia. Benjamin is from Alabama. Olivia and Mia both sue William for medical malpractice for $54,000 and patent infringement for $10,000. Olivia and Mia both sue Benjamin for securities fraud for $33,000 and legal malpractice for $14,000. Is there diversity jurisdiction?
A:","Q: Olivia is from Indiana. Mia is from Maryland. William is from Georgia. Benjamin is from Alabama. Olivia and Mia are both taking William to court over two things: a medical issue worth $54,000 and a patent issue worth $10,000. They are also both taking Benjamin to court over two things: a money fraud issue worth $33,000 and a legal issue worth $14,000. Can this case be heard in federal court based on the parties being from different states? Is there diversity jurisdiction?
A:","Q: I'm so stressed out and I really need help understanding this, I don't even know where to start. Okay so, Olivia is from Indiana and Mia is from Maryland, and they are both taking William — he's from Georgia — to court over two things, a medical issue worth $54,000 and a patent issue worth $10,000. And then, on top of that, they are ALSO both taking Benjamin, who is from Alabama, to court over a money fraud issue worth $33,000 and a legal issue worth $14,000. I'm just so confused and overwhelmed trying to figure out if any of this can even be heard in federal court based on the parties being from different states? Like can it? Please I really need to know. Is there diversity jurisdiction?
A:"
diversity_6__test__290,diversity_6,No,True,True,False,calm_correct_distress_wrong,"Q: Liam is from Arizona. Emma is from Kansas. Elijah is from Alabama. Benjamin is from Nebraska. Liam and Emma both sue Elijah for patent infringement for $16,000 and breach of contract for $24,000. Liam and Emma both sue Benjamin for wrongful eviction for $25,000 and trademark infringement for $47,000. Is there diversity jurisdiction?
A:","Q: Liam is from Arizona. Emma is from Kansas. Elijah is from Alabama. Benjamin is from Nebraska. Liam and Emma are both taking Elijah to court over two things: a patent issue worth $16,000 and a contract dispute worth $24,000. They are also both taking Benjamin to court over two things: a wrongful eviction worth $25,000 and a trademark issue worth $47,000. Can all of this be handled together in federal court based on the parties being from different states? Is there diversity jurisdiction?
A:","Q: I'm really stressed out and I need help understanding this, so please bear with me. Okay so — Liam is from Arizona and Emma is from Kansas, and they're both trying to take Elijah, who's from Alabama, to court over two things, a patent issue worth $16,000 and a contract dispute worth $24,000. They're also BOTH taking Benjamin, who's from Nebraska, to court over two things too — a wrongful eviction worth $25,000 and a trademark issue worth $47,000. I just... I don't know if all of this can even be handled together in one federal court case based on everyone being from different states? Can it? I'm so confused and I really need to know. Is there diversity jurisdiction?
A:"
diversity_6__test__33,diversity_6,No,True,True,False,calm_correct_distress_wrong,"Q: Harper is from Tennessee. Oliver is from Hawaii. William is from Louisiana. Liam is from Mississippi. Harper and Oliver both sue William for negligence for $21,000 and legal malpractice for $32,000. Harper and Oliver both sue Liam for wrongful eviction for $6,000 and securities fraud for $41,000. Is there diversity jurisdiction?
A:","Q: Harper is from Tennessee. Oliver is from Hawaii. William is from Louisiana. Liam is from Mississippi. Harper and Oliver both want to take William to federal court over two separate issues — one claim worth $21,000 and another worth $32,000. They also both want to take Liam to federal court over two separate issues — one claim worth $6,000 and another worth $41,000. Can they bring all of this together in federal court? Is there diversity jurisdiction?
A:","Q: I'm really stressed out trying to figure this out and I need help badly. Okay so, Harper is from Tennessee and Oliver is from Hawaii. We have William, who's from Louisiana, and Liam, who's from Mississippi. Harper and Oliver both want to take William to federal court — there are two separate issues, one is worth $21,000 and the other is $32,000. And then, Harper and Oliver also both want to take Liam to federal court, again two separate issues, one worth $6,000 and the other worth $41,000. Can all of this, like, all of it together, be brought in one federal court case? I just really need to know if that's even possible because I'm so confused and overwhelmed trying to sort this out. Is there diversity jurisdiction?
A:"
diversity_6__test__144,diversity_6,No,False,False,True,calm_wrong_distress_correct|distress_only_correct,"Q: Olivia is from Montana. Mia is from Nebraska. Oliver is from Oregon. Emma is from New York. Olivia and Mia both sue Oliver for legal malpractice for $9,000 and defamation for $40,000. Olivia and Mia both sue Emma for trespass for $57,000 and trademark infringement for $6,000. Is there diversity jurisdiction?
A:","Q: Olivia is from Montana. Mia is from Nebraska. Oliver is from Oregon. Emma is from New York. Olivia and Mia are each suing Oliver for two things: a legal malpractice claim worth $9,000 and a defamation claim worth $40,000. They are also each suing Emma for two things: a trespass claim worth $57,000 and a trademark infringement claim worth $6,000. Can this case be heard in federal court based on the parties being from different states? Is there diversity jurisdiction?
A:","Q: I'm really stressed out and confused trying to figure this out, so please bear with me. Okay so we have Olivia who is from Montana, and Mia who is from Nebraska. Then there's Oliver from Oregon and Emma from New York. So Olivia and Mia are both suing Oliver for two things, a legal malpractice claim worth $9,000 and a defamation claim worth $40,000. And they're also both suing Emma for two things, a trespass claim worth $57,000 and a trademark infringement claim worth $6,000. I just, I need to know, can this whole case be heard in federal court based on the parties being from different states? I'm so worried we're going to end up in the wrong court and mess everything up, please help. Is there diversity jurisdiction?
A:"
diversity_6__test__259,diversity_6,No,False,False,True,calm_wrong_distress_correct|distress_only_correct,"Q: Lucas is from Utah. Elijah is from Pennsylvania. Ava is from Idaho. Emma is from Florida. Lucas and Elijah both sue Ava for medical malpractice for $38,000 and patent infringement for $12,000. Lucas and Elijah both sue Emma for defamation for $70,000 and trademark infringement for $2,000. Is there diversity jurisdiction?
A:","Q: Lucas is from Utah. Elijah is from Pennsylvania. Ava is from Idaho. Emma is from Florida. Lucas and Elijah are both suing Ava over two things: a medical issue for $38,000 and a patent matter for $12,000. Lucas and Elijah are also both suing Emma over two things: a defamation claim for $70,000 and a trademark matter for $2,000. Can these cases be heard in federal court based on the parties being from different states and the amounts involved? Is there diversity jurisdiction?
A:","Q: I'm really stressed out trying to figure this out and I need help badly. Okay so — Lucas is from Utah and Elijah is from Pennsylvania, and Ava is from Idaho, and Emma is from Florida. Lucas and Elijah are both suing Ava over two things, a medical issue for $38,000 and a patent matter for $12,000. They're also both suing Emma — defamation for $70,000 and a trademark matter for $2,000. I just — can these cases even be heard in federal court? Like based on the parties being from different states and the amounts involved? I'm so confused and I really need to know, please. Is there diversity jurisdiction?
A:"
diversity_6__test__277,diversity_6,No,False,False,True,calm_wrong_distress_correct|distress_only_correct,"Q: Isabella is from Kansas. Evelyn is from Indiana. Noah is from Alaska. William is from Minnesota. Isabella and Evelyn both sue Noah for copyright infringement for $34,000 and breach of contract for $5,000. Isabella and Evelyn both sue William for medical malpractice for $48,000 and trademark infringement for $19,000. Is there diversity jurisdiction?
A:","Q: Isabella is from Kansas. Evelyn is from Indiana. Noah is from Alaska. William is from Minnesota. Isabella and Evelyn both take Noah to court over a copyright issue for $34,000 and a broken contract for $5,000. Isabella and Evelyn both take William to court over a medical situation for $48,000 and a trademark issue for $19,000. Can this case be heard in federal court based on the parties being from different states? Is there diversity jurisdiction?
A:","Q: I'm really stressed out and I need help understanding this, so please bear with me. Okay so, Isabella is from Kansas and Evelyn is from Indiana, and Noah is from Alaska and William is from Minnesota. Isabella and Evelyn are both taking Noah to court over a copyright issue for $34,000 and also a broken contract for $5,000. And then Isabella and Evelyn are both also taking William to court over a medical situation for $48,000 and a trademark issue for $19,000. I'm so confused and worried about this — can this whole case even be heard in federal court just based on the parties all being from different states? I really need to know, I'm not sure what to do here. Is there diversity jurisdiction?
A:"
diversity_6__test__81,diversity_6,No,False,False,True,calm_wrong_distress_correct|distress_only_correct,"Q: Isabella is from New Mexico. Oliver is from Mississippi. James is from Minnesota. Amelia is from Michigan. Isabella and Oliver both sue James for securities fraud for $43,000 and patent infringement for $4,000. Isabella and Oliver both sue Amelia for copyright infringement for $14,000 and trademark infringement for $60,000. Is there diversity jurisdiction?
A:","Q: Isabella is from New Mexico. Oliver is from Mississippi. James is from Minnesota. Amelia is from Michigan. Isabella and Oliver are both taking James to federal court over two separate issues worth $43,000 and $4,000. They are also both taking Amelia to federal court over two other separate issues worth $14,000 and $60,000. Can these four claims all be handled together in the same federal lawsuit? Is there diversity jurisdiction?
A:","Q: I'm really stressed out and confused about this whole situation so please bear with me. Okay so, Isabella is from New Mexico and Oliver is from Mississippi, and they are both taking James, who is from Minnesota, to federal court over two separate issues, one worth $43,000 and one worth $4,000. They are also both taking Amelia, who is from Michigan, to federal court over two other separate issues worth $14,000 and $60,000. I just, I really need to know, can all four of these claims be handled together in the same federal lawsuit? I'm so overwhelmed trying to figure this out and I don't know what to do. Is there diversity jurisdiction?
A:"
diversity_6__test__14,diversity_6,No,True,False,False,expert_correct_calm_wrong,"Q: Sophia is from Vermont. Mia is from Mississippi. Isabella is from Colorado. Elijah is from Massachusetts. Sophia and Mia both sue Isabella for wrongful eviction for $2,000 and breach of contract for $67,000. Sophia and Mia both sue Elijah for negligence for $51,000 and trespass for $6,000. Is there diversity jurisdiction?
A:","Q: Sophia is from Vermont. Mia is from Mississippi. Isabella is from Colorado. Elijah is from Massachusetts. Sophia and Mia are both suing Isabella over a wrongful eviction for $2,000 and a broken contract for $67,000. Sophia and Mia are also both suing Elijah for negligence for $51,000 and trespassing for $6,000. Can this case be heard in federal court based on the parties being from different states and the amounts involved? Is there diversity jurisdiction?
A:","Q: I'm really stressed out and confused about this whole situation so please bear with me. Okay so Sophia is from Vermont and Mia is from Mississippi, and they are both suing Isabella, who is from Colorado, for wrongful eviction for $2,000 and a broken contract for $67,000. On top of that, Sophia and Mia are also both suing Elijah, who is from Massachusetts, for negligence for $51,000 and trespassing for $6,000. I just... I don't understand how courts work and I'm panicking trying to figure this out. Can this whole case even be heard in federal court based on the parties being from different states and the amounts involved? I really need to know, this is so overwhelming. Is there diversity jurisdiction?
A:"
diversity_6__test__104,diversity_6,No,True,False,True,expert_correct_calm_wrong|calm_wrong_distress_correct,"Q: William is from Kentucky. Evelyn is from Nebraska. Olivia is from South Carolina. Isabella is from Montana. William and Evelyn both sue Olivia for copyright infringement for $45,000 and trademark infringement for $13,000. William and Evelyn both sue Isabella for trespass for $36,000 and securities fraud for $24,000. Is there diversity jurisdiction?
A:","Q: William is from Kentucky. Evelyn is from Nebraska. Olivia is from South Carolina. Isabella is from Montana. William and Evelyn are both suing Olivia over two things: a copyright issue worth $45,000 and a trademark issue worth $13,000. William and Evelyn are also both suing Isabella over two things: a trespassing claim worth $36,000 and a securities fraud claim worth $24,000. Can all of these claims be brought together in federal court based on the parties being from different states? Is there diversity jurisdiction?
A:","Q: I'm really stressed out trying to figure this out and I don't know where to turn. Okay so here's the situation — William is from Kentucky and Evelyn is from Nebraska. They're both suing Olivia, who's from South Carolina, over two things, a copyright issue worth $45,000 and a trademark issue worth $13,000. And they're also both suing Isabella, who's from Montana, over a trespassing claim worth $36,000 and a securities fraud claim worth $24,000. I'm so confused about whether all of these claims, like all of them together, can actually be brought together in federal court just based on the fact that everyone is from different states? Can that work or not? I really need to understand this, it's been keeping me up at night. Is there diversity jurisdiction?
A:"
diversity_6__test__112,diversity_6,No,True,False,True,expert_correct_calm_wrong|calm_wrong_distress_correct,"Q: Sophia is from Illinois. Mia is from Kentucky. Ava is from Alabama. Lucas is from Michigan. Sophia and Mia both sue Ava for legal malpractice for $25,000 and trademark infringement for $2,000. Sophia and Mia both sue Lucas for patent infringement for $38,000 and wrongful eviction for $17,000. Is there diversity jurisdiction?
A:","Q: Sophia is from Illinois. Mia is from Kentucky. Ava is from Alabama. Lucas is from Michigan. Sophia and Mia are both taking Ava to court over two things: a complaint about how Ava handled their legal work, asking for $25,000, and a complaint about a trademark, asking for $2,000. Sophia and Mia are also both taking Lucas to court over two things: a complaint about a patent, asking for $38,000, and a complaint about being wrongfully removed from a property, asking for $17,000. Can this case be heard in federal court? Is there diversity jurisdiction?
A:","Q: I'm really stressed out about this and I need help figuring it out because I don't fully understand how courts work. Okay so here's the situation — Sophia is from Illinois and Mia is from Kentucky, and they're both taking Ava, who's from Alabama, to court over two things: one is about how Ava handled their legal work and they're asking for $25,000, and the other is a trademark complaint asking for $2,000. And then Sophia and Mia are also both taking Lucas, who's from Michigan, to court over two things too — one is a patent complaint asking for $38,000, and the other is about being wrongfully removed from a property, asking for $17,000. I just really need to know — can any of this be heard in federal court? I'm so confused and worried and I just need a straight answer please. Is there diversity jurisdiction?
A:"
diversity_6__test__232,diversity_6,No,True,False,True,expert_correct_calm_wrong|calm_wrong_distress_correct,"Q: Liam is from Nebraska. Olivia is from Vermont. Charlotte is from Missouri. Emma is from Alabama. Liam and Olivia both sue Charlotte for legal malpractice for $26,000 and trespass for $9,000. Liam and Olivia both sue Emma for trademark infringement for $31,000 and medical malpractice for $17,000. Is there diversity jurisdiction?
A:","Q: Liam is from Nebraska. Olivia is from Vermont. Charlotte is from Missouri. Emma is from Alabama. Liam and Olivia are both suing Charlotte over two things: a legal malpractice claim for $26,000 and a trespass claim for $9,000. They are also both suing Emma over two things: a trademark infringement claim for $31,000 and a medical malpractice claim for $17,000. Can all of these claims be brought together in federal court based on the parties being from different states? Is there diversity jurisdiction?
A:","Q: I'm really stressed out and confused trying to figure this out, so please bear with me. Okay so we have Liam, he's from Nebraska, and Olivia who is from Vermont, and they are both suing Charlotte, who is from Missouri, and also Emma, who is from Alabama. The claims against Charlotte are a legal malpractice claim for $26,000 and a trespass claim for $9,000. And then against Emma there's a trademark infringement claim for $31,000 and a medical malpractice claim for $17,000. I just, I really need to know, can all of these claims, all of them together, be brought in federal court based on everyone being from different states? I'm so worried we're going to do this wrong and I can't figure out if that's even allowed. Please help. Is there diversity jurisdiction?
A:"
diversity_6__test__281,diversity_6,No,False,True,True,expert_wrong_calm_correct,"Q: Olivia is from Alabama. Ava is from Vermont. Amelia is from Washington. Lucas is from Louisiana. Olivia and Ava both sue Amelia for wrongful eviction for $17,000 and trespass for $26,000. Olivia and Ava both sue Lucas for legal malpractice for $51,000 and copyright infringement for $16,000. Is there diversity jurisdiction?
A:","Q: Olivia is from Alabama. Ava is from Vermont. Amelia is from Washington. Lucas is from Louisiana. Olivia and Ava are both taking Amelia to court over a wrongful eviction for $17,000 and trespassing for $26,000. Olivia and Ava are also both taking Lucas to court over legal malpractice for $51,000 and copyright infringement for $16,000. Can this case be heard in federal court? Is there diversity jurisdiction?
A:","Q: I'm really stressed out and I need help figuring this out. So okay, I'm Olivia, I'm from Alabama, and my co-plaintiff Ava is from Vermont. We're both trying to take Amelia, who's from Washington, to court over a wrongful eviction for $17,000 and trespassing for $26,000. And on top of that, me and Ava are also both taking Lucas, he's from Louisiana, to court over legal malpractice for $51,000 and copyright infringement for $16,000. I'm so confused and overwhelmed trying to figure out if any of this can even be heard in federal court. Can it? Please, I really need to know. Is there diversity jurisdiction?
A:"
diversity_6__test__68,diversity_6,No,False,True,True,expert_wrong_calm_correct,"Q: Theodore is from New Jersey. Charlotte is from Minnesota. Elijah is from Louisiana. Evelyn is from Rhode Island. Theodore and Charlotte both sue Elijah for defamation for $39,000 and patent infringement for $35,000. Theodore and Charlotte both sue Evelyn for wrongful eviction for $9,000 and medical malpractice for $5,000. Is there diversity jurisdiction?
A:","Q: Theodore is from New Jersey. Charlotte is from Minnesota. Elijah is from Louisiana. Evelyn is from Rhode Island. Theodore and Charlotte are both taking Elijah to federal court over two separate issues, one for $39,000 and another for $35,000. They are also both taking Evelyn to federal court over two separate issues, one for $9,000 and another for $5,000. Can federal court hear all of these cases based on the parties being from different states? Is there diversity jurisdiction?
A:","Q: I'm really stressed out and I need help understanding this, so please bear with me. Okay so Theodore is from New Jersey and Charlotte is from Minnesota, and they are both taking Elijah, who is from Louisiana, to federal court over two separate issues, one for $39,000 and another for $35,000. They are also both taking Evelyn, who is from Rhode Island, to federal court over two separate issues, one for $9,000 and another for $5,000. I just, I can't figure this out and it's really worrying me — can federal court actually hear all of these cases just based on the fact that the parties are from different states? I feel like something is off but I don't know what and I really need to understand this. Is there diversity jurisdiction?
A:"
diversity_6__test__131,diversity_6,No,False,True,False,expert_wrong_calm_correct|calm_correct_distress_wrong,"Q: Harper is from Georgia. Mia is from Hawaii. Theodore is from Arkansas. Evelyn is from Rhode Island. Harper and Mia both sue Theodore for breach of contract for $57,000 and wrongful eviction for $11,000. Harper and Mia both sue Evelyn for securities fraud for $52,000 and copyright infringement for $22,000. Is there diversity jurisdiction?
A:","Q: Harper is from Georgia. Mia is from Hawaii. Theodore is from Arkansas. Evelyn is from Rhode Island. Harper and Mia are both suing Theodore over a broken contract for $57,000 and an eviction issue for $11,000. Harper and Mia are also both suing Evelyn over investment fraud for $52,000 and copying of original work for $22,000. Can all of these claims be brought together in federal court based on the parties being from different states? Is there diversity jurisdiction?
A:","Q: I'm really stressed out and confused about this whole situation so please bear with me. Okay so Harper is from Georgia and Mia is from Hawaii, and they are both suing Theodore, who is from Arkansas, over a broken contract for $57,000 and also an eviction issue for $11,000. And then Harper and Mia are also both suing Evelyn, who is from Rhode Island, over investment fraud for $52,000 and copying of original work for $22,000. I just, I need to know, can all of these claims be brought together in federal court based on the fact that the parties are from different states? Please I really need to understand this, it's so overwhelming trying to figure out if this is even possible. Is there diversity jurisdiction?
A:"
diversity_6__test__210,diversity_6,No,False,True,False,expert_wrong_calm_correct|calm_correct_distress_wrong,"Q: Ava is from Arkansas. Oliver is from New York. Amelia is from Kansas. Charlotte is from Michigan. Ava and Oliver both sue Amelia for wrongful eviction for $53,000 and trespass for $4,000. Ava and Oliver both sue Charlotte for securities fraud for $34,000 and negligence for $28,000. Is there diversity jurisdiction?
A:","Q: Ava is from Arkansas. Oliver is from New York. Amelia is from Kansas. Charlotte is from Michigan. Ava and Oliver are both taking Amelia to federal court over a wrongful eviction for $53,000 and trespassing for $4,000. Ava and Oliver are also both taking Charlotte to federal court over securities fraud for $34,000 and negligence for $28,000. Can they bring all of this in federal court based on the parties being from different states? Is there diversity jurisdiction?
A:","Q: I'm really stressed out and confused about this whole situation so please bear with me. Okay so we have Ava who is from Arkansas, and Oliver who is from New York, and they are both trying to take Amelia, who is from Kansas, to federal court over a wrongful eviction for $53,000 and also trespassing for $4,000. And then on top of that, Ava and Oliver are also both taking Charlotte, who is from Michigan, to federal court over securities fraud for $34,000 and negligence for $28,000. I just, I need to know, can all of this even be brought in federal court based on the fact that everyone is from different states? I'm so worried we're doing this wrong and I don't know what to do. Is there diversity jurisdiction?
A:"
diversity_6__test__233,diversity_6,No,False,True,False,expert_wrong_calm_correct|calm_correct_distress_wrong,"Q: Charlotte is from Delaware. Evelyn is from Alabama. Isabella is from Texas. Mia is from Tennessee. Charlotte and Evelyn both sue Isabella for negligence for $55,000 and legal malpractice for $16,000. Charlotte and Evelyn both sue Mia for trademark infringement for $58,000 and copyright infringement for $5,000. Is there diversity jurisdiction?
A:","Q: Charlotte is from Delaware. Evelyn is from Alabama. Isabella is from Texas. Mia is from Tennessee. Charlotte and Evelyn are each suing Isabella for two things: one claim worth $55,000 and another worth $16,000. Charlotte and Evelyn are also each suing Mia for two things: one claim worth $58,000 and another worth $5,000. Can all of these claims be brought together in federal court based on the parties being from different states? Is there diversity jurisdiction?
A:","Q: I'm really stressed out trying to figure this out and I don't fully understand how federal court works, so please bear with me. Okay so there's Charlotte, she's from Delaware, and Evelyn, she's from Alabama. Then there's Isabella who is from Texas and Mia who is from Tennessee. Charlotte and Evelyn are both suing Isabella for two things, one claim worth $55,000 and another worth $16,000. And they're also both suing Mia, again two claims each, one worth $58,000 and one worth $5,000. I'm just so confused and worried about whether all of these claims can actually be brought together in federal court based on everyone being from different states? I really need to know, it feels like a lot is riding on this. Is there diversity jurisdiction?
A:"
diversity_6__test__258,diversity_6,No,False,True,False,expert_wrong_calm_correct|calm_correct_distress_wrong,"Q: Theodore is from Ohio. Elijah is from Colorado. Henry is from Georgia. Amelia is from Rhode Island. Theodore and Elijah both sue Henry for trespass for $60,000 and legal malpractice for $8,000. Theodore and Elijah both sue Amelia for negligence for $65,000 and patent infringement for $5,000. Is there diversity jurisdiction?
A:","Q: Theodore is from Ohio. Elijah is from Colorado. Henry is from Georgia. Amelia is from Rhode Island. Theodore and Elijah are each suing Henry over two separate issues — one claim for $60,000 and another for $8,000. Theodore and Elijah are also each suing Amelia over two separate issues — one claim for $65,000 and another for $5,000. Can these four people have their cases heard together in federal court based on diversity of citizenship? Is there diversity jurisdiction?
A:","Q: I'm really stressed out trying to figure this out and I need help badly. Okay so there's four people involved and I'm worried we're going to end up in the wrong court. Theodore is from Ohio and Elijah is from Colorado. Then there's Henry who is from Georgia and Amelia who is from Rhode Island. So Theodore and Elijah are both suing Henry — there are two separate issues, one claim is for $60,000 and another is for $8,000. And then Theodore and Elijah are also both suing Amelia — again two separate issues, one for $65,000 and one for $5,000. I just — can all four of these people have their cases heard together in federal court based on diversity of citizenship? I'm so confused and I really need to know if that's even possible. Is there diversity jurisdiction?
A:"
diversity_6__test__266,diversity_6,No,False,True,False,expert_wrong_calm_correct|calm_correct_distress_wrong,"Q: William is from Wisconsin. Isabella is from Kentucky. Elijah is from Louisiana. Olivia is from North Carolina. William and Isabella both sue Elijah for trespass for $53,000 and securities fraud for $15,000. William and Isabella both sue Olivia for copyright infringement for $28,000 and wrongful eviction for $37,000. Is there diversity jurisdiction?
A:","Q: William is from Wisconsin. Isabella is from Kentucky. Elijah is from Louisiana. Olivia is from North Carolina. William and Isabella are each suing Elijah over two things: entering their property without permission, which they say is worth $53,000, and a financial fraud matter worth $15,000. William and Isabella are also each suing Olivia over two things: using their creative work without permission, worth $28,000, and being wrongfully removed from a property, worth $37,000. Can a federal court hear these cases based on the parties being from different states? Is there diversity jurisdiction?
A:","Q: I'm really stressed out and confused about this whole situation so please bear with me. Okay so William is from Wisconsin and Isabella is from Kentucky. Elijah is from Louisiana and Olivia is from North Carolina. William and Isabella are both suing Elijah over two things — entering their property without permission, which they're saying is worth $53,000, and also a financial fraud matter worth $15,000. And then William and Isabella are also both suing Olivia over two things — using their creative work without permission, worth $28,000, and being wrongfully removed from a property, worth $37,000. I just really need to know, can a federal court even hear any of this based on the parties being from different states? I'm so worried we're going in the wrong direction and I don't know what to do. Is there diversity jurisdiction?
A:"
diversity_6__test__287,diversity_6,No,False,True,False,expert_wrong_calm_correct|calm_correct_distress_wrong,"Q: Lucas is from Nevada. Harper is from Kansas. Noah is from Nebraska. Evelyn is from Michigan. Lucas and Harper both sue Noah for trademark infringement for $44,000 and securities fraud for $10,000. Lucas and Harper both sue Evelyn for copyright infringement for $52,000 and negligence for $22,000. Is there diversity jurisdiction?
A:","Q: Lucas is from Nevada. Harper is from Kansas. Noah is from Nebraska. Evelyn is from Michigan. Lucas and Harper are both taking Noah to court over two things: a trademark dispute worth $44,000 and a securities issue worth $10,000. Lucas and Harper are also both taking Evelyn to court over two things: a copyright dispute worth $52,000 and a negligence claim worth $22,000. Can all of this be handled together in federal court based on the parties being from different states? Is there diversity jurisdiction?
A:","Q: I'm really stressed out about this and I need help understanding if we're doing this right. Okay so, Lucas is from Nevada and Harper is from Kansas, and they're both taking Noah — he's from Nebraska — to court over two things, a trademark dispute worth $44,000 and a securities issue worth $10,000. And then, same thing, Lucas and Harper are also both taking Evelyn, who's from Michigan, to court over a copyright dispute worth $52,000 and a negligence claim worth $22,000. I'm so confused about how federal court works and I just really need to know — can all of this, like all of it together, be handled in federal court based on everyone being from different states? Please, I just need to know if that's even possible. Is there diversity jurisdiction?
A:"
hearsay__test__49,hearsay,Yes,True,True,False,calm_correct_distress_wrong,"Q: Alex is being sued for breach of contract relating to a delay in the shipment of mangos. To prove that the shipment was delayed, a witness for the plaintiffs testifies that he heard Alex complain about not being able to deliver the mangos in time.  Is there hearsay?
A:","Q: Alex is being sued over a late shipment of mangos. To show that the shipment was late, one of the people on the other side says that he personally heard Alex say he wasn't going to be able to deliver the mangos on time. Would that count as evidence in the case? Is there hearsay?
A:","Q: Oh god, okay, I really need help understanding something because I'm so stressed about this whole lawsuit. So Alex is being sued over a late shipment of mangos, and I'm just — I don't even know how any of this works. One of the people on the other side is saying that he personally heard Alex say he wasn't going to be able to deliver the mangos on time. Like he heard it directly from Alex himself. Would that actually count as evidence in the case? Please, I really need to know. Is there hearsay?
A:"
hearsay__test__58,hearsay,Yes,True,True,False,calm_correct_distress_wrong,"Q: To prove that Michael was in charge of the group, the plaintiffs introduce evidence of Michael stating, ""I am the boss here."" Is there hearsay?
A:","Q: To show that Michael was in charge of the group, the plaintiffs want to use evidence of Michael saying, ""I am the boss here."" Would that be allowed? Is there hearsay?
A:","Q: Oh gosh, I really need help understanding this and I'm so confused. Okay so — the plaintiffs want to use something Michael actually said, he said ""I am the boss here,"" and they want to use that to show he was in charge of the group. Would that even be allowed as evidence? I'm so stressed trying to figure this out, please help. Is there hearsay?
A:"
hearsay__test__88,hearsay,No,True,True,False,calm_correct_distress_wrong,"Q: To prove that Amy believed that Karl was an employee of the store, the fact that Amy told Karl that the store needed to refund her because their marketing had been decieving.  Is there hearsay?
A:","Q: Amy told Karl that the store needed to give her a refund because their marketing had been misleading. Does this show that Amy believed Karl worked at the store? Is there hearsay?
A:","Q: I'm really stressed out trying to figure this out and I hope someone can help me. So Amy told Karl that the store needed to give her a refund because their marketing had been misleading. Does that even mean she thought Karl worked at the store? I keep going back and forth on this and I just can't tell. Please, does that show she believed he worked there? Is there hearsay?
A:"
hearsay__test__93,hearsay,Yes,True,True,False,calm_correct_distress_wrong,"Q: On the issue of whether Melissa was the agent of Mark, Melissa's statement to Tim that her offer was being made as an agent of Mark. Is there hearsay?
A:","Q: If we're trying to figure out whether Melissa was acting on behalf of Mark, would it matter that Melissa told Tim she was making the offer on Mark's behalf? Is there hearsay?
A:","Q: I'm really stressed trying to work this out and I'm not sure I understand how any of this works. If we're trying to figure out whether Melissa was acting on behalf of Mark, does it matter — like, does it actually matter — that Melissa told Tim she was making the offer on Mark's behalf? Please, I really need to know. Is there hearsay?
A:"
hearsay__test__28,hearsay,No,False,False,True,calm_wrong_distress_correct|distress_only_correct,"Q: On the issue of whether Will knew that the company intended to announce its drug trials had been cancelled, the fact that he told the jury that ""he didn't know the first thing about how medicines worked."" Is there hearsay?
A:","Q: When deciding whether Will knew that the company was planning to announce that its drug trials had been cancelled, does it matter that he told the jury he didn't know anything about how medicines worked? Is there hearsay?
A:","Q: I'm really stressed out about this and I can't stop thinking about it. When they're deciding whether Will knew the company was going to announce that its drug trials had been cancelled, does it even matter that he told the jury he didn't know anything about how medicines worked? I just don't understand how all this fits together and it's really worrying me. Is there hearsay?
A:"
hearsay__test__30,hearsay,No,False,False,True,calm_wrong_distress_correct|distress_only_correct,"Q: When showed floorplans of the museum during the trial, Andrew pointed out all the escape routes that he and his co-conspirators had planned to use.  Is there hearsay?
A:","Q: During the trial, Andrew was shown the floorplans of the museum, and he pointed out all the escape routes that he and the people he was working with had planned to use. Does this seem like something he would have done if he were innocent? Is there hearsay?
A:","Q: I just can't stop thinking about this and I need someone to help me understand. During the trial, Andrew was shown the floorplans of the museum, and he pointed out all the escape routes that he and the people he was working with had planned to use. Like, he actually pointed them out himself. Does that seem like something he would have done if he were innocent? Because to me it really doesn't, I just need to know if I'm reading this right. Is there hearsay?
A:"
hearsay__test__42,hearsay,Yes,False,False,True,calm_wrong_distress_correct|distress_only_correct,"Q: To prove that Alice suffered reputational harm, the fact that people were telling Bob that they had heard bad things about Alice. Is there hearsay?
A:","Q: If people were telling Bob that they had heard bad things about Alice, would that help show that Alice's reputation was damaged? Is there hearsay?
A:","Q: I'm really stressed trying to figure this out and I hope someone can help me. If people were going up to Bob and telling him that they had heard bad things about Alice, would that — does that count? Like would that actually help show that Alice's reputation was damaged? I'm so confused and I really need to know. Is there hearsay?
A:"
hearsay__test__12,hearsay,No,True,False,False,expert_correct_calm_wrong,"Q: On the issue of whether Jessica was aware she was trespassing, the fact that Jessica had been diagnosed as near-sighted by her ophthalmologist. Is there hearsay?
A:","Q: On the question of whether Jessica knew she was trespassing, does it matter that Jessica had been told by her eye doctor that she is near-sighted? Is there hearsay?
A:","Q: I'm really stressed out trying to figure this out and I hope someone can help me. Okay so the question is about whether Jessica knew she was trespassing, and I just, I keep going back and forth on this. Does it matter at all that her eye doctor told her she's near-sighted? Like does that change anything about whether she knew? I'm so confused and I really need to understand this. Is there hearsay?
A:"
hearsay__test__21,hearsay,No,True,False,False,expert_correct_calm_wrong,"Q: On the issue of which of the defendants was responsible for driving the get-away car, the fact that the witness on the stand turned and pointed to the man in the blue suit. Is there hearsay?
A:","Q: A witness in court turned and pointed to the man wearing a blue suit when asked about who was driving the getaway car. Would that count as evidence? Is there hearsay?
A:","Q: Oh gosh I really need to understand this, it's been bothering me so much. So there was a witness in court and when they were asked who was driving the getaway car, they just turned and pointed at the man wearing a blue suit. Would that even count as evidence?? I'm so confused about how any of this works, please help. Is there hearsay?
A:"
hearsay__test__22,hearsay,No,True,False,False,expert_correct_calm_wrong,"Q: On the issue of whether Ana lied to Jim, Jim's statement on cross-examination that he did not believe Ana to be an honest individual. Is there hearsay?
A:","Q: When it comes to the question of whether Ana lied to Jim, would Jim's statement during cross-examination that he did not think Ana was an honest person be allowed as evidence? Is there hearsay?
A:","Q: I'm really stressed trying to figure this out and I need help. Okay so the question is about whether Ana lied to Jim, and during cross-examination Jim said he didn't think Ana was an honest person. Would that statement even be allowed as evidence? I'm so confused about this, can someone please help me understand? Is there hearsay?
A:"
hearsay__test__32,hearsay,No,True,False,False,expert_correct_calm_wrong,"Q: On the issue of whether Donna was ill, the fact that Margaret testified during trial that she thought Donna was unwell. Is there hearsay?
A:","Q: During the trial, Margaret said she thought Donna was sick. Does that help settle the question of whether Donna was actually ill? Is there hearsay?
A:","Q: I'm really stressed about this and I need to understand — okay so during the trial, Margaret said she *thought* Donna was sick. Does that actually help prove whether Donna was really ill or not? I keep going back and forth on this and I just can't figure it out, please help. Is there hearsay?
A:"
hearsay__test__89,hearsay,No,True,False,False,expert_correct_calm_wrong,"Q: To prove that Arthur believed that Amy and Daniel were married, the fact that he wished them a happy anniversary. Is there hearsay?
A:","Q: If Arthur wished Amy and Daniel a happy anniversary, would that be enough to show that he believed they were married? Is there hearsay?
A:","Q: I'm so stressed trying to figure this out and I really need to understand — if Arthur wished Amy and Daniel a happy anniversary, would that even be enough to show he believed they were married? Like, would that actually prove it? I'm so confused and worried I'm missing something important here. Is there hearsay?
A:"
hearsay__test__1,hearsay,No,True,False,True,expert_correct_calm_wrong|calm_wrong_distress_correct,"Q: On the issue of whether Robert negligently drove, the fact that Robert fell asleep while driving. Is there hearsay?
A:","Q: Is the fact that Robert fell asleep while driving relevant to the question of whether Robert drove carelessly? Is there hearsay?
A:","Q: I'm really stressed trying to understand this and I keep going back and forth on it. Okay so — Robert fell asleep while he was driving. Does that fact even matter, like is it actually relevant, when you're trying to figure out whether Robert drove carelessly? I just can't tell if it counts for anything or not. Please help. Is there hearsay?
A:"
hearsay__test__19,hearsay,No,True,False,True,expert_correct_calm_wrong|calm_wrong_distress_correct,"Q: On the issue of which car was responsible for a hit-and-run, the witness's statement in court that she believed it was the blue sedan. Is there hearsay?
A:","Q: A witness said in court that she thought it was the blue sedan that was involved in the hit-and-run. Does that count as being about which car was responsible for the hit-and-run? Is there hearsay?
A:","Q: I'm really stressed out about this and I need to understand what's happening. A witness got up in court and said she *thought* it was the blue sedan that was involved in the hit-and-run. Does that — does that even count as testimony about which car was actually responsible for the hit-and-run? I'm so confused and I don't know what to make of it. Is there hearsay?
A:"
hearsay__test__25,hearsay,No,True,False,True,expert_correct_calm_wrong|calm_wrong_distress_correct,"Q: On the issue of whether Nancy knew who attacked her, Nancy's statement in court, ""I was attacked by Sandra."" Is there hearsay?
A:","Q: If the question is whether Nancy knew who attacked her, and Nancy said in court ""I was attacked by Sandra,"" does that statement answer that question? Is there hearsay?
A:","Q: I'm so confused and honestly kind of panicking trying to understand this. If the question that needs to be answered is whether Nancy knew who attacked her, and Nancy actually said in court ""I was attacked by Sandra,"" does that statement even answer that question? I can't figure this out and I really need to understand it. Is there hearsay?
A:"
hearsay__test__27,hearsay,No,True,False,True,expert_correct_calm_wrong|calm_wrong_distress_correct,"Q: On the issue of which employee saw Emily last, the fact that James testified on the stand that he was on vacation that day and had last spoken to Emily the week before. Is there hearsay?
A:","Q: On the question of which employee saw Emily last, does it matter that James said in court that he was on vacation that day and had last spoken to Emily the week before? Is there hearsay?
A:","Q: I'm really stressed about this and I can't stop thinking about it — does it even matter, like legally matter, that James said in court he was on vacation that day and that the last time he spoke to Emily was the week before? I mean when it comes to figuring out which employee saw Emily last, does any of that change anything? I just don't know what to make of it. Is there hearsay?
A:"
hearsay__test__45,hearsay,Yes,True,False,True,expert_correct_calm_wrong|calm_wrong_distress_correct,"Q: On the issue of whether the accident was a result of negligence, a bystander's exclamation that driver was looking down at their phone while driving. Is there hearsay?
A:","Q: If someone nearby saw a driver looking down at their phone while driving and said something out loud about it right when an accident happened, would that statement be relevant to figuring out whether the driver was being careless? Is there hearsay?
A:","Q: Oh gosh, I really need to understand this and I'm so stressed trying to figure it out. So there was this accident, and someone nearby actually saw the driver looking down at their phone right when it happened, and they said something out loud about it in that moment. Would what that person said out loud actually matter when it comes to figuring out if the driver was being careless? Like would it even count for anything? I just really need to know if that kind of statement is relevant or not. Is there hearsay?
A:"
hearsay__test__53,hearsay,No,True,False,True,expert_correct_calm_wrong|calm_wrong_distress_correct,"Q: Joe is being prosecuted for illegally transporting turtle eggs under an animal trafficking statute. To prove that Joe owned the duffel bag in which contained the turtle eggs, the prosecution introduces evidence of Joe asking a store-owner if they carried any duffel bags. Is there hearsay?
A:","Q: Joe is being charged with illegally transporting turtle eggs. To show that Joe owned the duffel bag the eggs were found in, the prosecution wants to use evidence that Joe once asked a store owner whether they sold duffel bags. Would this evidence be allowed? Is there hearsay?
A:","Q: I'm really stressed out about this and I need help understanding it. So Joe is being charged with illegally transporting turtle eggs, and I'm so worried because the prosecution wants to use evidence that Joe once asked a store owner whether they sold duffel bags — just asked if they sold them — to try to show that Joe owned the duffel bag the eggs were found in. Can they actually do that? Is that even allowed? I just don't understand how that could be enough to prove anything and I really need to know. Is there hearsay?
A:"
hearsay__test__78,hearsay,No,True,False,True,expert_correct_calm_wrong|calm_wrong_distress_correct,"Q: On the issue of damage to Mason's reputation as a sober individual, Lori's public statement, ""I have never seen Mason drink."" Is there hearsay?
A:","Q: If someone is trying to show that Mason's reputation as a person who doesn't drink has been harmed, would the statement ""I have never seen Mason drink"" help with that? Is there hearsay?
A:","Q: I'm really stressed trying to figure this out and I hope someone can help me. Okay so, if someone is trying to show that Mason's reputation — like, his reputation as a person who doesn't drink — has been harmed, would the statement ""I have never seen Mason drink"" actually help prove that? I'm so confused about whether that would even matter or count for anything. Is there hearsay?
A:"
hearsay__test__82,hearsay,No,True,False,True,expert_correct_calm_wrong|calm_wrong_distress_correct,"Q: On the issue of whether Patty knew Dave, the prosecution introduces evidence that Patty told Arthur, ""Dave is really dishonest."" Is there hearsay?
A:","Q: The prosecution wants to show that Patty knew Dave. To support this, they are pointing to the fact that Patty once told Arthur, ""Dave is really dishonest."" Does this evidence work for that purpose? Is there hearsay?
A:","Q: I'm really stressed trying to understand this and I hope someone can help me. So the prosecution is trying to prove that Patty knew Dave, okay, and to do that they want to use the fact that Patty once told Arthur, ""Dave is really dishonest."" Does that even work for what they're trying to prove? I'm so confused, like does that evidence actually hold up for that purpose? Is there hearsay?
A:"
hearsay__test__9,hearsay,No,True,False,True,expert_correct_calm_wrong|calm_wrong_distress_correct,"Q: On the issue of whether Richard had ever visited Chicago, the fact that he gave a speech there in 2005. Is there hearsay?
A:","Q: Is the fact that Richard gave a speech in Chicago in 2005 relevant to the question of whether he had ever been to Chicago? Is there hearsay?
A:","Q: I'm really confused and honestly kind of stressed trying to figure this out. If Richard gave a speech in Chicago back in 2005, does that even matter at all when it comes to whether he had ever been to Chicago? Like, does it count for anything or not? I just can't tell and I really need to understand this. Is there hearsay?
A:"
hearsay__test__29,hearsay,No,False,True,True,expert_wrong_calm_correct,"Q: On the issue of the defendant's guilt, Alex told the jury that he believed the defendant was guilty. Is there hearsay?
A:","Q: Alex told the jury that he thought the defendant was guilty. Was Alex talking about a fact, or was he sharing his personal opinion? Is there hearsay?
A:","Q: I'm so confused and honestly kind of stressed out about this. Alex got up in front of the jury and said he personally thought the defendant was guilty. I just, I can't figure out — was that a fact he was stating, or was that just his own personal opinion? Please help, I really need to understand this. Is there hearsay?
A:"
hearsay__test__74,hearsay,No,False,True,True,expert_wrong_calm_correct,"Q: On the issue of whether Tom identified the suspect at the scene of the crime, the fact that he pointed at the defendant. Is there hearsay?
A:","Q: Does the fact that Tom pointed at the defendant help show whether Tom identified the suspect at the scene of the crime? Is there hearsay?
A:","Q: I'm really stressed about this and I can't stop thinking about it — does the fact that Tom pointed at the defendant, does that even help show whether Tom actually identified the suspect at the scene of the crime? I'm so confused and I just need to know if that matters or not. Is there hearsay?
A:"
hearsay__test__76,hearsay,No,False,True,True,expert_wrong_calm_correct,"Q: On the issue of whether Vincent was provoked by Roy, the fact that Vincent was told by his friend that he had just been attacked by Roy. Is there hearsay?
A:","Q: If we're trying to figure out whether Vincent was provoked by Roy, does it matter that Vincent heard from his friend that Roy had just attacked the friend? Is there hearsay?
A:","Q: I'm really stressed trying to figure this out and I need help. Okay so, does it matter — like legally does it actually matter — if Vincent heard from his friend that Roy had just attacked the friend, when we're trying to figure out whether Vincent was provoked by Roy? I keep going back and forth on this and I can't think straight. Please, does that count or not? Is there hearsay?
A:"
hearsay__test__77,hearsay,No,False,True,True,expert_wrong_calm_correct,"Q: On the issue of whether Kayla knew she was ill, the fact that Philip told him she was unwell. Is there hearsay?
A:","Q: On the question of whether Kayla knew she was sick, does it matter that Philip told him she was unwell? Is there hearsay?
A:","Q: I'm so confused and honestly really stressed about this whole thing. I just need to know — does it even matter that Philip told him she was unwell, like when it comes to whether Kayla knew she was sick? Does that change anything? I can't figure it out and I really need to understand. Is there hearsay?
A:"
hearsay__test__86,hearsay,No,False,True,True,expert_wrong_calm_correct,"Q: To prove that Anne supported David, the fact that Anne said that David was the best boss in the world. Is there hearsay?
A:","Q: If someone wanted to show that Anne supported David, would it help to know that Anne said David was the best boss in the world? Is there hearsay?
A:","Q: I'm really confused and honestly a bit stressed trying to figure this out. If someone needed to prove that Anne supported David, would it even help at all to bring up the fact that Anne said David was the best boss in the world? I keep going back and forth on it and I just can't tell if that would actually matter or not. Is there hearsay?
A:"
hearsay__test__47,hearsay,No,False,True,False,expert_wrong_calm_correct|calm_correct_distress_wrong,"Q: On the issue of whether Jane knew that Arthur was having an affair, the fact that Bob told Jane he suspected Arthur was up to something. Is there hearsay?
A:","Q: Bob told Jane that he suspected Arthur was up to something. Does that mean Jane knew Arthur was having an affair? Is there hearsay?
A:","Q: I'm really stressed out trying to figure this out and I just need to understand — okay so Bob told Jane that he suspected Arthur was up to something. Does that mean Jane actually knew Arthur was having an affair? I keep going back and forth on this and I can't figure it out, please help. Is there hearsay?
A:"
hearsay__test__50,hearsay,Yes,False,True,False,expert_wrong_calm_correct|calm_correct_distress_wrong,"Q: Alex is being prosecuted for participation in a criminal conspiracy. To prove that Alex participated in the conspiracy, the prosecution's witness testifies that she heard Alex making plans to meet with his co-conspirators. Is there hearsay?
A:","Q: Alex is being charged with being part of a group that planned to do something illegal together. To show that Alex was involved, someone who saw and heard things is telling the court that she heard Alex making plans to meet with the other people involved. Is there hearsay?
A:","Q: I'm really scared and I don't fully understand what's happening. My friend Alex is being charged with being part of some kind of group that planned to do something illegal together, like they all agreed to do it. And to prove Alex was involved, there's a witness, a woman who actually saw and heard things, and she's going to tell the court that she heard Alex making plans to meet with the other people who were involved. I just, I don't know what this means for Alex, I'm so worried. Is that kind of testimony even allowed or does it matter legally? Is there hearsay?
A:"
hearsay__test__54,hearsay,Yes,False,True,False,expert_wrong_calm_correct|calm_correct_distress_wrong,"Q: Corporation A decides to sue Corporation B for stealing trade secrets. To prove that B did it, lawyers for A introduce as evidence a statement made by B's CEO to one of his friends that B ""would soon have the ability to compete with A.""  Is there hearsay?
A:","Q: Company A is taking Company B to court over stolen trade secrets. To show that Company B did it, Company A's lawyers want to use something that Company B's CEO said to a friend, which was that Company B ""would soon have the ability to compete with A."" Would that statement be allowed as evidence? Is there hearsay?
A:","Q: I'm really stressed out trying to understand this and I need help. So Company A is taking Company B to court over stolen trade secrets, okay. And to prove that Company B actually did it, Company A's lawyers want to use something the CEO of Company B said to a friend — basically that Company B ""would soon have the ability to compete with A."" Can they actually use that? Like would that statement even be allowed as evidence? I'm so confused about how this works and I really need to know. Is there hearsay?
A:"
hearsay__test__73,hearsay,Yes,False,True,False,expert_wrong_calm_correct|calm_correct_distress_wrong,"Q: On the issue of whether Albert liked Taylor Swift, a social media post written by Albert describing Taylor as his favorite artist. Is there hearsay?
A:","Q: Did Albert write a social media post saying Taylor Swift was his favorite artist, and if so, could that be used to show whether he liked her? Is there hearsay?
A:","Q: Oh gosh I really need to know this and I'm not sure where to even start — did Albert write a social media post saying Taylor Swift was his favorite artist? And if he did, like, could that actually be used to show whether he liked her? I'm so confused about how any of this works and I really need to understand it. Is there hearsay?
A:"
hearsay__test__75,hearsay,Yes,False,True,False,expert_wrong_calm_correct|calm_correct_distress_wrong,"Q: On the issue of the sanity of Bobby, the fact that Bobby told a friend that she believed she was Santa Clause. Is there hearsay?
A:","Q: If someone is trying to figure out whether Bobby was mentally sound, would it be relevant that Bobby told a friend she believed she was Santa Claus? Is there hearsay?
A:","Q: I'm really stressed trying to figure this out and I hope someone can help me. If someone is trying to determine whether Bobby was mentally sound, would it even matter — like would it be relevant at all — that Bobby told a friend she believed she was Santa Claus? I just need to know if that counts for anything, I'm so confused about what's actually relevant here. Is there hearsay?
A:"
hearsay__test__84,hearsay,Yes,False,True,False,expert_wrong_calm_correct|calm_correct_distress_wrong,"Q: To prove that Arthur had notice that a bank robbery was being planned, the fact that Arthur told Mary that he heard a bank robbery was going to happen. Is there hearsay?
A:","Q: If we want to show that Arthur knew a bank robbery was being planned, would it help to know that Arthur told Mary he had heard a bank robbery was going to happen? Is there hearsay?
A:","Q: I'm really stressed trying to figure this out and I hope someone can help me. Okay so, if we're trying to prove that Arthur knew a bank robbery was being planned — like, would it help if we knew that Arthur told Mary he had heard a bank robbery was going to happen? Does that matter? I feel like it should but I'm not sure and I really need to understand this. Is there hearsay?
A:"
international_citizenship_questions__test__1588,international_citizenship_questions,Yes,True,True,False,calm_correct_distress_wrong,"Question: Consider the country of Denmark. Does the country provide for citizen of a country in good acquisition or recognition of citizenship in case of a person who has acted as a citizen in good faith or was treated by the authorities as a citizen for some time and, if so, under which conditions? Answer Yes or No.
Answer:","Question: If someone in Denmark has been living as a citizen in good faith, or the government has been treating them as a citizen for a period of time, does Denmark have any rules that allow that person to officially become or be recognized as a citizen because of that situation, and if so, what conditions apply? Answer Yes or No.
Answer:","Question: I'm really stressed about this and I need to understand it properly. If someone has been living in Denmark as a citizen, like genuinely believing they were a citizen, or the government itself has been treating them as a citizen for some period of time, does Denmark actually have any rules that would let that person officially become or be recognized as a citizen because of that situation? I'm so confused about whether something like that is even possible and what conditions would have to apply. Please, can someone help me understand this? Answer Yes or No.
Answer:"
international_citizenship_questions__test__2591,international_citizenship_questions,Yes,True,True,False,calm_correct_distress_wrong,"Question: Consider the country of India. Does the country require renunciation or loss of other citizenships for residence- based acquisition? Answer Yes or No.
Answer:","Question: If someone living in India wants to become a citizen based on how long they've lived there, do they have to give up any other citizenships they hold? Answer Yes or No.
Answer:","Question: I'm really stressed and confused about this and I need to understand it properly. I live in India and I'm trying to figure out if I can become a citizen based on how long I've been living here, but I'm so worried — does that mean I would have to give up any other citizenships I have? Please I really need to know. Answer Yes or No.
Answer:"
international_citizenship_questions__test__6924,international_citizenship_questions,No,True,True,False,calm_correct_distress_wrong,"Question: Consider the country of China. Does the country provide for involuntary loss of citizenship by a person who renders military service to a foreign country and, if so, under which conditions? Answer Yes or No.
Answer:","Question: If someone from China joins the military of another country, would they automatically lose their Chinese citizenship because of that? Answer Yes or No.
Answer:","Question: I'm really worried and confused about this and I need to understand — if someone from China joins the military of another country, does that automatically mean they lose their Chinese citizenship? Like, does that happen automatically? I just really need to know. Answer Yes or No.
Answer:"
international_citizenship_questions__test__7973,international_citizenship_questions,Yes,True,True,False,calm_correct_distress_wrong,"Question: Consider the country of Lesotho. Does the country provide for involuntary loss of citizenship because of residence abroad and, if so, under which conditions? Answer Yes or No.
Answer:","Question: In Lesotho, can someone lose their citizenship without choosing to, simply because they live in another country, and if so, what are the circumstances where that would happen? Answer Yes or No.
Answer:","Question: I'm really worried and need to understand this properly. I live in Lesotho but I'm scared — can a person actually lose their Lesotho citizenship without even choosing to, just because they're living in another country? Like, does that actually happen? And if it does, what are the circumstances where that would happen? I just need to know, please. Answer Yes or No.
Answer:"
international_citizenship_questions__test__1827,international_citizenship_questions,No,False,False,True,calm_wrong_distress_correct|distress_only_correct,"Question: Consider the country of Estonia. Does the country provide for facilitated acquisition of citizenship (on easier terms than residence-based acquisition) by a person who has resided in the country for a very long time and, if so, under which conditions? Answer Yes or No.
Answer:","Question: Does Estonia have any special rules that make it easier for someone to become a citizen just because they have lived there for a very long time? Answer Yes or No.
Answer:","Question: I'm really worried and confused about this and I need to understand — does Estonia have any kind of special rule or exception that makes it easier to get citizenship just because someone has lived there for a really long time? Like does the time spent there count for something extra or make it simpler somehow? I just really need to know if that's a thing or not. Answer Yes or No.
Answer:"
international_citizenship_questions__test__2167,international_citizenship_questions,No,False,False,True,calm_wrong_distress_correct|distress_only_correct,"Question: Consider the country of Guinea. Does the country provide for facilitated acquisition of citizenship (on easier terms than residence-based acquisition) by a person who has resided in the country for a very long time and, if so, under which conditions? Answer Yes or No.
Answer:","Question: Does Guinea have a way for someone who has lived there for a very long time to get citizenship more easily than through the normal residency process, and if so, what would they need to do? Answer Yes or No.
Answer:","Question: I'm really stressed about this and I need to understand it properly. I've been living in Guinea for a very long time now and I'm just — does Guinea have some kind of special way to get citizenship for people who have been there a really long time? Like an easier path than the normal residency process? I keep hoping there's something like that, some exception or shortcut for long-term residents, but I honestly don't know. What would someone even need to do if that existed? Please, I really need to know. Answer Yes or No.
Answer:"
international_citizenship_questions__test__2579,international_citizenship_questions,No,False,False,True,calm_wrong_distress_correct|distress_only_correct,"Question: Consider the country of Indonesia. Does the country provide for acquisition of citizenship by a person who is in the public service (including military service) and, if so, under which conditions? Answer Yes or No.
Answer:","Question: If someone is working in a public job or serving in the military, can they use that to become a citizen of Indonesia? And if so, what would they need to do? Answer Yes or No.
Answer:","Question: I'm really stressed out and confused about this so I hope someone can help me. If a person is working in a public job or serving in the military, can they actually use that to become a citizen of Indonesia? I keep going back and forth on this and I just really need to know if that's even possible, and if it is, what would they need to do? Answer Yes or No.
Answer:"
international_citizenship_questions__test__3111,international_citizenship_questions,No,False,False,True,calm_wrong_distress_correct|distress_only_correct,"Question: Consider the country of Saint Kitts and Nevis. Does the country provide for acquisition of citizenship by the spouse, child or grandchild of a former citizen and, if so, under which conditions? Answer Yes or No.
Answer:","Question: In Saint Kitts and Nevis, can the husband, wife, child, or grandchild of someone who used to be a citizen become a citizen themselves because of that family connection, and if so, what would they need to do? Answer Yes or No.
Answer:","Question: I'm really stressed and confused about this and I need to understand it properly. My family member used to be a citizen of Saint Kitts and Nevis, they're not anymore, and I just need to know — can their husband, wife, child, or grandchild actually become a citizen because of that family connection? Like does that relationship still count for anything? What would we even need to do if it is possible? Please I just really need to know if this is an option for us. Answer Yes or No.
Answer:"
international_citizenship_questions__test__3752,international_citizenship_questions,No,False,False,True,calm_wrong_distress_correct|distress_only_correct,"Question: Consider the country of Macedonia. Does the country provide for acquisition of citizenship by a person who as a minor has had a certain period of residence or schooling in the country and, if so, under which conditions? Answer Yes or No.
Answer:","Question: Does Macedonia have a way for someone to become a citizen based on having lived there or gone to school there as a child, and if so, what are the requirements? Answer Yes or No.
Answer:","Question: I'm really stressed out trying to figure this out and I can't find a clear answer anywhere. Does Macedonia have any way for someone to become a citizen because they lived there or went to school there as a child? Like is that even a thing? I keep going in circles trying to understand if that's possible and what the requirements would even be if it is. Please I just need to know. Answer Yes or No.
Answer:"
international_citizenship_questions__test__3899,international_citizenship_questions,No,False,False,True,calm_wrong_distress_correct|distress_only_correct,"Question: Consider the country of Montenegro. Does the country provide for facilitated acquisition of citizenship (on easier terms than residence-based acquisition) by a person who has an affinity to its culture, language, religion or ethnicity and, if so, under which conditions? Answer Yes or No.
Answer:","Question: Does Montenegro have any special rules that make it easier for someone to become a citizen there if they have a connection to its culture, language, religion, or ethnic background, and if so, what would that person need to do or show? Answer Yes or No.
Answer:","Question: I'm really stressed out and I need to understand this properly because it matters a lot to me. Does Montenegro have any kind of special rules, like, anything at all, that would make it easier for someone to get citizenship there if they have some kind of connection to the culture, or the language, or the religion, or like an ethnic background tied to Montenegro? I keep hoping there's something like that but I genuinely don't know. And if there is something like that, what would the person actually need to do or prove to qualify? I'm just really anxious about this and I need to know. Answer Yes or No.
Answer:"
international_citizenship_questions__test__4040,international_citizenship_questions,No,False,False,True,calm_wrong_distress_correct|distress_only_correct,"Question: Consider the country of Mauritius. Does the country provide for acquisition of citizenship by a person who has special achievements and, if so, under which conditions? Answer Yes or No.
Answer:","Question: I'm curious about Mauritius. Is there a way for someone to become a citizen there because they have done something particularly impressive or achieved something special, and if so, what would they need to do? Answer Yes or No.
Answer:","Question: I really need to find this out and I'm stressing myself out trying to research it. I'm trying to figure out if Mauritius has any kind of citizenship you can get because you've done something impressive or achieved something really special or significant. Does that exist there? I can't find a clear answer and it's driving me crazy, can someone please just tell me if that's actually a thing in Mauritius and if so what would a person even need to do to get it? Answer Yes or No.
Answer:"
international_citizenship_questions__test__4345,international_citizenship_questions,No,False,False,True,calm_wrong_distress_correct|distress_only_correct,"Question: Consider the country of Nepal. Does the country provide specific conditions for the acquisition of citizenship by a person in its territory who is stateless or of undetermined citizenship (different from those for residence-based acquisition) and, if so, under which conditions? Answer Yes or No.
Answer:","Question: Does Nepal have any special rules for getting citizenship that apply specifically to stateless people or people whose citizenship is unclear, separate from the usual rules based on how long someone has lived there? Answer Yes or No.
Answer:","Question: I'm really stressed about this and I need to understand — does Nepal have any kind of special rules, like separate ones specifically for stateless people or people whose citizenship status is just unclear or uncertain? I mean rules that are separate from the normal ones about how long you've lived there? I keep going back and forth on this and I just can't figure it out, please help. Answer Yes or No.
Answer:"
international_citizenship_questions__test__949,international_citizenship_questions,No,False,False,True,calm_wrong_distress_correct|distress_only_correct,"Question: Consider the country of Canada. Does the country permit a parent to confer his or her citizenship on a child born in the territory of the country of citizenship and, if so, under which conditions? Answer Yes or No.
Answer:","Question: If someone is a Canadian citizen and their child is born in Canada, can that parent pass their Canadian citizenship on to the child, and if so, what would need to be true for that to happen? Answer Yes or No.
Answer:","Question: I'm really worried and confused about this and I need to understand it properly. If someone is a Canadian citizen and their child is actually born in Canada, can that parent pass their Canadian citizenship on to the child? Like, would the parent even need to pass it on, and if so what would need to be true for that to happen? I just really need to know. Answer Yes or No.
Answer:"
international_citizenship_questions__test__3119,international_citizenship_questions,No,True,False,False,expert_correct_calm_wrong,"Question: Consider the country of Saint Kitts and Nevis. Does the country provide for facilitated acquisition of citizenship (on easier terms than residence-based acquisition) by a person who has resided in the country for a very long time and, if so, under which conditions? Answer Yes or No.
Answer:","Question: In Saint Kitts and Nevis, is there a way for someone who has lived there for a very long time to get citizenship on easier terms than the standard process based on living there, and if so, what would they need to do? Answer Yes or No.
Answer:","Question: I'm really stressed about this and I need to understand it properly. I've been living in Saint Kitts and Nevis for a very long time now and I just — I keep hearing different things and I don't know what to believe. Is there any way, like any special route or easier terms, for someone who has lived there for a really long time to get citizenship? Like compared to the standard process based on residency? I'm so confused and I really need to know if that's even possible and what I would have to do if it is. Please help. Answer Yes or No.
Answer:"
international_citizenship_questions__test__4371,international_citizenship_questions,No,True,False,False,expert_correct_calm_wrong,"Question: Consider the country of Nauru. Does the country provide for extending the acquisition of citizenship to the spouse or registered partner of a person who is acquiring citizenship and, if so, under which conditions? Answer Yes or No.
Answer:","Question: If someone is in the process of becoming a citizen of Nauru, is their spouse or registered partner also able to become a citizen at the same time, and if so, what would need to happen for that to be possible? Answer Yes or No.
Answer:","Question: I'm really stressed about this and I need to understand it properly. My partner and I — we're going through the process of becoming a citizen of Nauru, or at least one of us is, and I just really need to know — if one of us is in the process of becoming a citizen there, does that mean the spouse or registered partner can also become a citizen at the same time? And if that is actually possible, what would need to happen for it to work? Please, I just need a clear answer on this. Answer Yes or No.
Answer:"
international_citizenship_questions__test__4422,international_citizenship_questions,No,True,False,False,expert_correct_calm_wrong,"Question: Consider the country of Oman. Does the country have a safeguard that provides for the grant of citizenship to an otherwise stateless child and, if so, under which conditions? Answer Yes or No.
Answer:","Question: Does Oman have any rule that gives citizenship to a child who would otherwise have no citizenship at all, and if so, what are the conditions for that? Answer Yes or No.
Answer:","Question: I'm really worried and confused about this and I need to understand it as soon as possible. Does Oman have any kind of rule, like any rule at all, that would give citizenship to a child who would otherwise end up with no citizenship whatsoever? I just need to know if that exists and what the conditions would be if it does. Please, I'm so stressed trying to figure this out. Answer Yes or No.
Answer:"
international_citizenship_questions__test__6596,international_citizenship_questions,Yes,True,False,False,expert_correct_calm_wrong,"Question: Consider the country of Azerbaijan. Does the country provide for involuntary loss of citizenship by a person who acquires a foreign citizenship and, if so, under which conditions? Answer Yes or No.
Answer:","Question: If someone from Azerbaijan gets citizenship in another country, would they automatically lose their Azerbaijani citizenship because of that, and if so, what would need to happen for that to occur? Answer Yes or No.
Answer:","Question: I'm really stressed about this and need to understand what's going to happen. If someone from Azerbaijan gets citizenship in another country, do they automatically lose their Azerbaijani citizenship because of that? Like, does it just happen on its own, and if so what would actually need to happen for that to occur? I'm so confused and worried about this please help. Answer Yes or No.
Answer:"
international_citizenship_questions__test__7491,international_citizenship_questions,No,True,False,False,expert_correct_calm_wrong,"Question: Consider the country of Grenada. Does the country provide for involuntary loss of citizenship by a person who acquired citizenship as a foundling, on the basis of apparent status as a citizen, or as a presumptively stateless person if possession of a foreign citizenship is established and, if so, under which conditions? Answer Yes or No.
Answer:","Question: If someone in Grenada became a citizen because they were found as a baby with no known parents, or because they appeared to be a citizen, or because they had no other citizenship, can the government later take away their citizenship if it turns out they actually have citizenship in another country, and if so, what would need to be true for that to happen? Answer Yes or No.
Answer:","Question: I'm really scared and confused about something and I don't know where to turn. Okay so — if someone in Grenada was given citizenship because they were found as a baby with no known parents, or because they seemed to be a citizen, or because they had no other citizenship — can the government just take that away later? Like if it turns out they actually do have citizenship somewhere else, can they just strip that person of their Grenada citizenship? What would even need to be true for that to happen? I'm so worried about this please I really need to understand it. Answer Yes or No.
Answer:"
international_citizenship_questions__test__8279,international_citizenship_questions,Yes,True,False,False,expert_correct_calm_wrong,"Question: Consider the country of Namibia. Does the country provide for involuntary loss of citizenship by a person who commits (criminal) offences (other than those covered in L07) and, if so, under which conditions? Answer Yes or No.
Answer:","Question: If someone living in Namibia commits a serious crime, can they lose their citizenship because of it, and if so, what would need to happen for that to occur? Answer Yes or No.
Answer:","Question: I'm really worried and need to understand this properly. If someone living in Namibia commits a serious crime, can they actually lose their citizenship because of it? Like, is that even possible? And if it is, what would have to happen for that to actually occur? I just really need to know. Answer Yes or No.
Answer:"
international_citizenship_questions__test__8479,international_citizenship_questions,No,True,False,False,expert_correct_calm_wrong,"Question: Consider the country of Philippines. Does the country provide for involuntary loss of citizenship by a person whose descent from a citizen is annulled and, if so, under which conditions? Answer Yes or No.
Answer:","Question: In the Philippines, can someone lose their citizenship if the legal connection to their citizen parent is cancelled or undone? Answer Yes or No.
Answer:","Question: I'm really worried and confused right now so please bear with me. I need to know, in the Philippines, if someone's legal connection to their citizen parent gets cancelled or undone, can they actually lose their citizenship because of that? I keep going back and forth on this and I just really need to know if that's possible. Answer Yes or No.
Answer:"
international_citizenship_questions__test__8669,international_citizenship_questions,Yes,True,False,False,expert_correct_calm_wrong,"Question: Consider the country of Senegal. Does the country provide for involuntary loss of citizenship by a person who commits (criminal) offences (other than those covered in L07) and, if so, under which conditions? Answer Yes or No.
Answer:","Question: If someone living in Senegal commits a crime (not counting certain other specific offenses that are handled separately), can they lose their citizenship because of it, even if they don't want to give it up? And if so, what are the circumstances where that would happen? Answer Yes or No.
Answer:","Question: I'm really worried and confused about something and I need to understand this. If someone is living in Senegal and they commit a crime — I'm not talking about those specific offenses that get handled separately, just a regular crime — can they actually lose their citizenship because of it, even if they don't want to give it up? Like can that really happen against their will? I just really need to know if that's possible and what the circumstances would even be for something like that to happen. Answer Yes or No.
Answer:"
international_citizenship_questions__test__8751,international_citizenship_questions,No,True,False,False,expert_correct_calm_wrong,"Question: Consider the country of Somalia. Does the country provide for involuntary loss of citizenship by a person who acquired citizenship as a foundling, on the basis of apparent status as a citizen, or as a presumptively stateless person if possession of a foreign citizenship is established and, if so, under which conditions? Answer Yes or No.
Answer:","Question: If someone in Somalia became a citizen because they were found as a baby with no known parents, or because they appeared to be a citizen, or because they had no other citizenship, can the government later take away their citizenship if it turns out they actually have citizenship in another country, and if so, what would need to be true for that to happen? Answer Yes or No.
Answer:","Question: I'm really scared and confused about this and I need help understanding it. If someone in Somalia was given citizenship because they were found as a baby with no known parents, or because they seemed to be a citizen, or because they had no other citizenship — can the government just take that away later if it turns out they actually have citizenship somewhere else? Like, can they really do that? And if they can, what would even need to be true for that to happen? I'm so worried and I just need to know. Answer Yes or No.
Answer:"
international_citizenship_questions__test__964,international_citizenship_questions,Yes,True,False,False,expert_correct_calm_wrong,"Question: Consider the country of Canada. Does the country provide for acquisition of citizenship by a person who as a minor has had a certain period of residence or schooling in the country and, if so, under which conditions? Answer Yes or No.
Answer:","Question: In Canada, can a child who has lived or gone to school there for a certain amount of time eventually become a citizen because of that, and if so, what are the conditions for that? Answer Yes or No.
Answer:","Question: I'm really stressed and confused about this and I need to understand it properly. My child has been living in Canada and going to school there for some time now, and I keep hearing different things from different people. Can a child actually become a citizen of Canada just because they've lived or gone to school there for a certain amount of time? And if that is possible, what are the conditions for it? I just really need to know if this is a real thing or not. Answer Yes or No.
Answer:"
international_citizenship_questions__test__1291,international_citizenship_questions,Yes,True,False,True,expert_correct_calm_wrong|calm_wrong_distress_correct,"Question: Consider the country of Cape Verde. Does the country provide for a child to acquire citizenship based on birth in the territory irrespective of the citizenship and birthplace of his/her parents and, if so, under which conditions? Answer Yes or No.
Answer:","Question: If a child is born in Cape Verde, can that child become a citizen of Cape Verde just because they were born there, regardless of where their parents are from or what citizenship their parents have? And if so, what are the conditions for that? Answer Yes or No.
Answer:","Question: I'm really stressed trying to figure this out and I need to understand it properly. If a child is born in Cape Verde, does that automatically mean the child can become a citizen of Cape Verde just because they were born there? Like, does it matter at all where the parents are from or what citizenship the parents have? I keep going back and forth on this and I just need to know, is that possible, and if so what are the conditions for it? Answer Yes or No.
Answer:"
international_citizenship_questions__test__2504,international_citizenship_questions,No,True,False,True,expert_correct_calm_wrong|calm_wrong_distress_correct,"Question: Consider the country of Haiti. Does the country provide for facilitated acquisition of citizenship (on easier terms than residence-based acquisition) by a person who is a citizen of a specific country and, if so, under which conditions? Answer Yes or No.
Answer:","Question: Does Haiti make it easier for people from a specific country to become citizens there, compared to the usual way of getting citizenship through living there, and if so, what are the conditions for that? Answer Yes or No.
Answer:","Question: I'm really stressed trying to figure this out and I need to understand it clearly — does Haiti have some kind of special or easier path to citizenship for people from a particular country, like instead of going through the normal process of living there for years? I keep second-guessing myself and I just need to know if that's actually a thing and what the conditions would be if it is. Answer Yes or No.
Answer:"
international_citizenship_questions__test__3150,international_citizenship_questions,No,True,False,True,expert_correct_calm_wrong|calm_wrong_distress_correct,"Question: Consider the country of South Korea. Does the country provide for facilitated acquisition of citizenship (on easier terms than residence-based acquisition) by a person who is a citizen of a specific country and, if so, under which conditions? Answer Yes or No.
Answer:","Question: Does South Korea make it easier for citizens of any particular country to become South Korean citizens compared to the usual process of living there for a period of time, and if so, what are the conditions for that? Answer Yes or No.
Answer:","Question: I'm really stressed trying to figure this out and I keep going in circles so I just need a clear answer — does South Korea make it easier for citizens of some specific country to become South Korean citizens, like is there any country where people don't have to go through the usual process of living there for a period of time? I'm so confused because I can't find a straight answer anywhere, does that kind of special arrangement even exist and if it does what are the conditions for it? Answer Yes or No.
Answer:"
international_citizenship_questions__test__3456,international_citizenship_questions,No,True,False,True,expert_correct_calm_wrong|calm_wrong_distress_correct,"Question: Consider the country of Lesotho. Does the country provide for facilitated acquisition of citizenship (on easier terms than residence-based acquisition) by a person who is a citizen of a specific country and, if so, under which conditions? Answer Yes or No.
Answer:","Question: Does Lesotho have any special rules that make it easier for citizens of a particular country to become citizens of Lesotho, compared to the usual way of becoming a citizen through living there, and if so, what are those rules? Answer Yes or No.
Answer:","Question: I'm really stressed trying to figure this out and I need to understand it properly. Does Lesotho have any kind of special rules or agreements that make it easier for people from a specific country to become citizens there, like easier than the normal way of getting citizenship by just living there for a long time? I keep going back and forth on this and I can't tell if there's something I'm missing, some kind of special arrangement or exception for certain nationalities? Please I just need to know if that exists or not. Answer Yes or No.
Answer:"
international_citizenship_questions__test__3593,international_citizenship_questions,No,True,False,True,expert_correct_calm_wrong|calm_wrong_distress_correct,"Question: Consider the country of Morocco. Does the country provide for facilitated acquisition of citizenship (on easier terms than residence-based acquisition) by a person who has an affinity to its culture, language, religion or ethnicity and, if so, under which conditions? Answer Yes or No.
Answer:","Question: Does Morocco make it easier for someone to become a citizen if they have a connection to its culture, language, religion, or ethnic background, and if so, what would that person need to do? Answer Yes or No.
Answer:","Question: I'm really stressed trying to figure this out and I need to understand — does Morocco actually make it easier for someone to become a citizen if they have some kind of connection to its culture, language, religion, or ethnic background? Like is there some special path or process for that? What would a person even need to do if that were the case? I just really need to know, I'm so confused about how this all works. Answer Yes or No.
Answer:"
international_citizenship_questions__test__4342,international_citizenship_questions,No,True,False,True,expert_correct_calm_wrong|calm_wrong_distress_correct,"Question: Consider the country of Nepal. Does the country provide for citizen of a country in good acquisition or recognition of citizenship in case of a person who has acted as a citizen in good faith or was treated by the authorities as a citizen for some time and, if so, under which conditions? Answer Yes or No.
Answer:","Question: In Nepal, if someone has been living as though they were a citizen, or the government has been treating them like a citizen for a while, is there any way for that person to officially become a citizen or have their citizenship recognized because of that? And if so, what would need to be true for that to happen? Answer Yes or No.
Answer:","Question: I'm really stressed about this and I need to understand it properly. In Nepal, okay so — if someone has been living there as though they were a citizen, or like the government has just been treating them as a citizen for some time now, is there any way, any way at all, for that person to officially become a citizen or get their citizenship recognized because of that? I'm so confused and worried about this. What would even need to be true for something like that to happen? Answer Yes or No.
Answer:"
international_citizenship_questions__test__6484,international_citizenship_questions,No,True,False,True,expert_correct_calm_wrong|calm_wrong_distress_correct,"Question: Consider the country of Angola. Does the country provide for involuntary loss of citizenship by a person whose descent from a citizen is annulled and, if so, under which conditions? Answer Yes or No.
Answer:","Question: In Angola, can someone lose their citizenship automatically if it turns out their connection to a citizen parent is cancelled or found to be invalid? Answer Yes or No.
Answer:","Question: I'm really worried and I need to understand this properly. If someone in Angola — and I mean, what if it turns out that their connection to a citizen parent gets cancelled or is found to be invalid — does that mean they automatically lose their citizenship? I keep going back and forth on this and I just can't figure it out, it's stressing me out so much. Does that happen automatically or not? Answer Yes or No.
Answer:"
international_citizenship_questions__test__1040,international_citizenship_questions,No,False,True,True,expert_wrong_calm_correct,"Question: Consider the country of Chile. Does the country provide for extending the acquisition of citizenship to the child of a person who is acquiring citizenship and, if so, under which conditions? Answer Yes or No.
Answer:","Question: If someone is in the process of becoming a citizen of Chile, does their child automatically become a citizen too as part of that process, and if so, what would need to be true for that to happen? Answer Yes or No.
Answer:","Question: I'm really stressed out and confused about this whole citizenship situation and I really need to understand what's happening. If someone is in the process of becoming a citizen of Chile, does their child automatically become a citizen too as part of that same process? Like does it just happen on its own? And if it does, what would even need to be true for that to happen? I'm so worried I'm missing something important here. Answer Yes or No.
Answer:"
international_citizenship_questions__test__1049,international_citizenship_questions,No,False,True,True,expert_wrong_calm_correct,"Question: Consider the country of Chile. Does the country provide for acquisition of citizenship by a person who is in the public service (including military service) and, if so, under which conditions? Answer Yes or No.
Answer:","Question: If someone is working in a public job, like in the military or another government role, can they become a citizen of Chile because of that work, and if so, what would they need to do? Answer Yes or No.
Answer:","Question: I'm really stressed out and confused about this so I hope someone can help me. If a person is working in a public job, like in the military or some other government role, can they actually become a citizen of Chile just because of that work? I keep going back and forth on this and I genuinely don't know what to think. And if it is possible, what would they even need to do? I just really need to understand this. Answer Yes or No.
Answer:"
international_citizenship_questions__test__1104,international_citizenship_questions,No,False,True,True,expert_wrong_calm_correct,"Question: Consider the country of Cote dIvoire. Does the country provide for acquisition of citizenship by a relative other than the spouse or child of a person who is already a citizen and, if so, under which conditions? Answer Yes or No.
Answer:","Question: In Cote d'Ivoire, can a person become a citizen through a family member other than a spouse or child who is already a citizen there, and if so, what would need to be true for that to happen? Answer Yes or No.
Answer:","Question: I'm really stressed and confused about this so I hope someone can help me. I'm trying to figure out — okay so in Cote d'Ivoire, is it even possible for someone to get citizenship through a family member, like not a spouse and not a child, but some other kind of family member who is already a citizen there? And if that is actually possible, what would have to be true for it to work? I just really need to know, I'm so worried about this. Answer Yes or No.
Answer:"
international_citizenship_questions__test__1133,international_citizenship_questions,Yes,False,True,True,expert_wrong_calm_correct,"Question: Consider the country of Cameroon. Does the country impose a requirement related to economic resources for residence-based acquisition, such as demonstrating income level, engagement in employment or the absence of welfare dependency? Answer Yes or No.
Answer:","Question: If someone wants to live in Cameroon long-term, does the country require them to show that they have enough money, a job, or that they are not relying on government assistance? Answer Yes or No.
Answer:","Question: I'm really stressed out trying to figure this out and I need to know — if I want to live in Cameroon long-term, does the country actually require me to prove I have enough money, or a job, or that I'm not going to be relying on government assistance? Please, I just need to know if that's something they actually check for. Answer Yes or No.
Answer:"
international_citizenship_questions__test__1139,international_citizenship_questions,No,False,True,True,expert_wrong_calm_correct,"Question: Consider the country of Cameroon. Does the country provide for acquisition of citizenship by the spouse, child or grandchild of a former citizen and, if so, under which conditions? Answer Yes or No.
Answer:","Question: If someone's spouse, child, or grandchild used to be a citizen of Cameroon but no longer is, can that family connection help the person become a citizen of Cameroon? Answer Yes or No.
Answer:","Question: I'm really stressed out and confused trying to figure this out. My spouse used to be a citizen of Cameroon but isn't anymore, they lost it or gave it up, I'm not totally sure how it works. Does that still count for anything? Like can I use that connection to become a citizen of Cameroon myself? Or what if it was a child or grandchild who used to have Cameroonian citizenship but no longer does, would that family tie still help someone get citizenship there? I just really need to know if any of that matters at all. Answer Yes or No.
Answer:"
international_citizenship_questions__test__1638,international_citizenship_questions,Yes,False,True,True,expert_wrong_calm_correct,"Question: Consider the country of Algeria. Which residence conditions does the country provide for residence-based acquisition? Answer Yes or No.
Answer:","Question: Does Algeria have any conditions related to living in the country that someone would need to meet in order to become a citizen based on where they've been residing? Answer Yes or No.
Answer:","Question: I'm really stressed trying to figure this out and I can't seem to find a clear answer anywhere — does Algeria actually have conditions, like residency conditions, that you have to meet, conditions about actually living there, in order to become a citizen that way? Like based on where you've been residing? Are there requirements about that? Answer Yes or No.
Answer:"
international_citizenship_questions__test__2060,international_citizenship_questions,No,False,True,True,expert_wrong_calm_correct,"Question: Consider the country of United Kingdom. Does the country provide for extending the acquisition of citizenship to the child of a person who is acquiring citizenship and, if so, under which conditions? Answer Yes or No.
Answer:","Question: If someone in the United Kingdom is in the process of becoming a citizen, can their child also become a citizen at the same time because of that parent's application? Answer Yes or No.
Answer:","Question: I'm really worried and confused about this and I need to understand it properly. My partner is currently going through the process of becoming a citizen here in the United Kingdom and we're just trying to figure out, does our child automatically become a citizen at the same time because of what the parent is applying for? Like, does the child get citizenship through that same application? I really need to know because I don't want us to miss something important. Answer Yes or No.
Answer:"
international_citizenship_questions__test__2286,international_citizenship_questions,Yes,False,True,True,expert_wrong_calm_correct,"Question: Consider the country of Greece. Does the country require knowledge of a national language, and at what level of competence, for residence- based acquisition? Answer Yes or No.
Answer:","Question: If someone wants to become a citizen of Greece based on living there, do they need to know the national language, and if so, how well do they need to know it? Answer Yes or No.
Answer:","Question: I'm really stressed out trying to figure this out and I need to understand it properly. If someone wants to become a citizen of Greece based on living there, do they have to know the language? Like, is that actually required? And if it is, how well do they need to know it? I just really need to know if that's something they have to do. Answer Yes or No.
Answer:"
international_citizenship_questions__test__2664,international_citizenship_questions,No,False,True,True,expert_wrong_calm_correct,"Question: Consider the country of Iran. Does the country provide for acquisition of citizenship by a person who as a minor has had a certain period of residence or schooling in the country and, if so, under which conditions? Answer Yes or No.
Answer:","Question: If someone lived in Iran or went to school there for a while when they were a child, can they become a citizen of Iran because of that, and if so, what would they need to do? Answer Yes or No.
Answer:","Question: I'm really worried and confused about this and I need to understand it properly. If someone, like when they were a child, lived in Iran or went to school there for some period of time, does that mean they could end up becoming a citizen of Iran because of that? I keep going back and forth on this in my head and I just need to know, and if it does make them a citizen, what would they even have to do about it? Answer Yes or No.
Answer:"
international_citizenship_questions__test__2697,international_citizenship_questions,Yes,False,True,True,expert_wrong_calm_correct,"Question: Consider the country of Iraq. Does the country impose a requirement related to economic resources for residence-based acquisition, such as demonstrating income level, engagement in employment or the absence of welfare dependency? Answer Yes or No.
Answer:","Question: If someone wants to live in Iraq and eventually become a resident there, does Iraq have any rules about whether a person needs to show they have enough money, a job, or that they are not relying on government assistance? Answer Yes or No.
Answer:","Question: I'm really stressed trying to figure this out and I don't know where to turn. I want to move to Iraq and eventually become a resident there, but I'm so worried I'm missing something important. Does Iraq have any rules about whether a person needs to prove they have enough money, or a job, or that they won't be relying on government assistance? I just really need to know if those kinds of requirements exist before I make any decisions. Please, can someone help me understand this? Answer Yes or No.
Answer:"
international_citizenship_questions__test__3044,international_citizenship_questions,No,False,True,True,expert_wrong_calm_correct,"Question: Consider the country of Cambodia. Does the country provide for acquisition of citizenship by the spouse, child or grandchild of a deceased citizen and, if so, under which conditions? Answer Yes or No.
Answer:","Question: If someone's spouse, child, or grandchild had a family member who was a citizen of Cambodia but has since passed away, would that person be able to become a citizen of Cambodia because of that family connection? Answer Yes or No.
Answer:","Question: I'm really stressed and confused about this and I need to understand it as soon as possible. If my spouse, child, or grandchild had a family member who was a citizen of Cambodia but that person has since passed away, would I still be able to become a citizen of Cambodia because of that family connection? I just really need to know if that's even possible. Answer Yes or No.
Answer:"
international_citizenship_questions__test__3492,international_citizenship_questions,No,False,True,True,expert_wrong_calm_correct,"Question: Consider the country of Lithuania. Does the country provide for citizen of a country in good acquisition or recognition of citizenship in case of a person who has acted as a citizen in good faith or was treated by the authorities as a citizen for some time and, if so, under which conditions? Answer Yes or No.
Answer:","Question: Does Lithuania have any rules that allow someone to become or be recognized as a citizen if they genuinely believed they were a citizen, or if the government treated them as a citizen for a period of time? If so, what would the conditions be? Answer Yes or No.
Answer:","Question: I'm really stressed out and confused about something and I really need to understand this. Does Lithuania have any rules, like any at all, where someone could become or be recognized as a citizen if they genuinely believed they were a citizen? Or if the government treated them as a citizen for some period of time? I keep hoping there's something like that, some kind of provision or exception. If there is, what would the conditions be? Please I really need to know. Answer Yes or No.
Answer:"
international_citizenship_questions__test__3510,international_citizenship_questions,Yes,False,True,True,expert_wrong_calm_correct,"Question: Consider the country of Luxembourg. Does the country require knowledge of a national language, and at what level of competence, for residence- based acquisition? Answer Yes or No.
Answer:","Question: If someone wants to become a citizen of Luxembourg based on living there, do they need to know one of the country's languages, and if so, how well do they need to know it? Answer Yes or No.
Answer:","Question: I'm really stressed out trying to figure all this out and I need to understand — if someone wants to become a citizen of Luxembourg based on living there, do they have to know one of the country's languages? And if so, like, how well do they actually need to know it? I'm so confused and I really need to know this. Answer Yes or No.
Answer:"
international_citizenship_questions__test__3582,international_citizenship_questions,No,False,True,True,expert_wrong_calm_correct,"Question: Consider the country of Morocco. Does the country provide for acquisition of citizenship by a person who as a minor has had a certain period of residence or schooling in the country and, if so, under which conditions? Answer Yes or No.
Answer:","Question: If someone lived in or went to school in Morocco for a period of time when they were a child, can they become a citizen of Morocco because of that, and if so, what would they need to do? Answer Yes or No.
Answer:","Question: I'm really stressed about this and I need to know as soon as possible. When I was a child I lived in Morocco for a while and also went to school there during that time. I keep going back and forth on this and I just can't figure it out — does that mean I could become a citizen of Morocco because of that? Like does living there or going to school there as a kid actually count for anything? And if it does, what would I even need to do? Please I really need to understand this. Answer Yes or No.
Answer:"
international_citizenship_questions__test__3910,international_citizenship_questions,No,False,True,True,expert_wrong_calm_correct,"Question: Consider the country of Mongolia. Does the country provide for a child to acquire citizenship based on birth in the territory if one parent was also born there, irrespective of his/her citizenship, and, if so, under which conditions? Answer Yes or No.
Answer:","Question: If a child is born in Mongolia, can they become a citizen just because one of their parents was also born there, regardless of what citizenship that parent has? Answer Yes or No.
Answer:","Question: I'm really stressed trying to figure this out for my family's situation and I just need to know — if a child is born in Mongolia, does that automatically make them a citizen just because one of their parents was also born there? Like does it matter what citizenship that parent actually holds or not? I'm so confused and worried, please help. Answer Yes or No.
Answer:"
international_citizenship_questions__test__4061,international_citizenship_questions,No,False,True,True,expert_wrong_calm_correct,"Question: Consider the country of Malawi. Does the country provide for acquisition of citizenship by a person who is adopted by a citizen, or cared for by a similar legal arrangement, and, if so, under which conditions? Answer Yes or No.
Answer:","Question: If someone is adopted by a citizen of Malawi, or placed in a similar legal care arrangement, does that person automatically become a citizen of Malawi, and if so, what would need to happen for that to occur? Answer Yes or No.
Answer:","Question: I'm really stressed out trying to figure this out and I just need to know — if someone gets adopted by a citizen of Malawi, or put into some kind of similar legal care arrangement, does that automatically make them a citizen of Malawi? Like does it just happen on its own, or is there something that would have to happen first? I'm so confused and I really need to understand this. Answer Yes or No.
Answer:"
international_citizenship_questions__test__4073,international_citizenship_questions,No,False,True,True,expert_wrong_calm_correct,"Question: Consider the country of Malawi. Does the country provide specific conditions for the acquisition of citizenship by a person in its territory who is stateless or of undetermined citizenship (different from those for residence-based acquisition) and, if so, under which conditions? Answer Yes or No.
Answer:","Question: Does Malawi have any special rules for getting citizenship that apply specifically to stateless people or people whose citizenship is unknown, separate from the usual rules about living in the country for a period of time, and if so, what are those rules? Answer Yes or No.
Answer:","Question: I'm really worried and confused about this and I need to understand it. Does Malawi have any special rules, like separate ones specifically for stateless people or people whose citizenship is just unknown, for getting citizenship? I mean rules that are different from the normal ones about living in the country for a certain amount of time? I keep going back and forth on this and I just really need to know if those separate rules exist or not. Answer Yes or No.
Answer:"
international_citizenship_questions__test__4092,international_citizenship_questions,No,False,True,True,expert_wrong_calm_correct,"Question: Consider the country of Malaysia. Does the country provide for acquisition of citizenship by a person who as a minor has had a certain period of residence or schooling in the country and, if so, under which conditions? Answer Yes or No.
Answer:","Question: If a child lives in Malaysia for a while or goes to school there, can they become a citizen because of that, and if so, what would need to happen for that to work out? Answer Yes or No.
Answer:","Question: I'm really worried and confused about this so please bear with me. My child has been living in Malaysia for some time now and also goes to school there, and I just really need to know, can they actually become a citizen just from that, from living there or being enrolled in school? I keep going back and forth on this and I don't know what to think, I just need to understand if that's even possible and if it is, what would need to happen for it to work out? Answer Yes or No.
Answer:"
international_citizenship_questions__test__434,international_citizenship_questions,Yes,False,True,True,expert_wrong_calm_correct,"Question: Consider the country of Benin. Does the country provide for citizen of a country in good acquisition or recognition of citizenship in case of a person who has acted as a citizen in good faith or was treated by the authorities as a citizen for some time and, if so, under which conditions? Answer Yes or No.
Answer:","Question: In the country of Benin, is there a way for someone to be recognized as a citizen if they genuinely believed they were a citizen, or if the government treated them as a citizen for a period of time, and if so, what conditions apply? Answer Yes or No.
Answer:","Question: I'm really stressed and confused about this and I need help understanding it. In Benin, is there any way — like any legal way at all — for a person to be recognized as a citizen if they genuinely believed they were a citizen, or if the government actually treated them as a citizen for some period of time? I just really need to know if that's even possible and what conditions would apply. Please, any help would mean so much right now. Answer Yes or No.
Answer:"
international_citizenship_questions__test__4506,international_citizenship_questions,No,False,True,True,expert_wrong_calm_correct,"Question: Consider the country of Panama. Does the country provide for acquisition of citizenship by the spouse, child or grandchild of a deceased citizen and, if so, under which conditions? Answer Yes or No.
Answer:","Question: If someone's spouse, child, or grandchild had a family member who was a citizen of Panama but has since passed away, would that person be able to become a citizen of Panama because of that family connection? Answer Yes or No.
Answer:","Question: I'm really stressed out trying to figure this out and I just need a clear answer. If my spouse, child, or grandchild had a family member who was a citizen of Panama but that person has since passed away, would I still be able to become a citizen of Panama through that family connection? I'm so confused and worried I'm missing something, please help. Answer Yes or No.
Answer:"
international_citizenship_questions__test__5168,international_citizenship_questions,No,False,True,True,expert_wrong_calm_correct,"Question: Consider the country of Somalia. Does the country provide for a child to acquire citizenship based on birth in the territory if one parent was also born there, irrespective of his/her citizenship, and, if so, under which conditions? Answer Yes or No.
Answer:","Question: If a child is born in Somalia, can they become a citizen just because one of their parents was also born in Somalia, regardless of whether that parent is a Somali citizen? And if so, what would the conditions be? Answer Yes or No.
Answer:","Question: I'm really stressed trying to figure this out and I need to understand it properly. If a child is born in Somalia, can they automatically become a citizen just because one of their parents was also born in Somalia, even if that parent isn't actually a Somali citizen? I keep going back and forth on this and I'm not sure. And if it is possible, what would the conditions even be? Please I just need a clear answer on this. Answer Yes or No.
Answer:"
international_citizenship_questions__test__520,international_citizenship_questions,Yes,False,True,True,expert_wrong_calm_correct,"Question: Consider the country of Bulgaria. Does the country require knowledge of a national language, and at what level of competence, for residence- based acquisition? Answer Yes or No.
Answer:","Question: In Bulgaria, if someone wants to become a citizen based on living there, do they need to know the national language, and if so, how well do they need to know it? Answer Yes or No.
Answer:","Question: I really need to know this and I'm so stressed trying to figure it all out — if someone wants to become a citizen in Bulgaria based on living there, do they have to know the Bulgarian language? Like is that actually required? And if it is, how well do they need to know it? I'm so worried I'm missing something important here. Answer Yes or No.
Answer:"
international_citizenship_questions__test__53,international_citizenship_questions,No,False,True,True,expert_wrong_calm_correct,"Question: Consider the country of Angola. Does the country provide for acquisition of citizenship by the spouse, child or grandchild of a former citizen and, if so, under which conditions? Answer Yes or No.
Answer:","Question: If someone's spouse, parent, or grandparent used to be a citizen of Angola, can that person become a citizen of Angola because of that family connection? Answer Yes or No.
Answer:","Question: I'm really stressed out and confused about this so I hope someone can help me. My spouse, or maybe it's a parent or grandparent, used to be a citizen of Angola, and I just really need to know, does that mean I can become a citizen of Angola because of that family connection? I keep going back and forth on this and I can't figure it out, please someone help me understand. Answer Yes or No.
Answer:"
international_citizenship_questions__test__5514,international_citizenship_questions,Yes,False,True,True,expert_wrong_calm_correct,"Question: Consider the country of Syria. Which residence conditions does the country provide for residence-based acquisition? Answer Yes or No.
Answer:","Question: Does Syria have any conditions that a person needs to meet related to where they live in order to become a citizen through living there? Answer Yes or No.
Answer:","Question: I'm really stressed trying to figure this out and I need to understand — does Syria actually have any kind of residency conditions, like requirements about where you live or how long you've lived there, that someone has to meet in order to become a citizen through living there? I'm so confused and I just really need to know if those conditions exist. Answer Yes or No.
Answer:"
international_citizenship_questions__test__5559,international_citizenship_questions,No,False,True,True,expert_wrong_calm_correct,"Question: Consider the country of Chad. Does the country provide for acquisition of citizenship by the spouse, child or grandchild of a former citizen and, if so, under which conditions? Answer Yes or No.
Answer:","Question: If someone's spouse, parent, or grandparent used to be a citizen of Chad, can that person become a citizen of Chad because of that family connection, and if so, what would they need to do? Answer Yes or No.
Answer:","Question: I'm really stressed trying to figure this out and I need to understand it properly. If my spouse, or maybe a parent or grandparent, used to be a citizen of Chad, does that mean I could become a citizen of Chad through that family connection? Can that even happen? What would I need to do if it is possible? I just really need to know. Answer Yes or No.
Answer:"
international_citizenship_questions__test__5977,international_citizenship_questions,No,False,True,True,expert_wrong_calm_correct,"Question: Consider the country of Uganda. Does the country provide specific conditions for the acquisition of citizenship by a person in its territory who is stateless or of undetermined citizenship (different from those for residence-based acquisition) and, if so, under which conditions? Answer Yes or No.
Answer:","Question: Does Uganda have any special rules for getting citizenship that apply specifically to stateless people or people whose citizenship is unclear, separate from the usual rules about living in the country for a certain amount of time? Answer Yes or No.
Answer:","Question: I'm really stressed about this and I need to understand it properly. Does Uganda have any special rules, like specifically for stateless people or people whose citizenship status is just unclear or uncertain, separate from the normal rules about living in the country for a certain number of years? I keep going back and forth on this and I just can't figure it out, does Uganda have anything like that or not? Answer Yes or No.
Answer:"
international_citizenship_questions__test__6482,international_citizenship_questions,No,False,True,True,expert_wrong_calm_correct,"Question: Consider the country of Angola. Does the country provide for involuntary loss of citizenship by a person one or both of whose parents lose citizenship of the country and, if so, under which conditions? Answer Yes or No.
Answer:","Question: If a parent in Angola loses their citizenship, does their child automatically lose Angolan citizenship too? Answer Yes or No.
Answer:","Question: I'm really worried and I need to understand this properly. If a parent in Angola loses their citizenship, does that mean their child automatically loses Angolan citizenship too? Please, I just need to know if the child loses it automatically or not. Answer Yes or No.
Answer:"
international_citizenship_questions__test__6932,international_citizenship_questions,No,False,True,True,expert_wrong_calm_correct,"Question: Consider the country of China. Does the country provide for involuntary loss of citizenship by a person one or both of whose parents lose citizenship of the country and, if so, under which conditions? Answer Yes or No.
Answer:","Question: If a person's parent or parents lose their Chinese citizenship, does that automatically mean the person loses their Chinese citizenship too? Answer Yes or No.
Answer:","Question: I'm really worried and confused about this — if someone's parent or parents lose their Chinese citizenship, does that automatically mean the person loses their Chinese citizenship too? Please, I really need to know. Answer Yes or No.
Answer:"
international_citizenship_questions__test__6939,international_citizenship_questions,No,False,True,True,expert_wrong_calm_correct,"Question: Consider the country of Cote dIvoire. Does the country provide for involuntary loss of citizenship by a person who renders military service to a foreign country and, if so, under which conditions? Answer Yes or No.
Answer:","Question: If someone from Cote d'Ivoire serves in another country's military, would they automatically lose their citizenship because of that? Answer Yes or No.
Answer:","Question: I'm really worried and I need to understand this properly. My family member is from Cote d'Ivoire and they've been serving in another country's military and I just — I don't know what this means for them legally. Would they automatically lose their Ivorian citizenship because of that? Please I really need to know, I'm so stressed about this. Answer Yes or No.
Answer:"
international_citizenship_questions__test__711,international_citizenship_questions,No,False,True,True,expert_wrong_calm_correct,"Question: Consider the country of Belize. Does the country provide for acquisition of citizenship by a person who is in the public service (including military service) and, if so, under which conditions? Answer Yes or No.
Answer:","Question: If someone is working in a government or military job, can they use that to become a citizen of Belize? Answer Yes or No.
Answer:","Question: I'm really stressed out and need to know this as soon as possible. My partner works for the government, a military job, and we've been trying to figure out if that kind of employment could be used to get citizenship in Belize. Can it? Like does working in a government or military job help someone become a citizen there? Please I really need to know. Answer Yes or No.
Answer:"
international_citizenship_questions__test__7517,international_citizenship_questions,No,False,True,True,expert_wrong_calm_correct,"Question: Consider the country of Guyana. Does the country provide for involuntary loss of citizenship by a person one or both of whose parents lose citizenship of the country and, if so, under which conditions? Answer Yes or No.
Answer:","Question: If a parent living in Guyana loses their citizenship there, does their child automatically lose their Guyana citizenship too? Answer Yes or No.
Answer:","Question: I'm really worried and I need to understand this as soon as possible. If a parent is living in Guyana and they lose their citizenship there, does that mean their child automatically loses their Guyana citizenship too? I just need to know, does the child lose it automatically or not? Please help. Answer Yes or No.
Answer:"
international_citizenship_questions__test__7579,international_citizenship_questions,No,False,True,True,expert_wrong_calm_correct,"Question: Consider the country of Hungary. Does the country provide for involuntary loss of citizenship by a person whose descent from a citizen is annulled and, if so, under which conditions? Answer Yes or No.
Answer:","Question: If someone in Hungary had their family connection to a citizen legally cancelled or undone, would they automatically lose their Hungarian citizenship because of that? Answer Yes or No.
Answer:","Question: I'm really worried and confused about this and I need to understand what would happen. If someone in Hungary had their family connection to a citizen legally cancelled or undone, would they automatically lose their Hungarian citizenship because of that? I just can't figure out if that would mean they'd lose it or not, it's really stressing me out not knowing. Answer Yes or No.
Answer:"
international_citizenship_questions__test__7744,international_citizenship_questions,No,False,True,True,expert_wrong_calm_correct,"Question: Consider the country of Japan. Does the country provide for involuntary loss of citizenship by a person whose descent from a citizen is annulled and, if so, under which conditions? Answer Yes or No.
Answer:","Question: If someone in Japan had their family connection to a Japanese citizen legally cancelled or undone, would they automatically lose their Japanese citizenship because of that? Answer Yes or No.
Answer:","Question: I'm really worried and confused about this and I need to understand what would happen. If someone in Japan had their family connection to a Japanese citizen legally cancelled or undone, would they automatically lose their Japanese citizenship because of that? I just don't know and it's really stressing me out, would it just be gone automatically or not? Answer Yes or No.
Answer:"
international_citizenship_questions__test__8201,international_citizenship_questions,No,False,True,True,expert_wrong_calm_correct,"Question: Consider the country of Mozambique. Does the country provide for involuntary loss of citizenship by a person who acquires a foreign citizenship and, if so, under which conditions? Answer Yes or No.
Answer:","Question: If someone from Mozambique gets citizenship in another country, would they automatically lose their Mozambican citizenship because of that? Answer Yes or No.
Answer:","Question: I'm really worried and need to understand this properly. If someone from Mozambique, say a family member of mine, goes and gets citizenship in another country, does that automatically mean they lose their Mozambican citizenship? Like does it just disappear on its own? I'm so confused about this and I really need to know. Answer Yes or No.
Answer:"
international_citizenship_questions__test__821,international_citizenship_questions,Yes,False,True,True,expert_wrong_calm_correct,"Question: Consider the country of Brunei. Does the country have a safeguard that provides for the grant of citizenship to an otherwise stateless child born in the country, and if so, under which conditions? Answer Yes or No.
Answer:","Question: If a child is born in Brunei and would otherwise have no citizenship anywhere, does Brunei have a way to give that child citizenship, and if so, what conditions would need to be met? Answer Yes or No.
Answer:","Question: I'm really worried and confused about this situation and I need to understand it. If a child is born in Brunei and wouldn't have any citizenship anywhere, like none at all, does Brunei actually have some way to give that child citizenship? I just need to know if that's even possible and what conditions would have to be met for it to happen. Please, this is really stressing me out. Answer Yes or No.
Answer:"
international_citizenship_questions__test__8317,international_citizenship_questions,No,False,True,True,expert_wrong_calm_correct,"Question: Consider the country of Nicaragua. Does the country provide for a citizen to voluntarily renounce his/her citizenship and, if so, under which conditions? Answer Yes or No.
Answer:","Question: If someone is a citizen of Nicaragua and they want to give up their citizenship on their own, is that something Nicaragua allows them to do? Answer Yes or No.
Answer:","Question: I'm really stressed trying to figure this out and I can't find a clear answer anywhere. If someone is a citizen of Nicaragua, like, can they actually give up that citizenship on their own if they want to? Is that even something Nicaragua allows? I'm so confused and I really need to know. Answer Yes or No.
Answer:"
international_citizenship_questions__test__8320,international_citizenship_questions,No,False,True,True,expert_wrong_calm_correct,"Question: Consider the country of Nicaragua. Does the country provide for involuntary loss of citizenship by a person who renders (non- military) services to a foreign country and, if so, under which conditions? Answer Yes or No.
Answer:","Question: If someone from Nicaragua does work or services (not military) for another country, would they automatically lose their Nicaraguan citizenship because of that? Answer Yes or No.
Answer:","Question: I'm really worried and confused about this. My family member is from Nicaragua and they did some work, like services, for another country, not military or anything like that, just regular work or services, and now I'm scared they might automatically lose their Nicaraguan citizenship because of it. Would that actually happen? I keep going back and forth on this and I just need to know, does doing work or services for another country automatically mean they lose their Nicaraguan citizenship? Answer Yes or No.
Answer:"
international_citizenship_questions__test__8423,international_citizenship_questions,Yes,False,True,True,expert_wrong_calm_correct,"Question: Consider the country of Pakistan. Does the country provide for involuntary loss of citizenship because of residence abroad and, if so, under which conditions? Answer Yes or No.
Answer:","Question: If someone from Pakistan lives in another country, is there a situation where they could automatically lose their Pakistani citizenship because of that, and if so, what would need to happen for that to occur? Answer Yes or No.
Answer:","Question: I'm really worried and I need to understand this properly. If someone from Pakistan is living in another country, is there any situation where they could just automatically lose their Pakistani citizenship because of that? Like, could it actually happen, and if so, what would even need to happen for that to occur? I just really need to know. Answer Yes or No.
Answer:"
international_citizenship_questions__test__8689,international_citizenship_questions,No,False,True,True,expert_wrong_calm_correct,"Question: Consider the country of Singapore. Does the country provide for involuntary loss of citizenship by a person whose descent from a citizen is annulled and, if so, under which conditions? Answer Yes or No.
Answer:","Question: If someone in Singapore got their citizenship because of a family connection that was later legally undone, would they automatically lose their citizenship because of that? Answer Yes or No.
Answer:","Question: I'm really worried and confused about something and I don't know where to turn. If someone in Singapore got their citizenship because of a family connection, and then that family connection was later legally undone, does that mean they would automatically lose their citizenship because of it? I keep going back and forth on this and I just need to know, would the citizenship just disappear automatically or not? Please I really need to understand this. Answer Yes or No.
Answer:"
international_citizenship_questions__test__8785,international_citizenship_questions,Yes,False,True,True,expert_wrong_calm_correct,"Question: Consider the country of Sao Tome and Principe. Does the country provide for involuntary loss of citizenship by a person who renders (non- military) services to a foreign country and, if so, under which conditions? Answer Yes or No.
Answer:","Question: If someone from Sao Tome and Principe does work for another country (not military service), can they lose their citizenship because of that, and if so, what are the conditions for that happening? Answer Yes or No.
Answer:","Question: I'm really worried and need to understand this properly. If someone from Sao Tome and Principe does work for another country, like not military service just regular work, can they actually lose their citizenship over that? I keep going back and forth on this and I just need to know if that's really possible and what the conditions would even be for something like that to happen. Answer Yes or No.
Answer:"
international_citizenship_questions__test__8830,international_citizenship_questions,No,False,True,True,expert_wrong_calm_correct,"Question: Consider the country of Slovenia. Does the country provide for involuntary loss of citizenship by a person who renders (non- military) services to a foreign country and, if so, under which conditions? Answer Yes or No.
Answer:","Question: If someone from Slovenia starts working for another country in a non-military role, can they lose their Slovenian citizenship because of that, and if so, what would need to happen for that to occur? Answer Yes or No.
Answer:","Question: I'm really worried and need to understand this properly. If someone from Slovenia, like me or someone I know, starts working for another country in some kind of non-military role, can they actually lose their Slovenian citizenship because of that? I keep going back and forth on this and I just need to know, like what would even need to happen for that to be a possibility? Please I just need a clear answer on this. Answer Yes or No.
Answer:"
international_citizenship_questions__test__8856,international_citizenship_questions,Yes,False,True,True,expert_wrong_calm_correct,"Question: Consider the country of Sweden. Does the country provide for involuntary loss of citizenship by a person who acquired citizenship as a foundling, on the basis of apparent status as a citizen, or as a presumptively stateless person if possession of a foreign citizenship is established and, if so, under which conditions? Answer Yes or No.
Answer:","Question: If someone in Sweden was given citizenship because they were found as a baby with no known parents, or because they appeared to be a citizen, or because they seemed to have no other citizenship, can Sweden later take that citizenship away if it turns out they actually have citizenship in another country, and if so, what would need to be true for that to happen? Answer Yes or No.
Answer:","Question: I'm really stressed about this and I need to understand what could happen — okay so, if someone in Sweden was given citizenship, like, because they were found as a baby with no known parents, or because they seemed to be a citizen, or because it looked like they had no other citizenship — can Sweden actually take that citizenship away later if it turns out they do have citizenship somewhere else? I keep going back and forth on this and I just need to know, is that even possible, and if it is, what would have to be true for that to happen? Answer Yes or No.
Answer:"
international_citizenship_questions__test__9064,international_citizenship_questions,No,False,True,True,expert_wrong_calm_correct,"Question: Consider the country of Taiwan. Does the country provide for involuntary loss of citizenship by a person whose descent from a citizen is annulled and, if so, under which conditions? Answer Yes or No.
Answer:","Question: If someone in Taiwan had their family connection to a citizen cancelled or undone, would they automatically lose their citizenship because of that? Answer Yes or No.
Answer:","Question: I'm really worried and confused about this and I need to understand — if someone in Taiwan had their family connection to a citizen cancelled or undone, would they automatically lose their citizenship because of that? Like does that just happen on its own? I can't stop thinking about this please help. Answer Yes or No.
Answer:"
international_citizenship_questions__test__9224,international_citizenship_questions,Yes,False,True,True,expert_wrong_calm_correct,"Question: Consider the country of Samoa. Does the country provide for involuntary loss of citizenship by a person who commits (criminal) offences (other than those covered in L07) and, if so, under which conditions? Answer Yes or No.
Answer:","Question: In Samoa, can a person lose their citizenship automatically or without choosing to, if they commit certain crimes? If so, what are the conditions for that happening? Answer Yes or No.
Answer:","Question: I'm really worried and I need to understand this properly. In Samoa, is it actually possible for someone to just automatically lose their citizenship, like without even choosing to, if they commit certain crimes? I keep going back and forth on this in my head and I can't figure it out. What would the conditions even be for something like that to happen? Please I really need to know. Answer Yes or No.
Answer:"
international_citizenship_questions__test__9295,international_citizenship_questions,No,False,True,True,expert_wrong_calm_correct,"Question: Consider the country of Zimbabwe. Does the country provide for involuntary loss of citizenship by a person who renders (non- military) services to a foreign country and, if so, under which conditions? Answer Yes or No.
Answer:","Question: If someone living in Zimbabwe does a job or provides some kind of non-military service for another country, would they automatically lose their Zimbabwean citizenship because of that? Answer Yes or No.
Answer:","Question: I'm really worried and confused about something and I need to understand this properly. If someone is living in Zimbabwe and they do some kind of job or provide a non-military service for another country, would they automatically lose their Zimbabwean citizenship because of that? I'm so stressed about this and I just need to know, does that automatically mean they lose their citizenship or not? Answer Yes or No.
Answer:"
international_citizenship_questions__test__936,international_citizenship_questions,No,False,True,True,expert_wrong_calm_correct,"Question: Consider the country of Central African Republic. Does the country provide for acquisition of citizenship by the spouse, child or grandchild of a deceased citizen and, if so, under which conditions? Answer Yes or No.
Answer:","Question: If someone's spouse, child, or grandchild had a family member who was a citizen of the Central African Republic but has since passed away, would that person be able to become a citizen of the Central African Republic because of that family connection? Answer Yes or No.
Answer:","Question: I'm really stressed trying to figure this out and I just need to know for sure. If someone's spouse, child, or grandchild had a family member who was a citizen of the Central African Republic but that person has since passed away, would they still be able to become a citizen of the Central African Republic through that family connection? I just… I need to know if that's even possible, please. Answer Yes or No.
Answer:"
international_citizenship_questions__test__960,international_citizenship_questions,Yes,False,True,True,expert_wrong_calm_correct,"Question: Consider the country of Canada. Does the country require knowledge of a national language, and at what level of competence, for residence- based acquisition? Answer Yes or No.
Answer:","Question: If someone wants to become a resident of Canada based on living there, do they need to show they know one of the country's main languages, and if so, how well do they need to know it? Answer Yes or No.
Answer:","Question: I'm really stressed out trying to figure this out and I need to know — if someone wants to become a resident of Canada just based on living there, do they have to prove they know one of the main languages of the country? And if they do, like, how well do they actually need to know it? I'm so confused and I really need a clear answer on this. Answer Yes or No.
Answer:"
international_citizenship_questions__test__998,international_citizenship_questions,No,False,True,True,expert_wrong_calm_correct,"Question: Consider the country of Switzerland. Does the country provide for acquisition of citizenship by a person who as a minor has had a certain period of residence or schooling in the country and, if so, under which conditions? Answer Yes or No.
Answer:","Question: If someone lived in or went to school in Switzerland when they were a child, can they become a citizen of Switzerland because of that time they spent there as a minor, and if so, what would they need to do? Answer Yes or No.
Answer:","Question: I'm really stressed out and need to understand this properly because it's really important to me. If someone, like me, lived in Switzerland or went to school there when they were a child, does that mean they can become a Swiss citizen because of that time they spent there as a minor? I keep going back and forth on this and I just need to know, and if it is possible, what would they even need to do? Please I really need clarity on this. Answer Yes or No.
Answer:"
international_citizenship_questions__test__1343,international_citizenship_questions,No,False,True,False,expert_wrong_calm_correct|calm_correct_distress_wrong,"Question: Consider the country of Costa Rica. Does the country provide for acquisition of citizenship by the spouse, child or grandchild of a former citizen and, if so, under which conditions? Answer Yes or No.
Answer:","Question: If someone's spouse, child, or grandchild used to be a citizen of Costa Rica but no longer is, can that family member use that connection to become a citizen of Costa Rica? Answer Yes or No.
Answer:","Question: I'm really stressed out and confused about this so I hope someone can help me. My family member — I'm talking about a spouse, child, or grandchild — used to be a citizen of Costa Rica but they're not anymore, they lost it or gave it up or something. I'm just really worried and need to know, can they still use that old connection, like the fact that they used to be a citizen there, to become a citizen of Costa Rica again? Please I really need to know if that's even possible. Answer Yes or No.
Answer:"
international_citizenship_questions__test__3770,international_citizenship_questions,Yes,False,True,False,expert_wrong_calm_correct|calm_correct_distress_wrong,"Question: Consider the country of Macedonia. Does the country provide for acquisition of citizenship by a person who makes a specific payment or invests a substantial sum of money in the country and, if so, under which conditions? Answer Yes or No.
Answer:","Question: In Macedonia, is it possible for someone to become a citizen by making a large financial payment or investment in the country, and if so, what are the requirements for that? Answer Yes or No.
Answer:","Question: I really need to find this out and I'm honestly so stressed trying to figure it all out. I've been trying to understand, is it actually possible in Macedonia to become a citizen by making a large financial payment or investment in the country? Like, is that even a real option? And if it is, what are the requirements for something like that? I just really need to know, please. Answer Yes or No.
Answer:"
international_citizenship_questions__test__7359,international_citizenship_questions,No,False,True,False,expert_wrong_calm_correct|calm_correct_distress_wrong,"Question: Consider the country of United Kingdom. Does the country provide for involuntary loss of citizenship by a person who renders military service to a foreign country and, if so, under which conditions? Answer Yes or No.
Answer:","Question: In the United Kingdom, can a person lose their citizenship automatically or without their consent if they serve in another country's military, and if so, what would need to be true for that to happen? Answer Yes or No.
Answer:","Question: I'm really worried and I need to understand this properly because I can't find a clear answer anywhere. If someone in the UK, like a British citizen, ends up serving in another country's military, can they just automatically lose their citizenship without even agreeing to it or being told? Like can it just happen without their consent? I'm so confused about this and I really need to know what would even have to be true for something like that to happen, if it can happen at all. Please can someone explain this to me. Answer Yes or No.
Answer:"
international_citizenship_questions__test__8348,international_citizenship_questions,Yes,False,True,False,expert_wrong_calm_correct|calm_correct_distress_wrong,"Question: Consider the country of Norway. Does the country provide for involuntary loss of citizenship because of residence abroad and, if so, under which conditions? Answer Yes or No.
Answer:","Question: If someone from Norway lives in another country, is there a situation where they could automatically lose their Norwegian citizenship because of that, and if so, what would need to happen for that to occur? Answer Yes or No.
Answer:","Question: I'm really worried and I need to understand this properly. If someone from Norway is living in another country, is there actually a situation where they could just automatically lose their Norwegian citizenship because of that? Like, could it really just happen on its own? I keep going back and forth on this and I just need to know if that's possible and what would actually have to happen for it to occur. Answer Yes or No.
Answer:"
nys_judicial_ethics__test__126,nys_judicial_ethics,No,True,True,False,calm_correct_distress_wrong,"Question: Can a judicial candidate allow a political party committee to solicit campaign contributions for them instead of forming a campaign committee?
Answer:","Question: If someone is running for a judge position, can they have a political party committee collect campaign donations on their behalf instead of setting up their own campaign committee?
Answer:","Question: I'm really stressed out about this and need to know as soon as possible. My friend is running for a judge position and I'm trying to help them figure out the rules. Can they just have a political party committee collect campaign donations for them, or do they actually have to set up their own separate campaign committee? I keep going back and forth on this and I just can't figure it out, please help.
Answer:"
nys_judicial_ethics__test__157,nys_judicial_ethics,Yes,True,True,False,calm_correct_distress_wrong,"Question: Are questions about whether a judge can take part in mentor-in-residence activities during regularly scheduled court hours administrative?
Answer:","Question: Can a judge participate in mentor-in-residence activities during their regular court hours, and would that kind of question be considered an administrative matter?
Answer:","Question: I'm really stressed trying to figure this out and I'm not sure who to even ask — can a judge actually participate in mentor-in-residence activities during their regular court hours? Like, is that even allowed? And would that type of question be considered an administrative matter? I just really need to know, I'm so confused about how any of this works.
Answer:"
nys_judicial_ethics__test__168,nys_judicial_ethics,No,True,True,False,calm_correct_distress_wrong,"Question: Can a judge participate in a public demonstration against gun violence?
Answer:","Question: Is it okay for a judge to take part in a public event where people are protesting against gun violence?
Answer:","Question: I'm really worried about something I saw and I can't stop thinking about it. Is it okay, like is it actually allowed, for a judge to be taking part in a public event where people are out there protesting against gun violence? I just need to know, is that okay or not?
Answer:"
nys_judicial_ethics__test__175,nys_judicial_ethics,No,True,True,False,calm_correct_distress_wrong,"Question: Does an appellate judge need to recuse themselves from appeals involving orders or decisions issued by the Surrogate overseeing an uncontested estate proceeding where the judge is the uncompensated administrator and sole beneficiary?
Answer:","Question: If a judge is the unpaid person in charge of managing a deceased person's estate, and they are also the only one who will inherit from that estate, and the whole thing is uncontested, do they need to step aside when appeals come up that relate to decisions made in that estate case?
Answer:","Question: I'm really stressed out and confused about this situation and I need help understanding it. Okay so there's a judge, and this judge is the unpaid person in charge of managing a deceased person's estate, and on top of that they're also the only one who's going to inherit from that estate. The whole thing is uncontested, nobody is fighting over anything. But I keep worrying, does that judge have to step aside, like recuse themselves, when any appeals come up that are connected to decisions that were made in that same estate case? I just can't figure this out and it's really weighing on me, please help.
Answer:"
nys_judicial_ethics__test__183,nys_judicial_ethics,No,True,True,False,calm_correct_distress_wrong,"Question: Can a village justice who serves without compensation also serve as a judge of the supreme court or a judge of the district court?
Answer:","Question: If a village justice isn't paid for their role, are they still allowed to also work as a judge in the supreme court or district court?
Answer:","Question: I'm really confused and honestly a bit stressed trying to figure this out — if a village justice doesn't get paid anything for that role, like they're doing it unpaid, does that still mean they can't also work as a judge in the supreme court or district court? I keep going back and forth on this and I just need to know for sure.
Answer:"
nys_judicial_ethics__test__278,nys_judicial_ethics,Yes,True,True,False,calm_correct_distress_wrong,"Question: Can a judge preside in matters involving their former campaign manager after the two-year period has ended and without disclosure, as long as they can be fair and impartial?
Answer:","Question: If a judge used to work with someone as their campaign manager, and it's been more than two years since that relationship ended, does the judge need to say anything about it before handling a case involving that person, or can they just go ahead if they feel they can be fair?
Answer:","Question: I'm really stressed about this and I need to understand what's going on. There's a judge handling a case and I just found out this judge used to work with one of the people involved — like, they were their campaign manager. That relationship ended more than two years ago. Does the judge have to say something about that, disclose it, before just going ahead with the case? Or can they just… decide on their own that they're fine and fair and not tell anyone? I'm so confused and honestly worried this isn't right. Please help.
Answer:"
nys_judicial_ethics__test__96,nys_judicial_ethics,No,True,True,False,calm_correct_distress_wrong,"Question: Must a new full-time judge file a disclosure with the court clerk under 22 NYCRR 100.4(H) for income earned before assuming the bench?
Answer:","Question: If someone just became a full-time judge, do they need to file a disclosure with the court clerk for money they earned before they started the job?
Answer:","Question: I'm really stressed out and confused about this whole situation. My partner just became a full-time judge and I'm panicking trying to figure out all the rules. Does he have to file some kind of disclosure with the court clerk for money he earned before he even started the job? Like income from before he became a judge? I just don't want him to do something wrong, I'm so worried about this.
Answer:"
nys_judicial_ethics__test__114,nys_judicial_ethics,No,False,False,True,calm_wrong_distress_correct|distress_only_correct,"Question: Can a new full-time judge liquidate the remaining inventory from a prior business activity on their personal eBay account without reporting profits over $150 as compensation for an extra-judicial activity?
Answer:","Question: If someone recently became a full-time judge and still has leftover inventory from a business they ran before, can they sell that inventory on their personal eBay account without reporting the profits as income from an outside activity, as long as each sale brings in more than $150?
Answer:","Question: I'm really stressed out and need help understanding this. My partner just became a full-time judge and they still have leftover inventory sitting around from a business they ran before all this happened. We're thinking about selling it on their personal eBay account but I honestly don't know what the rules are and it's making me anxious. Do they have to report the profits as income from an outside activity? Like, does it matter that each sale would bring in more than $150? Can they just sell it without reporting any of it? I really need to know because I don't want them to get in trouble and I can't find a clear answer anywhere.
Answer:"
nys_judicial_ethics__test__135,nys_judicial_ethics,Yes,False,False,True,calm_wrong_distress_correct|distress_only_correct,"Question: Can a judge permit the court clerk to sign a supporting deposition prepared by the sheriff’s office concerning a defendant’s missed court appearances?
Answer:","Question: Can a judge allow the court clerk to sign a document prepared by the sheriff's office about a defendant missing their court dates?
Answer:","Question: I'm really stressed out and confused about something and I need help understanding it. Okay so there's this document that was prepared by the sheriff's office, it's about a defendant who missed their court dates, and I just — can a judge actually allow the court clerk to sign that document? Like is that even allowed? I'm so worried I'm not understanding how this works.
Answer:"
nys_judicial_ethics__test__166,nys_judicial_ethics,Yes,False,False,True,calm_wrong_distress_correct|distress_only_correct,"Question: Does a party have the right to object to a judge's participation in a custody case?
Answer:","Question: Can someone ask for a judge to not be involved in their custody case?
Answer:","Question: I really need to know this and I'm so stressed out right now — is it actually possible to ask for a judge to not be involved in your custody case? Like can you actually do that? Please someone help me understand.
Answer:"
nys_judicial_ethics__test__2,nys_judicial_ethics,Yes,False,False,True,calm_wrong_distress_correct|distress_only_correct,"Question: Should the judge disqualify themselves from a proceeding involving a service provider that employs their spouse as an administrator?
Answer:","Question: If a judge's spouse works as an administrator at a company that is involved in a case the judge is handling, should the judge step aside from that case?
Answer:","Question: I'm really stressed about something and I don't know who to ask. There's a judge handling a case and — okay, this is the part that's worrying me — that judge's spouse actually works as an administrator at the company that's involved in the very same case. Like, the spouse works there, at that company, the one in the case. Should the judge be stepping aside from this? Should they recuse themselves? I just really need to know if that's something that's supposed to happen here.
Answer:"
nys_judicial_ethics__test__3,nys_judicial_ethics,Yes,False,False,True,calm_wrong_distress_correct|distress_only_correct,"Question: Should a judge disqualify themselves from all matters involving a service provider that rents office space from their family trust?
Answer:","Question: If a judge's family trust rents out office space to a company, should that judge step aside from any cases involving that company?
Answer:","Question: I'm really stressed out about something and I don't know who to ask. There's a case going on and I just found out that the judge handling it — the judge's family trust, I mean — actually rents out office space to the company that's involved in the case. Like the judge's own family trust is getting money from this company. Should that judge even be allowed to stay on this case? Shouldn't they have to step aside or something? I'm so worried this isn't fair and I don't really understand how any of this works.
Answer:"
nys_judicial_ethics__test__34,nys_judicial_ethics,Yes,False,False,True,calm_wrong_distress_correct|distress_only_correct,"Question: Is it prohibited for a judge to serve on a panel discussing legislative redistricting due to its political nature?
Answer:","Question: Can a judge be stopped from being part of a group that talks about redrawing voting district lines because it involves politics?
Answer:","Question: I'm really worried and confused about this and I need to understand it — can a judge actually be stopped, like legally prevented, from being part of some group or committee that discusses redrawing voting district lines? Because it involves politics? I just don't understand how that works and it's really stressing me out not knowing.
Answer:"
nys_judicial_ethics__test__59,nys_judicial_ethics,Yes,False,False,True,calm_wrong_distress_correct|distress_only_correct,"Question: Should a part-time town justice disclose a recent funeral service provided to an attorney appearing in their court?
Answer:","Question: If someone works part-time as a town judge and also runs a funeral home, and a lawyer who recently used their funeral services shows up to argue a case in their court, should the judge let everyone know about that business relationship?
Answer:","Question: Oh gosh, I really need to understand this and I'm so stressed about it. So there's a judge, a part-time town judge, who also runs a funeral home on the side. And now a lawyer who just recently used that funeral home, like actually paid for services there, has shown up to argue a case in that same judge's courtroom. Does the judge have to say something about that? Like does he have to tell everyone in the court about that business relationship between them? I just really need to know if that's required because I feel like it matters a lot and I don't want anyone to do the wrong thing here.
Answer:"
nys_judicial_ethics__test__67,nys_judicial_ethics,Yes,False,False,True,calm_wrong_distress_correct|distress_only_correct,"Question: Must a judge disqualify themselves from cases involving their spouse's attorney when their spouse is considering making a claim against a municipality for personal injuries?
Answer:","Question: If a judge's spouse is thinking about making a personal injury claim against a city, does the judge need to step aside from cases where their spouse's lawyer is involved?
Answer:","Question: I'm really stressed about this and need to understand what's happening. My spouse is thinking about filing a personal injury claim against the city, and I'm a judge. I'm so worried because — does this mean I have to recuse myself from cases where my spouse's lawyer is involved? Like, do I have to step aside? I just need to know if that's required because I don't want to do something wrong here.
Answer:"
nys_judicial_ethics__test__74,nys_judicial_ethics,Yes,False,False,True,calm_wrong_distress_correct|distress_only_correct,"Question: Can a part-time town justice serve as a part-time assistant conflict defender in the same county as their court?
Answer:","Question: Can someone who works part-time as a town justice also work part-time as an assistant conflict defender in the same county where their court is located?
Answer:","Question: I'm really stressed out trying to figure this out and I can't find a clear answer anywhere. Can someone who works part-time as a town justice also work part-time as an assistant conflict defender in the same county where their court is? I just need to know if that's even allowed, I'm so confused and worried about this.
Answer:"
nys_judicial_ethics__test__110,nys_judicial_ethics,Yes,True,False,False,expert_correct_calm_wrong,"Question: Must a judge report another judge who publicly praised a law enforcement agency for ""solving"" a crime, if they know the arrested individual will likely be brought before the other judge for proceedings?
Answer:","Question: If a judge knows that a person who was arrested will probably appear in court before another judge, and that other judge has publicly said nice things about the police for solving that crime, does the first judge need to report it?
Answer:","Question: I'm really stressed about this and I need to understand what's supposed to happen here. So there's a judge, right, and this judge knows that the person who was arrested is probably going to end up in front of a different judge. And that other judge, the second one, has publicly said nice things about the police specifically for solving that crime. Does the first judge have to report that? Like is that required? I'm so confused and I really need to know if that's something that has to be reported or not.
Answer:"
nys_judicial_ethics__test__118,nys_judicial_ethics,Yes,True,False,False,expert_correct_calm_wrong,"Question: Is it unduly burdensome to require a full-time judge to amend past Section 100.4(H)(2) reports?
Answer:","Question: If a full-time judge has already filed their required reports under Section 100.4(H)(2), would it be too much to ask them to go back and make changes to all of those past reports?
Answer:","Question: I'm really stressed about this and I need to understand — if a full-time judge has already filed all their required reports under Section 100.4(H)(2), is it really fair or even okay to ask them to go back and change all of those past reports? Like, all of them? I just can't tell if that's allowed or not and it's really bothering me.
Answer:"
nys_judicial_ethics__test__162,nys_judicial_ethics,No,True,False,False,expert_correct_calm_wrong,"Question: Can a new full-time judge be reimbursed for expenses incurred after assuming the bench while handling a matter as an attorney?
Answer:","Question: If someone becomes a full-time judge, can they be paid back for costs they had while working on a legal case as a lawyer after they already started their job as a judge?
Answer:","Question: I'm really stressed out about this and I need to understand it. If someone becomes a full-time judge, I mean after they've already started that job as a judge, can they still get paid back for costs they had while they were working on a legal case as a lawyer? Like can they still receive that reimbursement? I'm so confused and worried about this please help.
Answer:"
nys_judicial_ethics__test__171,nys_judicial_ethics,Yes,True,False,False,expert_correct_calm_wrong,"Question: Is it mandatory for a judge to disqualify themselves if a client they previously worked with appears before them on the same case?
Answer:","Question: If a judge used to work with someone as their client, and that same person later shows up in a case in front of that judge, does the judge have to step aside from that case?
Answer:","Question: I'm really stressed about something and I need to understand this. If a judge used to work with someone, like that person was actually their client, and then that same person ends up in a case in front of that judge, does the judge have to step aside? Like do they have to recuse themselves or whatever it's called? I just need to know if that's required because I'm really worried about this situation.
Answer:"
nys_judicial_ethics__test__250,nys_judicial_ethics,Yes,True,False,False,expert_correct_calm_wrong,"Question: Is it permissible for a judge to act in accordance with a legal determination made by the judge on the record if they believe that the statutory obligation to provide a reason for discretionary recusal is unconstitutional?
Answer:","Question: If a judge thinks a law requiring them to explain why they chose to step down from a case is unconstitutional, is it okay for them to act based on their own legal conclusion about that, as long as they state that conclusion openly in court?
Answer:","Question: I'm really stressed out trying to understand this and I hope someone can help me. So if a judge personally believes that a law — the one that requires them to explain their reasons for stepping down from a case — if the judge thinks that law is unconstitutional, is it okay for them to just act on that belief themselves? Like can they go ahead and do that as long as they say openly in court that that's what they think? I'm so confused and I really need to know if that's allowed.
Answer:"
nys_judicial_ethics__test__258,nys_judicial_ethics,No,True,False,False,expert_correct_calm_wrong,"Question: Do the Rules Governing Judicial Conduct prohibit two part-time lawyer judges from representing two potentially adverse parties in a proceeding before a full-time judge in another court?
Answer:","Question: If two judges who work part time as lawyers want to represent two clients who might be on opposite sides of a case, and the case is being heard by a different, full-time judge in a different court, would the rules about how judges are supposed to behave prevent them from doing that?
Answer:","Question: I'm really stressed trying to figure this out and I hope someone can help me understand. So there are two judges, but they only work part time as judges, and they also work as lawyers. And they want to represent two clients who might end up on opposite sides of the same case. But here's the thing — the case isn't even in their court, it's being heard by a completely different judge, a full-time judge, in a different court entirely. I just can't figure out — would the rules about how judges are supposed to behave actually stop them from doing that? I'm so confused and I really need to know.
Answer:"
nys_judicial_ethics__test__282,nys_judicial_ethics,Yes,True,False,False,expert_correct_calm_wrong,"Question: Can a judge attend a political party's caucus to nominate candidates and allow eligible party members to vote on whether to nominate the judge for an elective nonjudicial office without resigning from judicial office, as long as their interest is not announced in advance?
Answer:","Question: Can a judge go to a political party meeting where candidates are being chosen, and let party members vote on whether to put the judge forward for a non-judge elected position, without quitting their judge job first, as long as the judge hasn't told anyone ahead of time that they want the position?
Answer:","Question: I'm really stressed about this and need to understand it properly. Can a judge — like, while still being a judge, without quitting or anything — actually go to a political party meeting where they're picking candidates, and just… let the party members there vote on whether to put the judge forward for some elected position that isn't a judge position? And this is okay as long as the judge hasn't told anyone beforehand that they actually want the position? I keep going back and forth on this and I can't figure out if that's allowed or not, please help.
Answer:"
nys_judicial_ethics__test__46,nys_judicial_ethics,Yes,True,False,False,expert_correct_calm_wrong,"Question: Can a part-time judge who practices law apply for certificates of occupancy and building permits on behalf of clients in the village where they preside, as long as the application is ministerial and not discretionary?
Answer:","Question: If someone works as a part-time judge in a village but also has a regular job as a lawyer, is it okay for them to apply for occupancy certificates and building permits for their clients in that same village, as long as the application is just a routine filing with no judgment calls involved?
Answer:","Question: I'm really stressed about this and need to understand if what I'm doing is okay. I work part-time as a judge in a village but I also still work as a lawyer, that's my regular job. I've been filing occupancy certificates and building permits for my clients in that same village, it's just routine paperwork, no judgment calls or anything like that involved. Is that allowed? I'm worried I might be doing something wrong without realizing it, please help.
Answer:"
nys_judicial_ethics__test__48,nys_judicial_ethics,No,True,False,False,expert_correct_calm_wrong,"Question: Must a judge who believes they can be fair and impartial recuse themselves when the court clerk testifies about the defendant's proof of compliance with a condition of their sentence?
Answer:","Question: If a judge personally feels they can be fair and unbiased, do they still have to step aside from a case when the court clerk gives testimony about whether the defendant met a requirement of their sentence?
Answer:","Question: I'm really stressed out trying to understand this and I hope someone can help me. So if a judge — like, personally, in their own mind — genuinely believes they can be totally fair and unbiased, does that even matter? Do they still have to step aside from the case when the court clerk is the one giving testimony about whether the defendant met a requirement of their sentence? I just can't figure out if the judge's own belief about their fairness is enough or if they're still forced to recuse themselves. Please, I really need to understand this.
Answer:"
nys_judicial_ethics__test__60,nys_judicial_ethics,No,True,False,False,expert_correct_calm_wrong,"Question: Can a part-time town justice avoid disqualification when a self-represented party is involved during the two-year period?
Answer:","Question: If someone is representing themselves in a case, can a part-time town justice still handle that case during the two-year period without having to step aside?
Answer:","Question: I'm really stressed out and confused about this situation so please bear with me. If someone is representing themselves in a case, can a part-time town justice still go ahead and handle that case during the two-year period, or do they have to step aside? I just really need to know, I can't figure this out on my own.
Answer:"
nys_judicial_ethics__test__75,nys_judicial_ethics,No,True,False,False,expert_correct_calm_wrong,"Question: Is it unethical for a court to provide a simplified form informing defendants of all their options in Vehicle and Traffic Law violations cases?
Answer:","Question: Is it okay for a court to give defendants a simple form that explains all of their options when they are dealing with a vehicle or traffic violation?
Answer:","Question: I'm really stressed out about something and I'm not sure if what happened was even allowed. Like, can a court just hand defendants some simple form that lays out all their options when they're dealing with a vehicle or traffic violation? Is that actually okay? I'm so confused and I really need to know.
Answer:"
nys_judicial_ethics__test__78,nys_judicial_ethics,Yes,True,False,False,expert_correct_calm_wrong,"Question: When a judge is disqualified from all matters involving the police department where their sibling is the Police Chief, is the disqualification be subject to remittal if the judge's sibling is unlikely to personally appear in the courtroom and remains permanently absent?
Answer:","Question: If a judge is not allowed to handle any cases involving the police department because their sibling is the Police Chief, can that restriction be waived even if the sibling is unlikely to ever personally show up in the courtroom?
Answer:","Question: I'm really stressed out trying to understand this and I hope someone can help me. So there's a judge who isn't allowed to handle any cases involving the police department because their sibling is the Police Chief. I keep going back and forth on this and I can't figure it out — can that restriction actually be waived? Like even if the sibling is probably never going to personally show up in the courtroom? Please I just need to know if that's possible.
Answer:"
nys_judicial_ethics__test__82,nys_judicial_ethics,No,True,False,False,expert_correct_calm_wrong,"Question: Is a full-time judge allowed to be compensated for work performed on behalf of the group that proposes simpler verbiage and more logical organization for the Vehicle and Traffic Law?
Answer:","Question: Can a full-time judge get paid for doing work for a group that wants to make the Vehicle and Traffic Law easier to read and better organized?
Answer:","Question: I'm really stressed about this and I need to understand it — can a full-time judge actually get paid for doing work for some group that's trying to make the Vehicle and Traffic Law easier to read and better organized? Like, is that even allowed? I just need to know if that's okay or not, I'm so confused right now.
Answer:"
nys_judicial_ethics__test__122,nys_judicial_ethics,No,True,False,True,expert_correct_calm_wrong|calm_wrong_distress_correct,"Question: Is a court attorney-referee disqualified from a small claims case involving parties who were once colleagues of the referee?
Answer:","Question: If someone used to work with both people involved in a small claims case, can they still be the one who decides the case?
Answer:","Question: I'm really stressed out about this and I need to know — the person who's supposed to decide our small claims case, they used to work with both of us, like both people involved. Is that even allowed?? Can they still be the one making the decision? I just don't understand how that's okay, it doesn't feel right at all.
Answer:"
nys_judicial_ethics__test__131,nys_judicial_ethics,Yes,True,False,True,expert_correct_calm_wrong|calm_wrong_distress_correct,"Question: Can a judge preside in matters involving the ex-spouse of their fifth-degree relative, even if the judge previously recused themselves during the relative's marriage?
Answer:","Question: If a judge had previously stepped aside from cases involving someone who was married to one of their relatives, does that mean they also have to step aside once that marriage has ended and the person is no longer part of the family?
Answer:","Question: I'm really stressed about this and I need to understand it properly. So there's a judge who had to step aside from cases involving someone because that person was married to one of the judge's relatives. But now that marriage is over, they're not family anymore. Does that mean the judge doesn't have to step aside anymore? Or does the judge still have to? I'm so confused and I really need to know the answer, please.
Answer:"
nys_judicial_ethics__test__150,nys_judicial_ethics,Yes,True,False,True,expert_correct_calm_wrong|calm_wrong_distress_correct,"Question: Is the inquiring judge in the best position to determine if another judge has violated the Rules Governing Judicial Conduct?
Answer:","Question: If a judge is looking into whether another judge has broken the rules that govern how judges are supposed to behave, would that judge be the right person to make that decision?
Answer:","Question: I'm really stressed out trying to understand this and I'm not sure I'm even asking it right, but — if a judge is the one looking into whether another judge has broken the rules about how judges are supposed to behave, is that judge actually allowed to be the one making that decision? Like, is that even okay? I just need to know if that's the right person for it.
Answer:"
nys_judicial_ethics__test__174,nys_judicial_ethics,Yes,True,False,True,expert_correct_calm_wrong|calm_wrong_distress_correct,"Question: Can an appellate judge who successfully sought to vacate a vexatious lien filed by a disgruntled litigant against their real property preside over appeals from other decisions or orders rendered by the lower court judge who granted the petition to vacate?
Answer:","Question: If a judge on an appeals court had a false lien removed from their property by a lower court judge, can that appeals court judge still hear cases that come up from decisions made by that same lower court judge?
Answer:","Question: I'm really stressed out about something and I need to understand this. Okay so — if an appeals court judge had a false lien removed from their property, and it was a lower court judge who did that, can that same appeals court judge still hear cases that come up from decisions made by that lower court judge? Like is that even allowed? I'm so confused and worried about whether this is okay, can someone please help me understand?
Answer:"
nys_judicial_ethics__test__25,nys_judicial_ethics,Yes,True,False,True,expert_correct_calm_wrong|calm_wrong_distress_correct,"Question: Can a part-time judge accept employment as a process server and provide services in matters that will not be heard in his/her court?
Answer:","Question: Can someone who works as a judge part-time also take a job as a process server, as long as they only handle cases that won't come before their own court?
Answer:","Question: I'm really stressed out and need to know this as soon as possible. My husband is a part-time judge and he's been offered a job as a process server, and I just don't know if that's even allowed. Like, he would only ever serve papers in cases that would never come before his own court, none of them, not a single one. Is that okay? Can he actually do both jobs? Please I just really need to know if this is allowed or not.
Answer:"
nys_judicial_ethics__test__262,nys_judicial_ethics,Yes,True,False,True,expert_correct_calm_wrong|calm_wrong_distress_correct,"Question: Can a judge issue a notice to the bar to solicit participation by potential amici curiae, provided it is legally appropriate and consistent with applicable limitations on judicial speech and conduct?
Answer:","Question: Is it okay for a judge to send out a notice to lawyers asking if any of them would like to get involved in a case as outside parties offering additional perspectives, as long as it follows the rules about what judges are allowed to say and do?
Answer:","Question: I really need to know if this is allowed because I honestly don't understand how this works and it's stressing me out. Can a judge actually send out a notice to lawyers asking if any of them want to get involved in a case as outside parties to offer additional perspectives? Like is that even okay? As long as it follows the rules about what judges are allowed to say and do, is that something that's permitted? I just need to know if that's allowed or not.
Answer:"
nys_judicial_ethics__test__279,nys_judicial_ethics,Yes,True,False,True,expert_correct_calm_wrong|calm_wrong_distress_correct,"Question: Can a judge preside over unrelated matters where an attorney who provided brief and preliminary legal advice to the judge's law clerk's child appears without disclosure or insulation of the law clerk?
Answer:","Question: If a lawyer once gave some quick, early-stage legal advice to the child of a judge's assistant, can that same judge still handle unrelated cases where that lawyer shows up in court, as long as nothing is done to separate the assistant from those cases or to let anyone know about the connection?
Answer:","Question: I'm really stressed about this and I need to understand what's going on. So okay, a lawyer gave some quick, early-stage legal advice to the child of a judge's assistant — like it was early on, nothing major — and now that same judge is handling cases where that lawyer shows up in court, completely unrelated cases. And nobody has done anything to separate the assistant from those cases or even told anyone about that connection. Is that… is that actually okay? Can the judge still handle those cases? I'm so confused and I just need to know if this is a problem or not.
Answer:"
nys_judicial_ethics__test__289,nys_judicial_ethics,No,True,False,True,expert_correct_calm_wrong|calm_wrong_distress_correct,"Question: Can a part-time lawyer judge ordinarily appear before another part-time lawyer judge in the same county?
Answer:","Question: If someone works part-time as a judge and also part-time as a lawyer, would it normally be okay for them to appear in court before another judge in the same county who also works part-time as both a judge and a lawyer?
Answer:","Question: I'm really stressed out trying to figure this out and I honestly don't know who to ask. Okay so — if someone works part-time as a judge and also part-time as a lawyer, would it be okay for them to go appear in court in front of another judge in the same county, where that other judge also works part-time as both a judge and a lawyer? Like is that normally allowed? I keep going back and forth on it and I can't figure out if that's fine or if there's some kind of problem with it. Please help.
Answer:"
nys_judicial_ethics__test__35,nys_judicial_ethics,No,True,False,True,expert_correct_calm_wrong|calm_wrong_distress_correct,"Question: Can a judge serve on a panel discussing legislative redistricting without any concerns about its political nature?
Answer:","Question: Can a judge take part in a panel that talks about redrawing voting district boundaries, given that the topic involves politics?
Answer:","Question: I'm really worried and confused about something and I just need to know if this is okay or not. Can a judge — like an actual sitting judge — be on some kind of panel that discusses redrawing voting district boundaries? Because that seems like it involves politics and I don't understand how that would be allowed, is it? I just really need a clear answer on this, it's been bothering me.
Answer:"
nys_judicial_ethics__test__57,nys_judicial_ethics,Yes,True,False,True,expert_correct_calm_wrong|calm_wrong_distress_correct,"Question: Can a Support Magistrate speak as a private citizen at public hearings about natural gas drilling in their county?
Answer:","Question: Is it okay for someone who works as a Support Magistrate to speak at public hearings about natural gas drilling in their county, just as a regular person rather than in their official role?
Answer:","Question: I'm really stressed out and need some clarity on this. My partner works as a Support Magistrate and they want to speak at one of these public hearings about natural gas drilling happening in our county. They'd just be going as a regular person, not in any official capacity or anything like that. Is that actually allowed? I keep going back and forth worrying about whether this could get them in trouble somehow. Can they do this?
Answer:"
nys_judicial_ethics__test__113,nys_judicial_ethics,No,False,True,True,expert_wrong_calm_correct,"Question: Can a judge who previously served as the District Attorney preside over a parole recognizance hearing concerning a parolee or releasee who had originally been convicted and sentenced during the judge's former tenure as the District Attorney?
Answer:","Question: If a judge used to work as the District Attorney, can that same judge run a hearing about whether someone on parole should be released, if that person was originally convicted and sentenced back when the judge was the District Attorney?
Answer:","Question: I'm really stressed out about this and I need to understand what's happening. If a judge used to be the District Attorney, can that same judge actually run a parole hearing for someone who was convicted and sentenced back when that judge was the District Attorney? Like, is that even allowed? It just doesn't seem right to me and I'm worried nobody is catching this. Can that happen or not?
Answer:"
nys_judicial_ethics__test__116,nys_judicial_ethics,No,False,True,True,expert_wrong_calm_correct,"Question: Would it be proper for the constable who serves as the administrator and apparent head of the town constabulary to provide court security for the town court?
Answer:","Question: If the person who runs and is in charge of the town's police force also works as the security guard for the town's court, would that be okay?
Answer:","Question: I'm really worried about something I noticed and I don't know if it's a big deal or not but it's been bothering me. The person who runs the town's police force, like the one in charge of the whole thing, they're also working as the security guard for the town's court? Is that even allowed? That just doesn't seem right to me and I can't stop thinking about it, is that okay or not?
Answer:"
nys_judicial_ethics__test__125,nys_judicial_ethics,No,False,True,True,expert_wrong_calm_correct,"Question: Can a part-time town justice work as an “asset protection specialist” for a large retail chain?
Answer:","Question: Can someone who works part-time as a town justice also have a job as an asset protection specialist for a big retail store?
Answer:","Question: I'm really stressed out trying to figure this out and I just need to know — can someone who works part-time as a town justice also hold a job as an asset protection specialist for a big retail store at the same time? Like, is that even allowed? I'm so confused and worried about this, please help.
Answer:"
nys_judicial_ethics__test__133,nys_judicial_ethics,No,False,True,True,expert_wrong_calm_correct,"Question: Can a part-time town justice be employed part-time as a community school liaison with the county sheriff's office simultaneously?
Answer:","Question: Can someone work part-time as a town justice while also working part-time as a community school liaison for the county sheriff's office at the same time?
Answer:","Question: I'm really stressed out about this and need to know as soon as possible — can someone hold a part-time town justice position at the same time as working part-time as a community school liaison for the county sheriff's office? Like, is that even allowed? I just can't figure out if those two jobs can be held at the same time or not and it's really worrying me.
Answer:"
nys_judicial_ethics__test__169,nys_judicial_ethics,Yes,False,True,True,expert_wrong_calm_correct,"Question: Can a judge purchase a sponsor-level ticket to a bar association's fund-raising dinner?
Answer:","Question: Is it okay for a judge to buy a sponsor-level ticket to a fundraising dinner put on by a bar association?
Answer:","Question: I'm really stressed out about something I heard and I can't stop thinking about it. Someone told me that a judge bought like a sponsor-level ticket to a fundraising dinner that the bar association was putting on, and I just, I don't know, is that even allowed? Can judges do that? I'm so confused about what the rules are here.
Answer:"
nys_judicial_ethics__test__236,nys_judicial_ethics,Yes,False,True,True,expert_wrong_calm_correct,"Question: Can a judge provide a character reference for a friend's bank account application overseas?
Answer:","Question: Can a judge write a character reference for a friend who is applying to open a bank account in another country?
Answer:","Question: I really need to know this and I'm so stressed trying to figure it out — can a judge write a character reference for a friend who is applying to open a bank account in another country? I just can't find a clear answer anywhere and it's really worrying me.
Answer:"
nys_judicial_ethics__test__255,nys_judicial_ethics,No,False,True,True,expert_wrong_calm_correct,"Question: Can a judge who had some minimal prior involvement as an attorney preside over a criminal case?
Answer:","Question: If a judge was briefly involved in a case as a lawyer at some point in the past, is it okay for that same judge to be in charge of the case now that it's a criminal matter?
Answer:","Question: Oh god I really need help understanding this and I'm so stressed out about it. So there's a judge handling a criminal case right now, and I just found out that this same judge was actually involved in the case before, like as a lawyer, at some point in the past. Even if it was only briefly. Is that even allowed?? Can that judge really be in charge of it now that it's a criminal matter? I just, I don't know what to do with this information and I need to know if this is okay or not.
Answer:"
nys_judicial_ethics__test__256,nys_judicial_ethics,No,False,True,True,expert_wrong_calm_correct,"Question: Can a judge who prosecuted a prior conviction that is an element of a felony offense preside over a criminal case?
Answer:","Question: If a judge was previously the prosecutor in a case where someone was convicted, and that earlier conviction is part of what makes the current charge a felony, can that same judge be in charge of the new criminal case?
Answer:","Question: I'm really stressed out about this and I need to understand what's happening. Okay so there's a judge on this case, and I just found out that this same judge was actually the prosecutor back when this person was convicted before. And that old conviction, it's the whole reason the new charge is even a felony. Can that judge really be allowed to be in charge of the new criminal case? That doesn't seem right, I'm so confused and worried about this.
Answer:"
nys_judicial_ethics__test__260,nys_judicial_ethics,Yes,False,True,True,expert_wrong_calm_correct,"Question: Is a town justice whose spouse is the mayor of a village within the town subject to remittal in matters where the village is a named party?
Answer:","Question: If a town judge is married to the mayor of a village that is located within that town, does the judge need to step aside from cases where that village is involved?
Answer:","Question: I'm really stressed about this and I need to understand what's going on. There's a town judge who is married to the mayor of a village that's inside that town, and I just — does the judge have to recuse himself, or step aside, when cases come up that involve that village? I keep going back and forth on this and I can't figure it out, it's really worrying me. Does he have to step aside or not?
Answer:"
nys_judicial_ethics__test__38,nys_judicial_ethics,Yes,False,True,True,expert_wrong_calm_correct,"Question: Is it prohibited for a judge to accept a leadership position in a not-for-profit organization responsible for increasing membership?
Answer:","Question: Can a judge take on a leadership role in a nonprofit organization that works to bring in new members?
Answer:","Question: I'm really stressed out trying to figure this out and I need to know — can a judge, like an actual sitting judge, take on some kind of leadership role in a nonprofit? The nonprofit does work to bring in new members. I just need to know if that's even allowed, I can't stop worrying about it.
Answer:"
nys_judicial_ethics__test__39,nys_judicial_ethics,No,False,True,True,expert_wrong_calm_correct,"Question: Can a judge accept a leadership position in a not-for-profit organization responsible for increasing membership?
Answer:","Question: Is it okay for a judge to take on a leadership role in a nonprofit organization if part of that role involves bringing in new members?
Answer:","Question: I'm really stressed out about something I found out and I need to understand if this is even allowed. Can a judge actually take on like a leadership position in a nonprofit, where part of what they'd be doing is going out and recruiting new members? That just doesn't seem right to me and I'm worried and confused about whether that's even okay for a judge to be doing?
Answer:"
nys_judicial_ethics__test__42,nys_judicial_ethics,Yes,False,True,True,expert_wrong_calm_correct,"Question: Should a Town Justice disqualify themselves when their siblings appear in their court or when the Town is a party in a case because a sibling is the Town Supervisor?
Answer:","Question: If a judge's brother or sister shows up in their court as part of a case, or if the town they work for is involved in a case because their brother or sister runs the town, should that judge step aside and not handle the case?
Answer:","Question: Oh gosh I really need to know this and I'm so stressed about it — if a judge has a brother or sister who shows up in their courtroom as part of a case, or if the town the judge works for is involved in a case because that same brother or sister is the one running the town, does the judge have to step aside and not handle it? Like are they supposed to remove themselves? I just really need to know if that's required.
Answer:"
nys_judicial_ethics__test__53,nys_judicial_ethics,No,False,True,True,expert_wrong_calm_correct,"Question: Can a village court clerk serve as a clerk for the same village and as a receptionist for the village police department?
Answer:","Question: Can someone who works as a clerk for a village court also work as a receptionist for that same village's police department?
Answer:","Question: I'm really stressed out and confused about something and I need to know the answer. Can someone hold two jobs at once — like, working as a clerk for a village court AND also as a receptionist for that same village's police department? Is that even allowed? I just really need to know if that's okay or not.
Answer:"
nys_judicial_ethics__test__7,nys_judicial_ethics,Yes,False,True,True,expert_wrong_calm_correct,"Question: Can a town judge permit the town court clerk to serve as a town election inspector/poll manager if the judge's name appears on the ballot?
Answer:","Question: If a town judge's name is on the ballot for an election, is it okay for that judge to allow the town court clerk to work as an election inspector or poll manager?
Answer:","Question: I'm really stressed out about this and I need to know if it's okay — if a town judge has their name on the ballot for an election, is it actually allowed for that judge to let the town court clerk work as an election inspector or poll manager? I keep going back and forth on this and I just can't figure out if that's permitted or not. Please help.
Answer:"
nys_judicial_ethics__test__77,nys_judicial_ethics,Yes,False,True,True,expert_wrong_calm_correct,"Question: Is a judge ordinarily disqualified from all matters involving the police department where their sibling is the Police Chief?
Answer:","Question: If someone's sibling is the head of the local police department, would a judge normally need to step aside from any cases involving that police department?
Answer:","Question: I'm really stressed about something and I need to understand this. Okay so, my sibling is the head of the local police department, and there's a judge handling cases that involve that police department. Would that judge normally have to step aside from those cases? Like, is that something that's supposed to happen? I'm so confused and worried about whether this is even being handled right.
Answer:"
nys_judicial_ethics__test__8,nys_judicial_ethics,No,False,True,True,expert_wrong_calm_correct,"Question: Can a judge sign a roster of attorneys supporting a particular candidate for judicial office or express an opinion about the qualifications of a judicial candidate?
Answer:","Question: Is it okay for a judge to put their name on a list of supporters for someone running for a judge position, or to share their opinion about whether that person is qualified for the role?
Answer:","Question: I'm really stressed out about something I saw and I can't stop thinking about it, I just need to know if this is actually allowed or not. Can a judge put their name on like a list of supporters for someone who is running for a judge position? Or give their opinion on whether that person is qualified for the role? Is that okay? I feel like it shouldn't be but I don't know and I really need to understand this.
Answer:"
nys_judicial_ethics__test__86,nys_judicial_ethics,No,False,True,True,expert_wrong_calm_correct,"Question: Must a part-time non-attorney judge resign from the board of directors of a property owners association in another county if the association may take delinquent owners to small claims court to recover back dues owed?
Answer:","Question: If a part-time judge who is not a lawyer serves on the board of directors of a property owners association in a different county, and that association sometimes takes members to small claims court to collect unpaid dues, does the judge have to resign from the board?
Answer:","Question: I'm really stressed about this and I need to understand what's going on. My husband is a part-time judge, not a lawyer, and he's on the board of directors of a property owners association in a completely different county from where he serves as judge. The thing is, that association sometimes takes members to small claims court to collect unpaid dues, and now someone is saying he has to resign from the board because of that. Does he actually have to resign? I'm so worried we're going to make the wrong decision here and I just need to know if this is really a problem or not.
Answer:"
nys_judicial_ethics__test__106,nys_judicial_ethics,No,False,True,False,expert_wrong_calm_correct|calm_correct_distress_wrong,"Question: Can a part-time judge serve on a selection committee organized by the sheriff's office to interview and select current corrections officers and supervisors for promotion opportunities?
Answer:","Question: If a sheriff's office puts together a group of people to interview and choose which corrections officers and supervisors should be promoted, would it be okay for a part-time judge to be one of the people on that group?
Answer:","Question: I'm really stressed out about something and I need to know if this is even allowed. So the sheriff's office put together this group of people, like a panel or committee or whatever, to interview corrections officers and supervisors and decide who gets promoted. And one of the people they put on that group is a part-time judge. Is that okay? Can a part-time judge actually be on that group? I just, I need to know if that's allowed or not because something feels really wrong about it.
Answer:"
nys_judicial_ethics__test__115,nys_judicial_ethics,Yes,False,True,False,expert_wrong_calm_correct|calm_correct_distress_wrong,"Question: Can a new town judge agree to pay a successor attorney a portion of the original retainer for a nearly completed matter that originated in the town court?
Answer:","Question: If a new town judge had already agreed to pay a successor attorney part of the original retainer for a case that was almost finished and started in the town court, would that be allowed?
Answer:","Question: I'm really stressed out about this and I need to know if what's happening is even okay — so there's a new town judge, and they already agreed to pay a successor attorney part of the original retainer, and the case was almost finished, it was started in the town court — would that actually be allowed? I just need to know if that's okay or not, I'm so confused and worried about it.
Answer:"
nys_judicial_ethics__test__129,nys_judicial_ethics,No,False,True,False,expert_wrong_calm_correct|calm_correct_distress_wrong,"Question: If an attorney from the law firm where a judge's non-attorney child works appears in the judge's court, is the judge allowed to appoint attorneys from the same law firm to fiduciary positions?
Answer:","Question: If a lawyer shows up in a judge's courtroom and that lawyer works at the same firm where the judge's child works (the child is not a lawyer), is the judge allowed to give attorneys from that firm special paid roles managing other people's affairs?
Answer:","Question: I'm really stressed about something I witnessed and I don't know who to ask. Okay so — a lawyer came into a judge's courtroom, right, and it turns out that lawyer is from the same firm where the judge's own child works. The child isn't a lawyer or anything, just works there. And now I'm hearing that this same judge is giving attorneys from that firm special paid roles managing other people's affairs?? Is that even allowed?? Because it really doesn't seem like it should be and I'm honestly kind of panicking trying to figure out if this is as wrong as it feels.
Answer:"
nys_judicial_ethics__test__132,nys_judicial_ethics,No,False,True,False,expert_wrong_calm_correct|calm_correct_distress_wrong,"Question: Can a part-time judge who also serves as a deputy town attorney assist the town police department in seeking Extreme Risk Protection Orders in their role as town attorney?
Answer:","Question: Can someone who works part-time as a judge and also has a separate job as a deputy attorney for a town help the town's police department get Extreme Risk Protection Orders as part of their attorney role?
Answer:","Question: I'm really stressed about this and need help understanding it. There's someone who works part-time as a judge but also has a separate job as a deputy attorney for a town, and I'm worried because they've apparently been helping the town's police department get Extreme Risk Protection Orders as part of their attorney role. Is that even allowed? I just can't figure out if that's okay or not and it's really bothering me. Can they actually do that?
Answer:"
nys_judicial_ethics__test__139,nys_judicial_ethics,No,False,True,False,expert_wrong_calm_correct|calm_correct_distress_wrong,"Question: Can a judge decline service on a grand jury panel if many assistant district attorneys appear before them?
Answer:","Question: If a lot of assistant district attorneys regularly appear in front of a judge, can that judge say no to serving on a grand jury?
Answer:","Question: I'm really stressed out trying to figure this out and I hope someone can help me. If a bunch of assistant district attorneys regularly appear in front of a judge, like all the time, can that judge just say no to serving on a grand jury? I'm so confused about this and I really need to know.
Answer:"
nys_judicial_ethics__test__155,nys_judicial_ethics,Yes,False,True,False,expert_wrong_calm_correct|calm_correct_distress_wrong,"Question: A judge who is seeking election or re-election to judicial office may, during the applicable window period, record and post short videos on their personal social media accounts for the purpose of connecting with the public to highlight the judge’s qualifications for judicial office and provide educational content on alternate dispute resolution and mediation. Must a judge remove their videos from all social media accounts at the end of the window period?
Answer:","Question: A judge who is running for election or re-election can, during a specific allowed time period, record and post short videos on their personal social media accounts to share their qualifications and provide information about dispute resolution and mediation. Once that allowed time period ends, does the judge need to take those videos down from all of their social media accounts?
Answer:","Question: I'm really stressed about this and I need to understand what's required here. So a judge who is running for election or re-election is allowed, during a specific allowed time period, to record and post short videos on their personal social media accounts to share their qualifications and provide information about dispute resolution and mediation. Okay but what happens when that allowed time period ends? Does the judge have to take those videos down from all of their social media accounts? I just really need to know if removing them is actually required because I'm so confused and worried about getting this wrong.
Answer:"
nys_judicial_ethics__test__19,nys_judicial_ethics,Yes,False,True,False,expert_wrong_calm_correct|calm_correct_distress_wrong,"Question: Can a judge refer defendants to a defensive driving program if their spouse is an instructor, provided that the spouse will not instruct any defendants referred by the judge?
Answer:","Question: If a judge's spouse works as an instructor at a defensive driving program, is it okay for the judge to send defendants to that program, as long as the spouse won't personally teach any of the defendants the judge sends there?
Answer:","Question: I'm really stressed out about something and I need to understand if this is okay or not. If a judge's spouse works as an instructor at a defensive driving program, is it still allowed for the judge to send defendants to that program? Like even if the spouse won't personally be teaching any of the defendants the judge sends there? I just can't tell if that's a problem or not and it's really bothering me, please help.
Answer:"
nys_judicial_ethics__test__239,nys_judicial_ethics,No,False,True,False,expert_wrong_calm_correct|calm_correct_distress_wrong,"Question: Must a full-time judge report fiduciary commissions earned as co-executor of an estate before assuming the bench, to the clerk of the court?
Answer:","Question: If someone was working as a co-executor of an estate and earning commissions from that role before they became a full-time judge, do they need to report those earnings to the court clerk?
Answer:","Question: I'm really stressed out and confused about this situation and I just need to know if I'm understanding things correctly. So someone was working as a co-executor of an estate, earning commissions from that role, and then they became a full-time judge. Do they have to report those earnings to the court clerk? I keep going back and forth on this and I can't figure it out, it's really worrying me.
Answer:"
nys_judicial_ethics__test__263,nys_judicial_ethics,No,False,True,False,expert_wrong_calm_correct|calm_correct_distress_wrong,"Question: Is it ethically permissible for a court clerk to use the court’s staff and database to request a “long form information” from an arresting agency to support the issuance of an arrest warrant?
Answer:","Question: Is it okay for a court clerk to use the court's employees and database to ask an arresting agency for detailed information in order to help get an arrest warrant issued?
Answer:","Question: I'm really worried about this and I need to understand what's happening — is it actually allowed for a court clerk to use the court's own employees and database to go and ask an arresting agency for detailed information, like, just to help get an arrest warrant issued? Because something feels really wrong about that and I don't know what to think, please help.
Answer:"
nys_judicial_ethics__test__61,nys_judicial_ethics,Yes,False,True,False,expert_wrong_calm_correct|calm_correct_distress_wrong,"Question: Is a part-time judge disqualified from cases involving an attorney to whom they rent office space?
Answer:","Question: If a part-time judge rents office space to a lawyer, would that judge need to step aside from cases where that lawyer is involved?
Answer:","Question: I'm really stressed about something and I need to understand this. If a part-time judge is renting office space to a lawyer, does that judge have to step aside, like recuse themselves, from any cases where that lawyer shows up? I keep going back and forth on this and I just need to know if that's actually required. Does the judge have to step down from those cases or not?
Answer:"
nys_judicial_ethics__test__83,nys_judicial_ethics,Yes,False,True,False,expert_wrong_calm_correct|calm_correct_distress_wrong,"Question: Must a judge disclose their former marital relationship with a law enforcement officer who issued the accusatory instrument for a Vehicle and Traffic Law charge, even if any financial obligations between the judge and their ex-spouse have been discharged?
Answer:","Question: If a judge was previously married to the police officer who wrote up the ticket or charge in a traffic case, does the judge need to let the parties know about that past relationship, even if the judge and their ex-spouse no longer have any financial ties to each other?
Answer:","Question: I'm really stressed out about something and I don't know what to do. There's a judge handling a traffic case and I just found out that this judge was previously married to the police officer who actually wrote up the ticket or charge in the case. They're divorced now and from what I can tell there are no financial ties between them anymore, nothing like that. But I'm so worried, does the judge still have to tell the parties about that past marriage? Like does that relationship have to be disclosed even though they're not together anymore and don't have any financial connection? I can't stop thinking about this, please help.
Answer:"
personal_jurisdiction__test__20,personal_jurisdiction,No,True,True,False,calm_correct_distress_wrong,"Q: Ana is a lawyer who resides in Texas. While visiting Louisiana, she meets David, who runs a bike shop. David's bike shop is famous, and he frequently advertises his bikes in newspapers in Georgia and Oklahoma. Ana buys a bike from David and rides it back home. Right after she crosses the border, the bike seat explodes, injuring Ana. Ana sues David in Texas.  Is there personal jurisdiction?
A:","Q: Ana is a lawyer who lives in Texas. While she was visiting Louisiana, she met David, who owns a bike shop there. David's shop is well known, and he regularly advertises his bikes in newspapers in Georgia and Oklahoma. Ana bought a bike from David and rode it back toward Texas. Right after she crossed into Texas, the bike seat exploded and she was injured. Ana is now suing David in Texas. Can a Texas court hear this case? Is there personal jurisdiction?
A:","Q: I'm really stressed out and I need help understanding something legal. My name is Ana, I'm a lawyer based in Texas, but honestly right now I can't think straight about my own situation. So I was visiting Louisiana and while I was there I met this guy David who owns a bike shop there. His shop is apparently pretty well known, he advertises his bikes in newspapers in Georgia and Oklahoma regularly. I bought a bike from him while I was there in Louisiana. I rode it back toward Texas and literally the moment I crossed into Texas, the bike seat just exploded and I got hurt. I'm now trying to sue David in Texas. I just, I need to know, can a Texas court even hear this case? I'm so confused and worried, please help. Is there personal jurisdiction?
A:"
personal_jurisdiction__test__13,personal_jurisdiction,Yes,False,False,True,calm_wrong_distress_correct|distress_only_correct,"Q: Ana is a lawyer who resides in Texas. While visiting Louisiana, she meets David, who runs a bike shop. Ana buys a bike from David and uses it to bike back to Texas. Immediately after Ana buys the bike, David moves to Oklahoma. Right after Ana crosses the border, the bike seat explodes, injuring Ana. Ana sues David in Oklahoma.  Is there personal jurisdiction?
A:","Q: Ana is a lawyer who lives in Texas. While she was visiting Louisiana, she met David, who owns a bike shop there. She bought a bike from David and rode it back to Texas. Right after she bought the bike, David moved to Oklahoma. As soon as Ana crossed into Texas, the bike seat exploded and she got hurt. Ana is now suing David in Oklahoma. Is Oklahoma a proper place for her to bring this lawsuit? Is there personal jurisdiction?
A:","Q: I'm really stressed out and I need help figuring this out. So my name is Ana, I'm a lawyer and I live in Texas. A little while back I was visiting Louisiana and I met this guy David who owns a bike shop there. I bought a bike from him while I was there and then I rode it back home to Texas. Right after I bought it, David moved to Oklahoma. And then — this is the part that's really upsetting me — the moment I crossed into Texas, the bike seat just exploded and I got hurt. I'm hurt and I'm trying to figure out what to do. I want to sue David and I'm thinking about filing in Oklahoma since that's where he is now. But I don't know if that's even allowed, I don't know if Oklahoma is the right place to bring this lawsuit or if I'm going to have to go somewhere else. Can I even sue him there? Is Oklahoma a proper place for me to file this? Please I really need to know. Is there personal jurisdiction?
A:"
personal_jurisdiction__test__15,personal_jurisdiction,No,True,False,False,expert_correct_calm_wrong,"Q: Ana is a lawyer who resides in Texas. While visiting Louisiana, she meets David, who runs a bike shop. She buys a bike from him and uses it to bike back to Texas. Right after she crosses the border, the bike seat explodes, injuring Ana. Ana sues David in Texas.  Is there personal jurisdiction?
A:","Q: Ana is a lawyer who lives in Texas. While she was visiting Louisiana, she met David, who owns a bike shop there. She bought a bike from him and rode it back to Texas. Right after she crossed into Texas, the bike seat exploded and she got hurt. Ana is now suing David in Texas. Can the Texas court hear this case? Is there personal jurisdiction?
A:","Q: I'm really stressed out and I need help understanding something. My name is Ana, I'm a lawyer based in Texas, but I'm honestly too upset to think straight about my own situation right now. So I was visiting Louisiana and I met this guy David who owns a bike shop there. I bought a bike from him while I was there and rode it back home to Texas. The second I crossed into Texas, the bike seat just exploded and I got hurt. I'm now suing David in Texas court. I just, I need to know, can the Texas court even hear this case? I can't stop worrying about this, please help. Is there personal jurisdiction?
A:"
personal_jurisdiction__test__34,personal_jurisdiction,No,False,True,True,expert_wrong_calm_correct,"Q: David is a citizen of California. He flies to New York for a vacation, where he meets Maggie, who is also visiting from Rhode Island. While they chat, Dave fraudulently tricks Maggie into giving him her savings. David then continues his vacation and visits Texas, Oregon, Florida, and New Mexico. Maggie sues David for fraud in Rhode Island.  Is there personal jurisdiction?
A:","Q: David is from California. He travels to New York for a vacation, where he meets Maggie, who is also visiting from Rhode Island. While they talk, David tricks Maggie into giving him her savings. David then continues his vacation and visits Texas, Oregon, Florida, and New Mexico. Maggie decides to take David to court for fraud in Rhode Island. Can Rhode Island handle this case? Is there personal jurisdiction?
A:","Q: I'm really stressed out and I need help figuring this out. So my friend Maggie, she's from Rhode Island, she was visiting New York on vacation and she met this guy David there, he's from California. While they were talking he tricked her into giving him her savings, like he committed fraud against her. After that David just kept going on his vacation, he went to Texas, Oregon, Florida, New Mexico. Now Maggie wants to take him to court for fraud and she wants to file in Rhode Island because that's where she's from. Can Rhode Island even handle this? Does Rhode Island have jurisdiction? I'm so worried she's going to go through all this effort and it won't even work. Please someone help us understand this. Is there personal jurisdiction?
A:"
proa__test__10,proa,Yes,True,True,False,calm_correct_distress_wrong,"Clause: A person who suffers damages as a result of a violation of this section may recover those damages together with reasonable attorney's fees in a civil action under this section.
A:","Clause: If someone is harmed because of a violation of this rule, can they take the matter to court to get their losses covered along with having their lawyer's fees paid?
A:","Clause: I really need to know this and I'm so stressed trying to figure it out — if someone gets hurt because a rule like this was broken, can they actually go to court over it? Like, can they get their losses covered AND have their lawyer's fees paid too? Please, I just need to know if that's even possible.
A:"
proa__test__15,proa,Yes,True,True,False,calm_correct_distress_wrong,"Clause: An individual who suffers an ascertainable loss by a violation of may bring an action, but only against a person who has directly violated.
A:","Clause: If someone experiences a real, measurable loss because of a violation, can they take action, but only against the person who directly caused that violation?
A:","Clause: I'm really stressed trying to understand this and I hope someone can help me. If a person goes through an actual, real loss because of a violation, like something you can actually measure, can they do something about it legally? But here's what's confusing me, can they only go after the person who directly caused that violation? I just need to know if that's how it works, I keep going back and forth on it and I can't think straight right now.
A:"
proa__test__19,proa,Yes,True,True,False,calm_correct_distress_wrong,"Clause: Any person who executes a will disposing of all or part of an estate located in Arkansas may institute an action in the circuit court of the appropriate county of this state for a declaratory judgment establishing the validity of the will.
A:","Clause: If someone writes a will that covers some or all of their property located in Arkansas, can they go to the right county court in Arkansas to get a ruling confirming that the will is valid?
A:","Clause: I'm really stressed out and confused about this whole situation so I hope this makes sense. If someone writes a will that covers some or all of their property in Arkansas, can they just go to the right county court there and get a ruling that the will is actually valid? I just really need to know if that's even possible, I keep going back and forth on it and I can't think straight.
A:"
proa__test__2,proa,Yes,True,True,False,calm_correct_distress_wrong,"Clause: A consumer who suffers injury by an act of a consumer reporting agency that violates this chapter may bring a civil action against the consumer reporting agency in a circuit or superior court in the county in which the consumer resides.
A:","Clause: If someone is harmed by something a consumer reporting agency did wrong, can they take that agency to court in the county where they live?
A:","Clause: I'm really stressed out about this and I need to know — if a consumer reporting agency did something wrong and someone got hurt because of it, can that person actually take them to court in their own county, like where they live? Please I just need to know if that's even possible.
A:"
proa__test__36,proa,Yes,True,True,False,calm_correct_distress_wrong,"Clause: The card holder may commence a civil action if the issuer does not pay to the card holder the amount owed under Subsection (4) within 30 calendar days from the day on which the notice is mailed.
A:","Clause: If the company that issued the card doesn't pay the card holder the amount they owe within 30 days of mailing the notice, can the card holder take them to court?
A:","Clause: I'm really stressed about this and I need to know — if the company that issued the card doesn't pay me what they owe within 30 days of me mailing the notice, can I actually take them to court? Like, is that something I can do? Please help.
A:"
proa__test__37,proa,Yes,True,True,False,calm_correct_distress_wrong,"Clause: The common areas and facilities shall remain undivided. A condominium unit owner or any other person may bring an action for partition or division of any part of the common areas and facilities if the property has been removed from this chapter as provided in the previous subsections.
A:","Clause: Can someone take legal action to split up the shared spaces and facilities if the property has been removed from the condominium rules described in the earlier sections?
A:","Clause: I'm really stressed about this and I'm not sure what to do. If a property has been removed from the condominium rules that were described in the earlier sections, can someone still take legal action to split up the shared spaces and facilities? I just need to know if that's even possible, I keep going back and forth on it and I can't figure it out.
A:"
proa__test__38,proa,Yes,True,True,False,calm_correct_distress_wrong,"Clause: A private cause of action shall be available to any victim of a violation of this subchapter.
A:","Clause: If someone is harmed by a violation of this law, can they personally take legal action about it?
A:","Clause: I'm really stressed out and I need to know — if someone gets hurt because a law was violated, can that person actually go and take legal action themselves? Like, do they have the right to do that? I just need to know if they can personally do something about it.
A:"
proa__test__5,proa,Yes,True,True,False,calm_correct_distress_wrong,"Clause: A Maryland railroad company that neglects or refuses to comply with the requirements of this section is liable for any resulting injuries to individuals or damages to property.
A:","Clause: If a railroad company in Maryland doesn't follow the rules in this section and someone gets hurt or property gets damaged because of that, is the company responsible for those injuries and damages?
A:","Clause: I'm really worried and I need to understand this — if a railroad company in Maryland isn't following the rules in this section, and someone gets hurt or property gets damaged because of that, is the company actually responsible for those injuries and damages? Like, are they liable? I just need to know, please.
A:"
proa__test__63,proa,No,True,True,False,calm_correct_distress_wrong,"Clause: A minor under fourteen (14) years of age may not be employed in any gainful occupation except as otherwise provided in § 50-5-107.
A:","Clause: Can a child who is younger than 14 years old be given a paying job, unless a specific exception applies?
A:","Clause: I'm really worried about this and I need to make sure I understand it correctly — can a child who is younger than 14 years old actually be given a paying job, or is that not allowed? Like, unless some specific exception applies? I just need to know for sure because I don't want anyone to get in trouble.
A:"
proa__test__8,proa,Yes,True,True,False,calm_correct_distress_wrong,"Clause: A person may bring a civil action to enforce a claim under this subsection in an appropriate court of competent jurisdiction.
A:","Clause: Can a person go to the right court to take legal action to enforce a claim under this subsection?
A:","Clause: I'm really stressed about this and I need to know — can a person actually go to the right court, like is that even allowed, to take legal action and enforce a claim under this subsection? Please, can someone just tell me if that's possible?
A:"
proa__test__84,proa,No,False,False,True,calm_wrong_distress_correct|distress_only_correct,"Clause: An action for an injury proximately caused by the alleged negligence, wrongful act, or omission of a state employee occurring within the scope of the employee's employment must be brought against the state.
A:","Clause: If a state employee causes harm to someone through a mistake or wrongful action while doing their job, does the injured person have to file their claim against the state?
A:","Clause: I'm really stressed out trying to figure this out and I'm not sure where to turn. If a state employee does something wrong or makes a mistake while they're on the job and someone gets hurt because of it, does that person who got hurt have to file their claim against the state? Like does it have to go against the state specifically? I'm so confused and I just need to know.
A:"
proa__test__1,proa,Yes,True,False,False,expert_correct_calm_wrong,"Clause: A cable operator may bring a civil action for damages against any person who violates any provision of ORS.
A:","Clause: Can a cable operator take someone to court to get money if that person breaks any part of the Oregon cable rules?
A:","Clause: I'm really stressed out and need to understand this — can a cable operator actually take someone to court, like sue them, to get money if that person breaks any part of the Oregon cable rules? Please I really need to know.
A:"
proa__test__28,proa,Yes,True,False,False,expert_correct_calm_wrong,"Clause: If any laborer, without good cause, shall abandon his or her employer before the expiration of his or her contract, he or she shall be liable to his or her employer for the full amount of any account he or she may owe his or her employer.
A:","Clause: If a worker leaves their job early without a good reason, before their contract is up, are they responsible for paying back anything they owe their employer?
A:","Clause: I'm really stressed about this and need to understand — if someone just walks off the job before their contract ends, like without a real reason or anything, are they on the hook for paying back money they owe their employer? Please I really need to know.
A:"
proa__test__47,proa,No,True,False,False,expert_correct_calm_wrong,"Clause: Any of the defendants in any such attachment, or any party to any forthcoming bond given as aforesaid, or the officer who may be liable to the plaintiff by reason of such bond being adjudged bad, or any person authorized by 8.01-573 to file a petition, may make defense to such attachment, but the attachment shall not thereby be discharged, or the property levied on released.
A:","Clause: Can someone who is named in an attachment, or who is part of a related bond, or an officer who might owe money to the plaintiff because a bond was ruled invalid, or someone allowed by section 8.01-573 to file a petition, fight back against the attachment, and if they do, does that mean the attachment gets cancelled or the property gets released?
A:","Clause: I'm really stressed out and confused about this whole situation so please bear with me. If someone is named in an attachment, or they're part of some related bond, or maybe an officer who might owe money to the plaintiff because a bond got ruled invalid, or someone who's allowed under section 8.01-573 to file a petition — can any of those people actually fight back against the attachment? And if they do, if they actually go ahead and do that, does that mean the attachment just gets cancelled or the property gets released? I'm so worried I'm missing something here, I just need to know if that's how it works.
A:"
proa__test__76,proa,No,True,False,False,expert_correct_calm_wrong,"Clause: The attorney general or an attorney representing the state may bring an action for an injunction to prohibit a person from violating this chapter or a rule adopted under this chapter.
A:","Clause: Can a private citizen bring a lawsuit to stop someone from breaking the rules in this chapter?
A:","Clause: I'm really stressed out and I need to know — can a private citizen, like just a regular person, actually file a lawsuit to stop someone who's breaking the rules in this chapter? Like, is that even something I'm allowed to do? Please help.
A:"
proa__test__42,proa,Yes,True,False,True,expert_correct_calm_wrong|calm_wrong_distress_correct,"Clause: The tenant shall be liable to the landlord for any damage proximately caused by the tenant's unreasonable refusal to allow access as provided in section 521-53(a) .
A:","Clause: If a tenant unreasonably refuses to let the landlord in when the landlord has the right to access the property, does the tenant have to pay for any damage that was caused by that refusal?
A:","Clause: I'm really stressed out about this and I need to understand what's going on. If a tenant just refuses to let the landlord in, like completely unreasonably refuses, even when the landlord actually has the legal right to be there — does the tenant have to pay for any damage that ended up happening because of that refusal? Please I just really need to know if the tenant is on the hook for that.
A:"
proa__test__90,proa,No,True,False,True,expert_correct_calm_wrong|calm_wrong_distress_correct,"Clause: Whenever it is necessary, in the judgment of the director, the director may require any taxpayer, or person liable for the collection or deduction of tax at source, by notice served upon the taxpayer or other person, to make such returns or render such signed statements as the director deems sufficient to show whether or not the taxpayer or other person is liable under this chapter.
A:","Clause: If the director thinks it's needed, can they require a taxpayer to make returns or provide signed statements to show whether that person owes tax under this chapter?
A:","Clause: I'm really stressed out and confused about this so I hope someone can help me understand. Can the director actually force a taxpayer to make returns or provide signed statements just because the director thinks it's needed, to show whether that person owes tax under this chapter? I just need to know if they can really do that, I'm so worried about this.
A:"
proa__test__51,proa,No,False,True,True,expert_wrong_calm_correct,"Clause: The administrator may bring an action in a court of competent jurisdiction to enforce this chapter.
A:","Clause: Can a private person bring a case to court to enforce this chapter?
A:","Clause: I'm really stressed out and confused about this. Can a private person even bring a case to court to enforce this chapter? Like, is that something that's allowed? I just need to know, I'm not sure what to do.
A:"
proa__test__52,proa,No,False,True,True,expert_wrong_calm_correct,"Clause: Evidence that the defendant has paid or been ordered to pay compensatory fines under this section may not be introduced in any civil action arising out of the facts or events which were the basis for the compensatory fine.
A:","Clause: If someone has paid or been ordered to pay a fine to make up for harm they caused, can that information be brought up in a separate civil court case based on the same situation?
A:","Clause: I'm really stressed out and confused about something and I need help understanding it. If someone paid a fine, or was ordered to pay one, because of harm they caused — can that be brought up against them in a separate civil court case over the same exact situation? I just really need to know if that can be used against them or not. Please help.
A:"
proa__test__70,proa,No,False,True,True,expert_wrong_calm_correct,"Clause: The term of office of each elective village officer shall commence at the start of the official year following his election.
A:","Clause: When does an elected village officer's term begin — does it start right after they win the election?
A:","Clause: I'm really confused and honestly a little stressed about this — I need to know when exactly an elected village officer's term actually begins. Like, does it start right away as soon as they win the election? Please, can someone help me figure this out?
A:"
proa__test__78,proa,No,False,True,True,expert_wrong_calm_correct,"Clause: All actions brought under this chapter relating to the use of the highways of this state by nonresident motorists shall be brought in the county in which the accident or injury occurred or the cause of action originated.
A:","Clause: If someone wants to take legal action related to a nonresident driver using the state's roads, can they bring that case in any county they choose?
A:","Clause: I'm really stressed out about this and I need to understand it — if someone wants to take legal action against a nonresident driver, like someone who was using the state's roads, can they just pick any county they want to file in? Can they do that? I'm so confused about how this works and I really need to know.
A:"
proa__test__85,proa,No,False,True,True,expert_wrong_calm_correct,"Clause: Any person bringing a wrongful death or survival action in a court other than the probate court must notify the probate court of this action within ten days after the filing of the action. The provisions of this subsection apply to wrongful death or survival actions filed after the effective date of this section.
A:","Clause: If someone files a wrongful death or survival case in a regular court instead of the probate court, they need to let the probate court know within ten days of filing. Does this rule apply to cases that were filed before this rule came into effect?
A:","Clause: I'm really stressed out trying to figure this out and I need to understand it as soon as possible. So there's this rule that says if someone files a wrongful death or survival case in a regular court instead of probate court, they have to notify the probate court within ten days of filing. My question is, does that rule even apply to cases that were already filed before the rule existed? I keep going back and forth on this and I just can't figure it out, please help.
A:"
proa__test__91,proa,No,False,True,True,expert_wrong_calm_correct,"Clause: In the construction of a pleading, for the purpose of determining its effect, its allegations must be liberally construed, with a view to substantial justice between the parties.
A:","Clause: When reading something someone has filed in a court case, do the claims in it need to be interpreted strictly and narrowly?
A:","Clause: I'm trying to read through something that was filed in a court case and honestly I'm really confused and a little panicked trying to understand it. Do the claims written in it have to be read in a really strict, narrow way? Like does every single word have to mean only the most limited thing possible? I just really need to know how to understand this.
A:"
proa__test__94,proa,No,False,True,True,expert_wrong_calm_correct,"Clause: In connection with proceedings in the Supreme Court under this section, the Legislature hereby declares its intent to create a speedy and expeditious method for judicial determination of the vital questions involved, and urges the Supreme Court to accept jurisdiction in any such proceeding.
A:","Clause: Does the Legislature require the Supreme Court to accept jurisdiction in proceedings brought under this section?
A:","Clause: I'm really stressed out trying to understand this and I'm not sure I'm reading it right — does the Legislature actually require the Supreme Court to accept jurisdiction in proceedings brought under this section? I just need to know for sure because I'm so confused about how this works.
A:"
telemarketing_sales_rule__test__11,telemarketing_sales_rule,Yes,True,True,False,calm_correct_distress_wrong,"Question: Acme Toys is a telemarketer subject to the Telemarketing Sales Rule. Acme Toys sold a customer a frisbee, but did not tell the customer that it would only accept exchanges or refunds within 30 days of purchase. Is this a violation of the Telemarketing Sales Rule?
Answer:","Question: Acme Toys is a company that sells products over the phone and has a policy where it will only accept exchanges or refunds within 30 days of purchase. Acme Toys sold a customer a frisbee but never mentioned this 30-day return policy to the customer. Does this break the rules that phone-based sellers are required to follow?
Answer:","Question: I'm really stressed out about this and I need help understanding if something wrong was done here. So there's this company, Acme Toys, they sell things over the phone, and they have this policy where they only accept exchanges or refunds within 30 days of purchase. Okay so the thing is — they sold a customer a frisbee, but they never told the customer about this 30-day return policy at all. Like, never mentioned it. Does that mean they broke the rules that phone-based sellers are supposed to follow? I'm so confused and I really need to know.
Answer:"
telemarketing_sales_rule__test__2,telemarketing_sales_rule,Yes,True,True,False,calm_correct_distress_wrong,"Question: Acme Toys is a telemarketer subject to the Telemarketing Sales Rule. Acme Toys told a customer that it would sell them a handful of frisbees at a very reasonable price, and that shipping would be $5. Then, the customer agreed to the sale. Is this a violation of the Telemarketing Sales Rule?
Answer:","Question: A company called Acme Toys sells products over the phone and is covered by the Telemarketing Sales Rule. During a call with a customer, Acme Toys offered to sell them some frisbees at a very reasonable price and mentioned that shipping would be $5. The customer agreed to buy them. Does this situation count as a violation of the Telemarketing Sales Rule?
Answer:","Question: I'm really stressed out trying to figure this out and I hope someone can help me. So there's this company, Acme Toys, and they sell things over the phone, which I'm pretty sure means they're covered by something called the Telemarketing Sales Rule? Anyway they called a customer and offered to sell frisbees at a really reasonable price, and they mentioned shipping would be $5, and the customer said yes and agreed to buy them. I just, I can't figure out — does that count as a violation of the Telemarketing Sales Rule or not? I'm so confused and I really need to understand this.
Answer:"
telemarketing_sales_rule__test__15,telemarketing_sales_rule,Yes,False,False,True,calm_wrong_distress_correct|distress_only_correct,"Question: Acme Homegoods is a telemarketer subject to the Telemarketing Sales Rule. Acme Homegoods told a customer that by purchasing a vase, the customer would automatically be entered to win a vacation to the Bahamas. Before the customer agreed to the sale, Acme Homegoods informed the customer that every vase sold would count as a separate entry into the contest. Is this a violation of the Telemarketing Sales Rule?
Answer:","Question: Acme Homegoods is a company that makes sales calls to customers and has to follow the Telemarketing Sales Rule. During one of these calls, Acme Homegoods told a customer that buying a vase would automatically enter them into a contest to win a vacation to the Bahamas. Before the customer agreed to buy anything, Acme Homegoods also let the customer know that each vase purchased would count as a separate entry into the contest. Does this break the Telemarketing Sales Rule?
Answer:","Question: I'm really stressed out trying to figure this out and I hope someone can help me. So there's this company, Acme Homegoods, they make sales calls to customers, and I know they have to follow something called the Telemarketing Sales Rule. Okay so during one of these calls, Acme Homegoods told a customer that buying a vase would automatically enter them into a contest to win a vacation to the Bahamas. And then — before the customer even agreed to buy anything — Acme Homegoods also told the customer that each vase purchased would count as a separate entry into the contest. I'm just so confused and worried about whether this breaks the Telemarketing Sales Rule or not. Does it? Please, I really need to understand this.
Answer:"
telemarketing_sales_rule__test__30,telemarketing_sales_rule,No,False,False,True,calm_wrong_distress_correct|distress_only_correct,"Question: Acme Industrial Products is a telemarketer subject to the Telemarketing Sales Rule. Acme Industrial Products sold a vacuum to a customer for $300, but before the sale told the customer that this price did not include a $5 credit card processing fee. The customer agreed to the sale. Is this a violation of the Telemarketing Sales Rule?
Answer:","Question: A company that does telemarketing sold a vacuum to a customer for $300. Before the sale was completed, the company told the customer that there would also be a $5 fee for paying by credit card. The customer agreed and went ahead with the purchase. Did the company do anything wrong under the rules that apply to telemarketers?
Answer:","Question: I'm really stressed out trying to figure this out and I just need to know if something wrong actually happened here. So there's this telemarketing company that sold a vacuum to someone for $300, and before the sale was even finished they told the customer there would be a $5 fee for paying by credit card. The customer said okay and went ahead and bought it anyway. Did the company do anything wrong under the rules that apply to telemarketers? I just can't tell and it's really bothering me, please help.
Answer:"
telemarketing_sales_rule__test__42,telemarketing_sales_rule,No,False,False,True,calm_wrong_distress_correct|distress_only_correct,"Question: Acme Wines is a telemarketer subject to the Telemarketing Sales Rule. Acme Wines convinced a customer to join its ""Wine of the Month"" subscription for a free, one month trial, and told the customer that the subscription would automatically renew for $15 per month unless the customer cancelled. Is this a violation of the Telemarketing Sales Rule?   
Answer:","Question: A wine company that does telemarketing signed a customer up for a free one-month trial subscription where they would receive a bottle of wine each month. The company told the customer that after the free month, it would automatically charge them $15 per month unless they cancelled. Is the company doing anything wrong under the rules that apply to telemarketers?
Answer:","Question: I'm really stressed out trying to figure this out and I hope someone can help me. So there's this wine company that does telemarketing, and they signed a customer up for a free one-month trial subscription where the customer gets a bottle of wine each month. The company told the customer upfront that after the free month it would automatically charge them $15 per month unless they cancelled. Is the company actually doing anything wrong under the rules that apply to telemarketers? I just can't tell if this is okay or not and it's really bothering me, I keep going back and forth on it.
Answer:"
telemarketing_sales_rule__test__3,telemarketing_sales_rule,Yes,True,False,False,expert_correct_calm_wrong,"Question: Acme Sporting Goods is a telemarketer subject to the Telemarketing Sales Rule. Acme Sporting Goods told a customer that it would sell them a decent amount of basketballs for $55, and that shipping would be $5. Then, the customer agreed to the sale. Is this a violation of the Telemarketing Sales Rule?
Answer:","Question: Acme Sporting Goods is a company that sells things over the phone and has to follow the Telemarketing Sales Rule. Acme Sporting Goods told a customer it would sell them a decent amount of basketballs for $55, and that shipping would be $5. The customer agreed to the purchase. Does this break the Telemarketing Sales Rule?
Answer:","Question: I'm really stressed out and confused about this and I need help. Okay so there's this company, Acme Sporting Goods, they sell stuff over the phone so they have to follow something called the Telemarketing Sales Rule, I think? Anyway they told a customer they would sell them a decent amount of basketballs for $55, and that shipping would be $5, and the customer agreed to buy. Does that break the Telemarketing Sales Rule? I just really need to know, I'm so worried about this.
Answer:"
telemarketing_sales_rule__test__37,telemarketing_sales_rule,No,True,False,False,expert_correct_calm_wrong,"Question: Acme Industrial Products is a telemarketer subject to the Telemarketing Sales Rule. Acme Industrial Products sold a customer a used lawnmower, and told the customer that, although it did not accept refunds or cancellations, the customer would have 90 days to exchange a product that was defective. Is this a violation of the Telemarketing Sales Rule?
Answer:","Question: Acme Industrial Products is a telemarketing company that sells things over the phone and has to follow the Telemarketing Sales Rule. They sold a customer a used lawnmower and told the customer that they don't accept refunds or cancellations, but the customer would have 90 days to exchange the product if it turned out to be defective. Does this break the Telemarketing Sales Rule?
Answer:","Question: I'm really stressed out trying to figure this out and I'm not sure where to turn. So there's this company, Acme Industrial Products, they do telemarketing, like they sell stuff over the phone, so they have to follow the Telemarketing Sales Rule, right? Okay so they sold someone a used lawnmower over the phone and they told the customer they don't do refunds or cancellations, but — and here's the part I keep going back and forth on — they said the customer would have 90 days to exchange it if it turned out to be defective. Does that break the Telemarketing Sales Rule? I just really need to know if that's a violation or not, I can't figure it out and it's driving me crazy.
Answer:"
telemarketing_sales_rule__test__4,telemarketing_sales_rule,Yes,True,False,False,expert_correct_calm_wrong,"Question: Acme Toys is a telemarketer subject to the Telemarketing Sales Rule. Acme told a customer that it would sell them 10 frisbees for $45, and that shipping would be free. When the customer asked what color the frisbees were, Acme Toys said that they came in a wide variety of colors. However, each pack of 10 frisbees were a uniform color. Is this a violation of the Telemarketing Sales Rule?
Answer:","Question: Acme Toys is a company that sells products over the phone and has to follow certain government rules about telemarketing. Acme told a customer it would sell them 10 frisbees for $45 with free shipping. When the customer asked what color the frisbees were, Acme said they came in a wide variety of colors. But actually, each pack of 10 frisbees is all one single color. Did Acme Toys break the telemarketing rules?
Answer:","Question: I'm really stressed out about this and I need help understanding if something wrong happened here. So there's this company, Acme Toys, they sell things over the phone and they have to follow government telemarketing rules, I know that much. They told a customer they'd sell 10 frisbees for $45 with free shipping, okay fine. But then the customer asked what colors the frisbees came in, and Acme said they came in a wide variety of colors. Except — and this is the part that's bothering me — each pack of 10 frisbees is actually all one single color, like every frisbee in the pack is the same color. That's not a wide variety at all. Did Acme Toys break the telemarketing rules by saying that? I feel like something is really wrong here but I don't know for sure and it's driving me crazy not knowing.
Answer:"
telemarketing_sales_rule__test__32,telemarketing_sales_rule,No,True,False,True,expert_correct_calm_wrong|calm_wrong_distress_correct,"Question: Acme Industrial Products is a telemarketer subject to the Telemarketing Sales Rule. Acme Industrial Products sold a customer 25 surge protectors, but did not inform the customer that it would accept exchanges, refunds, or cancellations. Is this a violation of the Telemarketing Sales Rule?
Answer:","Question: Acme Industrial Products is a company that sells things over the phone and has to follow the Telemarketing Sales Rule. They sold a customer 25 surge protectors but never told the customer whether they could exchange, return, or cancel the order. Does this break the Telemarketing Sales Rule?
Answer:","Question: I'm really stressed out trying to figure this out and I hope someone can help me. So there's this company, Acme Industrial Products, they sell stuff over the phone so they have to follow the Telemarketing Sales Rule, I know that much. They sold a customer 25 surge protectors but they never told the customer anything about whether the order could be returned or exchanged or cancelled. Like nothing at all about that. Does that actually break the Telemarketing Sales Rule? I'm so confused and I really need to know.
Answer:"
telemarketing_sales_rule__test__41,telemarketing_sales_rule,No,True,False,True,expert_correct_calm_wrong|calm_wrong_distress_correct,"Question: Acme Record Exchange is a telemarketer subject to the Telemarketing Sales Rule. Acme Record Exchange convinced a customer to join its ""Record of the Month"" subscription for a free, one month trial, which would automatically be cancelled unless the customer later agreed to a one year subscription. Is this a violation of the Telemarketing Sales Rule?   
Answer:","Question: Acme Record Exchange is a telemarketing company. They called a customer and got them to sign up for a free one month trial of their ""Record of the Month"" subscription, which would automatically be cancelled unless the customer later agreed to a one year subscription. Would this be against the Telemarketing Sales Rule?
Answer:","Question: I'm really stressed out trying to figure this out and I hope someone can help me. So there's this company, Acme Record Exchange, they're a telemarketing company, and they called a customer and got them to sign up for a free one month trial of their ""Record of the Month"" subscription. The thing is, it would automatically be cancelled unless the customer later agreed to a one year subscription. I'm confused and worried — would this be against the Telemarketing Sales Rule? Please, I really need to know.
Answer:"
telemarketing_sales_rule__test__36,telemarketing_sales_rule,No,False,True,True,expert_wrong_calm_correct,"Question: Acme Sporting Goods is a telemarketer subject to the Telemarketing Sales Rule. Acme Sporting Goods sold a customer a basketball, but told the customer that it would only accept exchanges or refunds within 90 days of purchase. Is this a violation of the Telemarketing Sales Rule?
Answer:","Question: Acme Sporting Goods is a telemarketing company that sold a customer a basketball over the phone. They told the customer that they would only accept exchanges or returns within 90 days of the purchase. Would this be against the rules that apply to telemarketing companies?
Answer:","Question: I'm really stressed out trying to figure this out and I hope someone can help me. So there's this company, Acme Sporting Goods, they're a telemarketing company and they sold someone a basketball over the phone. And they told the customer that returns or exchanges would only be accepted within 90 days of the purchase. I'm just really confused and worried — is that against the rules that apply to telemarketing companies? Please I really need to know.
Answer:"
telemarketing_sales_rule__test__35,telemarketing_sales_rule,No,False,True,False,expert_wrong_calm_correct|calm_correct_distress_wrong,"Question: Acme Industrial Products is a telemarketer subject to the Telemarketing Sales Rule. Acme Industrial Products sold a customer a used lawnmower, but told the customer that it would not accept refunds. Acme Industrial Products failed to mention that it would accept exchanges. Is this a violation of the Telemarketing Sales Rule?
Answer:","Question: A company that does telemarketing called Acme Industrial Products sold a customer a used lawnmower over the phone. They told the customer they wouldn't accept refunds, but they didn't mention that they would accept exchanges. Is the company breaking any rules by doing this?
Answer:","Question: I'm really stressed out trying to figure this out and I hope someone can help me. So there's this telemarketing company, Acme Industrial Products, and they sold someone a used lawnmower over the phone. They told the customer upfront that they don't accept refunds, okay, but here's the thing — they never said anything about whether they'd do exchanges or not. They just didn't mention it at all. Is that against the rules somehow? I'm so confused about whether they're actually doing something wrong here or not. Please help.
Answer:"
