item_id,legalbench_task,domain,task_family,ground_truth,expert_prompt_preview
telemarketing_sales_rule__test__0,telemarketing_sales_rule,consumer_protection,,Yes,"Acme Industrial Products is a telemarketer subject to the Telemarketing Sales Rule. Acme Industrial Products told a customer that its vacuums cost $150 each, and the vacuums did cost $150 each. After ..."
telemarketing_sales_rule__test__1,telemarketing_sales_rule,consumer_protection,,Yes,Acme Sporting Goods is a telemarketer subject to the Telemarketing Sales Rule. Acme Sporting Goods convinced a customer to buy a basketball before disclosing that the basketballs cost $10 each. Is thi...
telemarketing_sales_rule__test__2,telemarketing_sales_rule,consumer_protection,,Yes,"Acme Toys is a telemarketer subject to the Telemarketing Sales Rule. Acme Toys told a customer that it would sell them a handful of frisbees at a very reasonable price, and that shipping would be $5. ..."
telemarketing_sales_rule__test__3,telemarketing_sales_rule,consumer_protection,,Yes,"Acme Sporting Goods is a telemarketer subject to the Telemarketing Sales Rule. Acme Sporting Goods told a customer that it would sell them a decent amount of basketballs for $55, and that shipping wou..."
telemarketing_sales_rule__test__4,telemarketing_sales_rule,consumer_protection,,Yes,"Acme Toys is a telemarketer subject to the Telemarketing Sales Rule. Acme told a customer that it would sell them 10 frisbees for $45, and that shipping would be free. When the customer asked what col..."
personal_jurisdiction__test__8,personal_jurisdiction,civil_procedure_personal_jurisdiction,,Yes,"Ana is a lawyer who resides in Texas. While visiting Louisiana, she meets David, who runs a bike shop. She buys a bike from him and uses it to bike back to Texas. Right after she crosses the border, t..."
personal_jurisdiction__test__9,personal_jurisdiction,civil_procedure_personal_jurisdiction,,Yes,"Ana is a lawyer who resides in Texas. While visiting Louisiana, she meets David, who runs a bike shop. David is actually a citizen of Georgia, but spends a lot of time in Louisiana to run his shop. An..."
personal_jurisdiction__test__10,personal_jurisdiction,civil_procedure_personal_jurisdiction,,Yes,"Ana is a lawyer who resides in Texas. While visiting Louisiana, she meets David, who runs a bike shop. David is actually a citizen of Georgia, but spends a lot of time in Louisiana to run his shop. An..."
personal_jurisdiction__test__11,personal_jurisdiction,civil_procedure_personal_jurisdiction,,No,"Ana is a lawyer who resides in Texas. While visiting Louisiana, she meets David, who runs a bike shop. Ana and David hit it off because both of them like to vacation in Colorado. Ana buys a bike from ..."
personal_jurisdiction__test__12,personal_jurisdiction,civil_procedure_personal_jurisdiction,,No,"Ana is a lawyer who resides in Texas. While visiting Louisiana, she meets David, who runs a bike shop. David tells Ana he is planning on selling his bike shop and moving to Oklahoma in 3 years. Ana bu..."
hearsay__test__0,hearsay,evidence,,No,"On the issue of whether James is an smart individual, the fact that James came first in his class in law school."
hearsay__test__18,hearsay,evidence,,No,"On the issue of whether the parties had actually agreed to the contract, the fact that one of the parties had mistaken the identity of the other party."
hearsay__test__19,hearsay,evidence,,No,"On the issue of which car was responsible for a hit-and-run, the witness's statement in court that she believed it was the blue sedan."
hearsay__test__21,hearsay,evidence,,No,"On the issue of which of the defendants was responsible for driving the get-away car, the fact that the witness on the stand turned and pointed to the man in the blue suit."
hearsay__test__24,hearsay,evidence,,No,"On the issue of whether Carl had knowledge of Amy's intentions, Carl told the questioning attorney on redirect examination that he knew Amy's intentions."
diversity_2__test__10,diversity_2,civil_procedure_diversity,,No,"Elijah is from North Carolina. Amelia is from Minnesota. Ava is from West Virginia. Elijah sues Amelia and Ava each for breach of contract for $32,000."
diversity_2__test__11,diversity_2,civil_procedure_diversity,,No,"Mia is from New Jersey. Lucas is from Kansas. William is from New Jersey. Mia sues Lucas and William each for legal malpractice for $40,000."
diversity_2__test__20,diversity_2,civil_procedure_diversity,,No,"Olivia is from New Jersey. Sophia is from Vermont. Oliver is from Wisconsin. Olivia sues Sophia and Oliver each for breach of contract for $20,000."
diversity_2__test__23,diversity_2,civil_procedure_diversity,,No,"Liam is from Massachusetts. Amelia is from Ohio. Benjamin is from Delaware. Liam sues Amelia and Benjamin each for wrongful eviction for $19,000."
diversity_2__test__33,diversity_2,civil_procedure_diversity,,No,"Liam is from Oregon. Olivia is from Idaho. Noah is from Oregon. Liam sues Olivia and Noah each for breach of contract for $32,000."
diversity_6__test__0,diversity_6,civil_procedure_diversity,,Yes,"Theodore is from North Dakota. Amelia is from Georgia. Benjamin is from Delaware. Mia is from Illinois. Theodore and Amelia both sue Benjamin for trademark infringement for $42,000 and copyright infri..."
diversity_6__test__1,diversity_6,civil_procedure_diversity,,Yes,"Oliver is from Iowa. Lucas is from Colorado. Henry is from Louisiana. Theodore is from North Dakota. Oliver and Lucas both sue Henry for legal malpractice for $48,000 and trademark infringement for $7..."
diversity_6__test__2,diversity_6,civil_procedure_diversity,,Yes,"Olivia is from South Carolina. Emma is from California. Isabella is from Virginia. Evelyn is from Texas. Olivia and Emma both sue Isabella for legal malpractice for $28,000 and defamation for $62,000...."
diversity_6__test__3,diversity_6,civil_procedure_diversity,,Yes,"Olivia is from Illinois. Mia is from California. Liam is from West Virginia. James is from Minnesota. Olivia and Mia both sue Liam for trademark infringement for $68,000 and trespass for $16,000. Oliv..."
diversity_6__test__5,diversity_6,civil_procedure_diversity,,Yes,"Amelia is from Louisiana. James is from California. Sophia is from Mississippi. Noah is from Alaska. Amelia and James both sue Sophia for negligence for $61,000 and legal malpractice for $38,000. Amel..."
proa__test__0,proa,statutory_private_rights,,Yes,A buyer who has a claim against an escrow account required by may bring a civil action against the seller or escrow account holder to recover money from the escrow account.
proa__test__1,proa,statutory_private_rights,,Yes,A cable operator may bring a civil action for damages against any person who violates any provision of ORS.
proa__test__2,proa,statutory_private_rights,,Yes,A consumer who suffers injury by an act of a consumer reporting agency that violates this chapter may bring a civil action against the consumer reporting agency in a circuit or superior court in the c...
proa__test__3,proa,statutory_private_rights,,Yes,A custodian of a will who fails to comply with the requirements of this section shall be liable for all damages sustained by any person injured by the failure.
proa__test__4,proa,statutory_private_rights,,Yes,A customer described in subsection (1) who suffers actual damages as a result of a violation of this act may bring a civil action against the person that violated this act.
international_citizenship_questions__test__0,international_citizenship_questions,citizenship_status,,Yes,"Consider the country of Afghanistan. Does the country permit a parent to confer his or her citizenship on a child born abroad and, if so, under which conditions?"
international_citizenship_questions__test__1,international_citizenship_questions,citizenship_status,,No,"Consider the country of Afghanistan. Does the country provide for a child to acquire citizenship based on birth in the territory irrespective of the citizenship and birthplace of his/her parents and, ..."
international_citizenship_questions__test__2,international_citizenship_questions,citizenship_status,,No,"Consider the country of Afghanistan. Does the country provide for a child to acquire citizenship based on birth in the territory if one parent was also born there, irrespective of his/her citizenship,..."
international_citizenship_questions__test__3,international_citizenship_questions,citizenship_status,,No,"Consider the country of Afghanistan. Does the country have a safeguard that provides for the grant of citizenship to a child of unknown parentage found in the territory and, if so, under which conditi..."
international_citizenship_questions__test__4,international_citizenship_questions,citizenship_status,,Yes,"Consider the country of Afghanistan. Does the country have a safeguard that provides for the grant of citizenship to an otherwise stateless child and, if so, under which conditions?"
nys_judicial_ethics__test__0,nys_judicial_ethics,judicial_ethics,,Yes,Is a judge required to disclose a former law clerk's employment relationship when the former law clerk appears in an adversarial role within one year after his/her employment with the judge ended?
nys_judicial_ethics__test__1,nys_judicial_ethics,judicial_ethics,,Yes,"Can the names of judges who are members of a bar association's board of directors be preceded by the title ""Honorable"" on the bar association's letterhead even though the designation ""Esq."" is not inc..."
nys_judicial_ethics__test__2,nys_judicial_ethics,judicial_ethics,,Yes,Should the judge disqualify themselves from a proceeding involving a service provider that employs their spouse as an administrator?
nys_judicial_ethics__test__3,nys_judicial_ethics,judicial_ethics,,Yes,Should a judge disqualify themselves from all matters involving a service provider that rents office space from their family trust?
nys_judicial_ethics__test__4,nys_judicial_ethics,judicial_ethics,,No,Can a judge designate the traffic court clerk to advise defendants of any plea agreement the prosecuting assistant district attorney will offer?
telemarketing_sales_rule__test__5,telemarketing_sales_rule,consumer_protection,consumer_protection,Yes,"Acme Vacations is a telemarketer subject to the Telemarketing Sales Rule. Acme convinced a customer to buy a vacation package to Alaska for $849, but did not disclose that the vacation must occur betw..."
telemarketing_sales_rule__test__6,telemarketing_sales_rule,consumer_protection,consumer_protection,Yes,"Acme Toys is a telemarketer subject to the Telemarketing Sales Rule. Acme Toys sold 10 frisbees to a customer for $50, but before the sale told the customer that this price did not include an unspecif..."
telemarketing_sales_rule__test__7,telemarketing_sales_rule,consumer_protection,consumer_protection,Yes,"Acme Sporting Goods is a telemarketer subject to the Telemarketing Sales Rule. Acme Sporting Goods sold 3 basketballs to a customer for $15, but after the sale informed the customer that this price di..."
telemarketing_sales_rule__test__8,telemarketing_sales_rule,consumer_protection,consumer_protection,Yes,"Acme Toys is a telemarketer subject to the Telemarketing Sales Rule. Acme Toys sold 4 baseballs to a customer for $10, and before the sale told the customer that there was an additional $2 credit card..."
telemarketing_sales_rule__test__9,telemarketing_sales_rule,consumer_protection,consumer_protection,Yes,Acme Vacations is a telemarketer subject to the Telemarketing Sales Rule. Acme Vacations sold a vacation package to a customer for $450 for a trip to Paris. Acme Vacations never affirmatively told the...
telemarketing_sales_rule__test__10,telemarketing_sales_rule,consumer_protection,consumer_protection,Yes,"Acme Sporting Goods is a telemarketer subject to the Telemarketing Sales Rule. Acme Sporting Goods sold a customer 100 golf balls, but did not tell the customer that it did not accept refunds, exchang..."
telemarketing_sales_rule__test__11,telemarketing_sales_rule,consumer_protection,consumer_protection,Yes,"Acme Toys is a telemarketer subject to the Telemarketing Sales Rule. Acme Toys sold a customer a frisbee, but did not tell the customer that it would only accept exchanges or refunds within 30 days of..."
telemarketing_sales_rule__test__12,telemarketing_sales_rule,consumer_protection,consumer_protection,Yes,"Acme Industrial Products is a telemarketer subject to the Telemarketing Sales Rule. Acme Industrial Products sold a customer a used lawnmower, and told the customer that, although it did not accept re..."
telemarketing_sales_rule__test__13,telemarketing_sales_rule,consumer_protection,consumer_protection,Yes,"Acme Toys is a telemarketer subject to the Telemarketing Sales Rule. Acme Toys sold a customer four frisbees, and told the customer that they would have 90 days to exchange them, for any reason, when ..."
telemarketing_sales_rule__test__14,telemarketing_sales_rule,consumer_protection,consumer_protection,Yes,"Acme Industrial Products is a telemarketer subject to the Telemarketing Sales Rule. Acme Industrial Products sold a customer a used lawnmower, but did not tell the customer the lawnmower would require..."
telemarketing_sales_rule__test__15,telemarketing_sales_rule,consumer_protection,consumer_protection,Yes,"Acme Homegoods is a telemarketer subject to the Telemarketing Sales Rule. Acme Homegoods told a customer that by purchasing a vase, the customer would automatically be entered to win a vacation to the..."
telemarketing_sales_rule__test__16,telemarketing_sales_rule,consumer_protection,consumer_protection,Yes,"Acme Sporting Goods is a telemarketer subject to the Telemarketing Sales Rule. Before completing a sale, Acme Sporting Goods told a customer that by purchasing a pack of golf balls, the customer would..."
telemarketing_sales_rule__test__17,telemarketing_sales_rule,consumer_protection,consumer_protection,Yes,"Acme Homegoods is a telemarketer subject to the Telemarketing Sales Rule. Before completing a sale, Acme Homegoods told a customer that by purchasing a vase, the customer would automatically be entere..."
telemarketing_sales_rule__test__18,telemarketing_sales_rule,consumer_protection,consumer_protection,Yes,"Acme Toys is a telemarketer subject to the Telemarketing Sales Rule. Before completing a sale, Acme Toys told a customer that by purchasing a frisbee, the customer would automatically be entered to wi..."
telemarketing_sales_rule__test__19,telemarketing_sales_rule,consumer_protection,consumer_protection,Yes,"Acme Homegoods is a telemarketer subject to the Telemarketing Sales Rule. Before completing a sale, Acme Homegoods told a customer that by purchasing a vase, the customer would automatically be entere..."
telemarketing_sales_rule__test__20,telemarketing_sales_rule,consumer_protection,consumer_protection,Yes,"Acme Record Exchange is a telemarketer subject to the Telemarketing Sales Rule. Acme Record Exchange convinced a customer to join its ""Record of the Month"" subscription for a free, one month trial, bu..."
telemarketing_sales_rule__test__21,telemarketing_sales_rule,consumer_protection,consumer_protection,Yes,"Acme Record Exchange is a telemarketer subject to the Telemarketing Sales Rule. Acme Record Exchange convinced a customer to join its ""Record of the Month"" subscription for $5 per month until cancelle..."
telemarketing_sales_rule__test__22,telemarketing_sales_rule,consumer_protection,consumer_protection,Yes,"Acme Record Exchange is a telemarketer subject to the Telemarketing Sales Rule. Acme Record Exchange convinced a customer to join its ""Record of the Month"" subscription for $35 per month until cancell..."
telemarketing_sales_rule__test__23,telemarketing_sales_rule,consumer_protection,consumer_protection,Yes,"Acme Record Exchange is a telemarketer subject to the Telemarketing Sales Rule. Acme Record Exchange convinced a customer to join its ""Record of the Month"" subscription for a free, one month trial, an..."
telemarketing_sales_rule__test__24,telemarketing_sales_rule,consumer_protection,consumer_protection,Yes,"Acme Record Exchange is a telemarketer subject to the Telemarketing Sales Rule. Acme Record Exchange convinced a customer to join its ""Record of the Month"" subscription for $15 per month. Before compl..."
telemarketing_sales_rule__test__25,telemarketing_sales_rule,consumer_protection,consumer_protection,Yes,Acme Debt Relief is a telemarketer subject to the Telemarketing Sales Rule. Acme Debt Relief did not inform a customer that its debt payment plan would result in some missed payments to creditors. Is ...
telemarketing_sales_rule__test__26,telemarketing_sales_rule,consumer_protection,consumer_protection,Yes,"Acme Debt Relief is a telemarketer subject to the Telemarketing Sales Rule. Acme Debt Relief claimed that it was affiliated with the Federal Trade Commission, which is untrue. Is this a violation of t..."
telemarketing_sales_rule__test__27,telemarketing_sales_rule,consumer_protection,consumer_protection,Yes,"Acme Debt Relief is a telemarketer subject to the Telemarketing Sales Rule. Before successfully selling its services to a customer, Acme Debt Relief claimed without basis that 80% of its customers res..."
telemarketing_sales_rule__test__28,telemarketing_sales_rule,consumer_protection,consumer_protection,No,"Acme Toys is a telemarketer subject to the Telemarketing Sales Rule. Acme told a customer that it would sell them 2 frisbees for $15, and that shipping would be free. Acme did not disclose that both o..."
telemarketing_sales_rule__test__29,telemarketing_sales_rule,consumer_protection,consumer_protection,No,"Acme Vacations is a telemarketer subject to the Telemarketing Sales Rule. Acme told a customer that it was selling vacation packages to Singapore for $1,549, but that airfare was not included in this ..."
telemarketing_sales_rule__test__30,telemarketing_sales_rule,consumer_protection,consumer_protection,No,"Acme Industrial Products is a telemarketer subject to the Telemarketing Sales Rule. Acme Industrial Products sold a vacuum to a customer for $300, but before the sale told the customer that this price..."
telemarketing_sales_rule__test__31,telemarketing_sales_rule,consumer_protection,consumer_protection,No,Acme Vacations is a telemarketer subject to the Telemarketing Sales Rule. Acme Vacations sold a vacation package to a customer for $550 for a trip to New Orleans in July. Acme Vacations never affirmat...
telemarketing_sales_rule__test__32,telemarketing_sales_rule,consumer_protection,consumer_protection,No,"Acme Industrial Products is a telemarketer subject to the Telemarketing Sales Rule. Acme Industrial Products sold a customer 25 surge protectors, but did not inform the customer that it would accept e..."
telemarketing_sales_rule__test__33,telemarketing_sales_rule,consumer_protection,consumer_protection,No,"Acme Toys is a telemarketer subject to the Telemarketing Sales Rule. Acme Toys sold a customer 30 stuffed animals, and informed the customer that it would accept exchanges, refunds, or cancellations. ..."
telemarketing_sales_rule__test__34,telemarketing_sales_rule,consumer_protection,consumer_protection,No,"Acme Industrial Products is a telemarketer subject to the Telemarketing Sales Rule. Acme Industrial Products sold a customer a used lawnmower, and told the customer that it would accept exchanges but ..."
telemarketing_sales_rule__test__35,telemarketing_sales_rule,consumer_protection,consumer_protection,No,"Acme Industrial Products is a telemarketer subject to the Telemarketing Sales Rule. Acme Industrial Products sold a customer a used lawnmower, but told the customer that it would not accept refunds. A..."
telemarketing_sales_rule__test__36,telemarketing_sales_rule,consumer_protection,consumer_protection,No,"Acme Sporting Goods is a telemarketer subject to the Telemarketing Sales Rule. Acme Sporting Goods sold a customer a basketball, but told the customer that it would only accept exchanges or refunds wi..."
telemarketing_sales_rule__test__37,telemarketing_sales_rule,consumer_protection,consumer_protection,No,"Acme Industrial Products is a telemarketer subject to the Telemarketing Sales Rule. Acme Industrial Products sold a customer a used lawnmower, and told the customer that, although it did not accept re..."
telemarketing_sales_rule__test__38,telemarketing_sales_rule,consumer_protection,consumer_protection,No,"Acme Toys is a telemarketer subject to the Telemarketing Sales Rule. Acme Toys sold a customer a frisbee. It disclosed the brand of the frisbee, but did not tell the customer the frisbee was manufactu..."
telemarketing_sales_rule__test__39,telemarketing_sales_rule,consumer_protection,consumer_protection,No,"Acme Homegoods is a telemarketer subject to the Telemarketing Sales Rule. Acme Homegoods told a customer that by purchasing a vase, the customer would automatically be entered to win a vacation to the..."
telemarketing_sales_rule__test__40,telemarketing_sales_rule,consumer_protection,consumer_protection,No,"Acme Sporting Goods is a telemarketer subject to the Telemarketing Sales Rule. Acme Sporting Goods told a customer that by purchasing a basketball, the customer would automatically be entered to win a..."
telemarketing_sales_rule__test__41,telemarketing_sales_rule,consumer_protection,consumer_protection,No,"Acme Record Exchange is a telemarketer subject to the Telemarketing Sales Rule. Acme Record Exchange convinced a customer to join its ""Record of the Month"" subscription for a free, one month trial, wh..."
telemarketing_sales_rule__test__42,telemarketing_sales_rule,consumer_protection,consumer_protection,No,"Acme Wines is a telemarketer subject to the Telemarketing Sales Rule. Acme Wines convinced a customer to join its ""Wine of the Month"" subscription for a free, one month trial, and told the customer th..."
telemarketing_sales_rule__test__43,telemarketing_sales_rule,consumer_protection,consumer_protection,No,"Acme Wines is a telemarketer subject to the Telemarketing Sales Rule. Acme Wines convinced a customer to join its ""Wine of the Month"" subscription for a free, one month trial, which would automaticall..."
telemarketing_sales_rule__test__44,telemarketing_sales_rule,consumer_protection,consumer_protection,No,"Acme Record Exchange is a telemarketer subject to the Telemarketing Sales Rule. Acme Record Exchange convinced a customer to join its ""Record of the Month"" subscription for $35 per month until cancell..."
telemarketing_sales_rule__test__45,telemarketing_sales_rule,consumer_protection,consumer_protection,No,"Acme Wines is a telemarketer subject to the Telemarketing Sales Rule. Acme Wines convinced a customer to join its ""Wine of the Month"" subscription for a free, one month trial, and informed the custome..."
telemarketing_sales_rule__test__46,telemarketing_sales_rule,consumer_protection,consumer_protection,No,Acme Debt Relief is a telemarketer subject to the Telemarketing Sales Rule. Acme Debt Relief failed to disclose to a customer that it is based in Canada. Is this a violation of the Telemarketing Sales...
personal_jurisdiction__test__0,personal_jurisdiction,civil_procedure_personal_jurisdiction,civil_procedure_personal_jurisdiction,No,"Dustin is a repairman who lives in Arizona and repairs computers in California, Oregon, and Washington. While travelling to repair a computer in Washington, Dustin is involved in a car crash in Oregon..."
personal_jurisdiction__test__1,personal_jurisdiction,civil_procedure_personal_jurisdiction,civil_procedure_personal_jurisdiction,No,"Dustin is a repairman who lives in Arizona and repairs computers in California, Oregon, and Washington. While travelling to repair a computer in Washington, Dustin is involved in a car crash in Oregon..."
personal_jurisdiction__test__2,personal_jurisdiction,civil_procedure_personal_jurisdiction,civil_procedure_personal_jurisdiction,No,"Dustin is a repairman who lives in Arizona and repairs computers in California, Oregon, and Washington. Dustin is an avid skier, so his favorite place to go on vacation is Colorado. While travelling t..."
personal_jurisdiction__test__3,personal_jurisdiction,civil_procedure_personal_jurisdiction,civil_procedure_personal_jurisdiction,Yes,"Dustin is a repairman who lives in Arizona and repairs computers in California, Oregon, and Washington. While travelling to repair a computer in Washington, Dustin is involved in a car crash in Oregon..."
personal_jurisdiction__test__4,personal_jurisdiction,civil_procedure_personal_jurisdiction,civil_procedure_personal_jurisdiction,Yes,"Dustin is a repairman who lives in Arizona and repairs computers in California, Oregon, and Washington. While travelling to repair a computer in Washington, Dustin is involved in a car crash in Oregon..."
personal_jurisdiction__test__5,personal_jurisdiction,civil_procedure_personal_jurisdiction,civil_procedure_personal_jurisdiction,No,"Dustin is a repairman who lives in Arizona and repairs computers in California, Oregon, and Washington. While travelling to repair a computer in Washington, Dustin is involved in a car crash in Oregon..."
personal_jurisdiction__test__6,personal_jurisdiction,civil_procedure_personal_jurisdiction,civil_procedure_personal_jurisdiction,No,"Dustin is a repairman who lives in Arizona and repairs computers in California, Oregon, and Washington. While travelling to repair a computer in Washington, Dustin is involved in a car crash in Oregon..."
personal_jurisdiction__test__7,personal_jurisdiction,civil_procedure_personal_jurisdiction,civil_procedure_personal_jurisdiction,Yes,"Dustin is a repairman who lives in Arizona and repairs computers in California, Oregon, and Washington. While travelling to repair a computer in Washington, Dustin is involved in a car crash in Oregon..."
personal_jurisdiction__test__13,personal_jurisdiction,civil_procedure_personal_jurisdiction,civil_procedure_personal_jurisdiction,Yes,"Ana is a lawyer who resides in Texas. While visiting Louisiana, she meets David, who runs a bike shop. Ana buys a bike from David and uses it to bike back to Texas. Immediately after Ana buys the bike..."
personal_jurisdiction__test__14,personal_jurisdiction,civil_procedure_personal_jurisdiction,civil_procedure_personal_jurisdiction,Yes,"Ana is a lawyer who resides in Texas. While visiting Louisiana, she meets David, who runs a bike shop. Ana buys a bike from David and uses it to bike back to Texas. Immediately after Ana buys the bike..."
personal_jurisdiction__test__15,personal_jurisdiction,civil_procedure_personal_jurisdiction,civil_procedure_personal_jurisdiction,No,"Ana is a lawyer who resides in Texas. While visiting Louisiana, she meets David, who runs a bike shop. She buys a bike from him and uses it to bike back to Texas. Right after she crosses the border, t..."
personal_jurisdiction__test__16,personal_jurisdiction,civil_procedure_personal_jurisdiction,civil_procedure_personal_jurisdiction,No,"Ana is a lawyer who resides in Texas. While visiting Louisiana, she meets David, who runs a bike shop. Ana tells David that she's planning on buying a bike, and that she'll use it to ride back home to..."
personal_jurisdiction__test__17,personal_jurisdiction,civil_procedure_personal_jurisdiction,civil_procedure_personal_jurisdiction,Yes,"Ana is a lawyer who resides in Texas. While visiting Louisiana, she meets David, who runs a bike shop. David's bike shop is famous, and he frequently advertises his bikes in Texas newspapers. Ana buys..."
personal_jurisdiction__test__18,personal_jurisdiction,civil_procedure_personal_jurisdiction,civil_procedure_personal_jurisdiction,Yes,"Ana is a lawyer who resides in Texas. While visiting Louisiana, she meets David, who runs a bike shop. David sometimes advertises his bikes in Texas newspapers (the majority of his advertising is in o..."
personal_jurisdiction__test__19,personal_jurisdiction,civil_procedure_personal_jurisdiction,civil_procedure_personal_jurisdiction,No,"Ana is a lawyer who resides in Texas. While visiting Louisiana, she meets David, who runs a bike shop. David's bike shop is famous, and he frequently advertises his bikes in newspapers in Texas, Georg..."
personal_jurisdiction__test__20,personal_jurisdiction,civil_procedure_personal_jurisdiction,civil_procedure_personal_jurisdiction,No,"Ana is a lawyer who resides in Texas. While visiting Louisiana, she meets David, who runs a bike shop. David's bike shop is famous, and he frequently advertises his bikes in newspapers in Georgia and ..."
personal_jurisdiction__test__21,personal_jurisdiction,civil_procedure_personal_jurisdiction,civil_procedure_personal_jurisdiction,No,"Ana is a lawyer who resides in Texas. While visiting Louisiana, she meets David, who runs a bike shop. David's bike shop is famous, and he frequently advertises his bikes in newspapers in Georgia and ..."
personal_jurisdiction__test__22,personal_jurisdiction,civil_procedure_personal_jurisdiction,civil_procedure_personal_jurisdiction,Yes,"Ana is a lawyer who resides in Texas. David, who runs a bike shop in Louisiana, calls Ana and tells her how great his bikes are. While visiting Louisiana, Ana buys a bike from David and rides it back ..."
personal_jurisdiction__test__23,personal_jurisdiction,civil_procedure_personal_jurisdiction,civil_procedure_personal_jurisdiction,Yes,"Tony (from Texas) is a regional manager for a cookbook company, Tasty Eats Books (incorporated and principal place of business in Delaware). Tony’s job requires him to travel from city to city to show..."
personal_jurisdiction__test__24,personal_jurisdiction,civil_procedure_personal_jurisdiction,civil_procedure_personal_jurisdiction,Yes,"Tony (from Texas) is a regional manager for a cookbook company, Tasty Eats Books (incorporated and principal place of business in Delaware). Tony’s job requires him to travel from city to city to show..."
personal_jurisdiction__test__25,personal_jurisdiction,civil_procedure_personal_jurisdiction,civil_procedure_personal_jurisdiction,No,"Tony (from Texas) is a regional manager for a cookbook company, Tasty Eats Books (incorporated and principal place of business in Delaware). Tony’s job requires him to travel from city to city to show..."
personal_jurisdiction__test__26,personal_jurisdiction,civil_procedure_personal_jurisdiction,civil_procedure_personal_jurisdiction,No,"Tony (from Texas) is a regional manager for a cookbook company, Tasty Eats Books (incorporated and principal place of business in Delaware). Tony’s job requires him to travel from city to city to show..."
personal_jurisdiction__test__27,personal_jurisdiction,civil_procedure_personal_jurisdiction,civil_procedure_personal_jurisdiction,No,"Tony (from Texas) is a regional manager for a cookbook company, Tasty Eats Books (incorporated and principal place of business in Delaware). Tony’s job requires him to travel from city to city to show..."
personal_jurisdiction__test__28,personal_jurisdiction,civil_procedure_personal_jurisdiction,civil_procedure_personal_jurisdiction,No,"Tony (from Texas) is a regional manager for a cookbook company, Tasty Eats Books (incorporated and principal place of business in Delaware). Tony’s job requires him to travel from city to city to show..."
personal_jurisdiction__test__29,personal_jurisdiction,civil_procedure_personal_jurisdiction,civil_procedure_personal_jurisdiction,Yes,"Tony (from Texas) is a regional manager for a cookbook company, Tasty Eats Books (incorporated and principal place of business in Delaware). Tony’s job requires him to travel from city to city to show..."
personal_jurisdiction__test__30,personal_jurisdiction,civil_procedure_personal_jurisdiction,civil_procedure_personal_jurisdiction,No,"Tony (from Texas) is a regional manager for a cookbook company, Tasty Eats Books (incorporated and principal place of business in Delaware). Tony’s job requires him to travel from city to city to show..."
personal_jurisdiction__test__31,personal_jurisdiction,civil_procedure_personal_jurisdiction,civil_procedure_personal_jurisdiction,Yes,"Tony (from Texas) is a regional manager for a cookbook company, Tasty Eats Books (incorporated and principal place of business in Delaware). Tony’s job requires him to travel from city to city to show..."
personal_jurisdiction__test__32,personal_jurisdiction,civil_procedure_personal_jurisdiction,civil_procedure_personal_jurisdiction,No,"Tony (from Texas) is a regional manager for a cookbook company, Tasty Eats Books (incorporated and principal place of business in Delaware). Tony’s job requires him to travel from city to city to show..."
personal_jurisdiction__test__33,personal_jurisdiction,civil_procedure_personal_jurisdiction,civil_procedure_personal_jurisdiction,Yes,"David is a citizen of California. He flies to New York for a vacation, where he meets Maggie, who is also visiting from Rhode Island. While they chat, Dave fraudulently tricks Maggie into giving him h..."
personal_jurisdiction__test__34,personal_jurisdiction,civil_procedure_personal_jurisdiction,civil_procedure_personal_jurisdiction,No,"David is a citizen of California. He flies to New York for a vacation, where he meets Maggie, who is also visiting from Rhode Island. While they chat, Dave fraudulently tricks Maggie into giving him h..."
personal_jurisdiction__test__35,personal_jurisdiction,civil_procedure_personal_jurisdiction,civil_procedure_personal_jurisdiction,Yes,"David is a citizen of California. He flies to New York for a vacation, where he meets Maggie, who is also visiting from Rhode Island. While they chat, Dave fraudulently tricks Maggie into giving him h..."
personal_jurisdiction__test__36,personal_jurisdiction,civil_procedure_personal_jurisdiction,civil_procedure_personal_jurisdiction,No,"David is a citizen of California. He flies to New York for a vacation, where he meets Maggie, who is also visiting from Rhode Island. While they chat, Dave fraudulently tricks Maggie into giving him h..."
personal_jurisdiction__test__37,personal_jurisdiction,civil_procedure_personal_jurisdiction,civil_procedure_personal_jurisdiction,No,"David is a citizen of California. He flies to New York for a vacation, where he meets Maggie, who is also visiting from Rhode Island. While they chat, Dave fraudulently tricks Maggie into giving him h..."
personal_jurisdiction__test__38,personal_jurisdiction,civil_procedure_personal_jurisdiction,civil_procedure_personal_jurisdiction,No,"David is a citizen of California. He flies to New York for a vacation, where he meets Maggie, who is also visiting from Rhode Island. While they chat, Dave fraudulently tricks Maggie into giving him h..."
personal_jurisdiction__test__39,personal_jurisdiction,civil_procedure_personal_jurisdiction,civil_procedure_personal_jurisdiction,No,"David is a citizen of California. He flies to New York for a vacation, where he meets Maggie, who is also visiting from Rhode Island. While they chat, Dave fraudulently tricks Maggie into giving him h..."
personal_jurisdiction__test__40,personal_jurisdiction,civil_procedure_personal_jurisdiction,civil_procedure_personal_jurisdiction,Yes,"David is a citizen of California. He flies to New York for a vacation, where he meets Maggie, who is also visiting from Rhode Island. While they chat, Dave fraudulently tricks Maggie into giving him h..."
personal_jurisdiction__test__41,personal_jurisdiction,civil_procedure_personal_jurisdiction,civil_procedure_personal_jurisdiction,No,"Martha makes special pinwheel hats, which she only sells to other residents of her hometown (Salem, Oregon). Through a series of second-hand sales, one of these hats makes it way to Alex, a citizen of..."
personal_jurisdiction__test__42,personal_jurisdiction,civil_procedure_personal_jurisdiction,civil_procedure_personal_jurisdiction,No,"Martha makes special pinwheel hats, which she only sells to other residents of her hometown (Salem, Oregon). Martha's neighbor purchases a hat, and sells it to her cousin in Texas. This cousin then se..."
personal_jurisdiction__test__43,personal_jurisdiction,civil_procedure_personal_jurisdiction,civil_procedure_personal_jurisdiction,Yes,"Martha makes special pinwheel hats in her home in Salem, Oregon. However, she maintains an extensive online presence, and markets her goods to citizens of all 50 states. Alex, a citizen of Maine, purc..."
personal_jurisdiction__test__44,personal_jurisdiction,civil_procedure_personal_jurisdiction,civil_procedure_personal_jurisdiction,Yes,"Martha makes special pinwheel hats, which she only sells to other residents of her hometown (Salem, Oregon). Martha's neighbor purchases a hat, and sells it to her cousin in Texas. This cousin then se..."
personal_jurisdiction__test__45,personal_jurisdiction,civil_procedure_personal_jurisdiction,civil_procedure_personal_jurisdiction,Yes,"Martha makes special pinwheel hats in her home in Salem, Oregon. However, she maintains an extensive online presence, and markets her goods to citizens of all 50 states. Alex, a citizen of Maine, purc..."
personal_jurisdiction__test__46,personal_jurisdiction,civil_procedure_personal_jurisdiction,civil_procedure_personal_jurisdiction,No,"Martha makes special pinwheel hats in her home in Salem, Oregon. She only sells hats out of her garage, to people who stop on the street. Alex, a citizen of Maine, purchases one of the hats while visi..."
personal_jurisdiction__test__47,personal_jurisdiction,civil_procedure_personal_jurisdiction,civil_procedure_personal_jurisdiction,No,"Martha makes special pinwheel hats in her home in Salem, Oregon. She only sells hats out of her garage, to people who stop on the street. Alex, a citizen of Maine, purchases one of the hats while visi..."
personal_jurisdiction__test__48,personal_jurisdiction,civil_procedure_personal_jurisdiction,civil_procedure_personal_jurisdiction,No,"Martha makes special pinwheel hats in her home in Salem, Oregon. She only markets her hats on the west coast (California, Oregon, and Washington). Alex, a citizen of Maine, purchases one of the hats w..."
personal_jurisdiction__test__49,personal_jurisdiction,civil_procedure_personal_jurisdiction,civil_procedure_personal_jurisdiction,No,"Martha makes special pinwheel hats in her home in Salem, Oregon. She only markets her hats on the west coast (California, Oregon, and Washington). Alex, a citizen of Maine, purchases one of the hats w..."
hearsay__test__1,hearsay,evidence,evidence,No,"On the issue of whether Robert negligently drove, the fact that Robert fell asleep while driving."
hearsay__test__2,hearsay,evidence,evidence,No,"On the issue of whether John knew about the conspiracy, the fact that John likes sweatpants."
hearsay__test__3,hearsay,evidence,evidence,No,"On the issue of whether Michael was guilty of murder, the fact that Michael left the crime scene immediately."
hearsay__test__4,hearsay,evidence,evidence,No,"On the issue of whether William was loved by his community, the fact that he was selected to speak at his graduation."
hearsay__test__5,hearsay,evidence,evidence,No,"On the issue of whether Mary robbed the bank, the fact that Mary went to the bank in disguise."
hearsay__test__6,hearsay,evidence,evidence,No,"On the issue of whether Patricia was a fan of Coldplay, the fact that she had a poster with the lyrics of ""Viva la Vida"" on her bedroom wall."
hearsay__test__7,hearsay,evidence,evidence,No,"On the issue of whether Jennifer suffered reputational harm from Linda's article, the fact that Linda worked with several different editors to proof read and cross-check her article."
hearsay__test__8,hearsay,evidence,evidence,No,"On the issue of whether Elizabeth was misdiagnosed by Barbara, the fact that Barbara didn't consult with her usual charts while assessing Elizabethg."
hearsay__test__9,hearsay,evidence,evidence,No,"On the issue of whether Richard had ever visited Chicago, the fact that he gave a speech there in 2005."
hearsay__test__10,hearsay,evidence,evidence,No,"On the issue of how long Joseph and Thomas had known each other, the fact that were neighbors during elementary school."
hearsay__test__11,hearsay,evidence,evidence,No,"On the issue of whether Susan was familiar with Shakespeare, the fact that she had once played the role of Macbeth and recieved a standing ovation after her monologue."
hearsay__test__12,hearsay,evidence,evidence,No,"On the issue of whether Jessica was aware she was trespassing, the fact that Jessica had been diagnosed as near-sighted by her ophthalmologist."
hearsay__test__13,hearsay,evidence,evidence,No,"On the issue of whether Sarah was acting as an agent for the corporation, the fact that Sarah had worked there previously for four years."
hearsay__test__14,hearsay,evidence,evidence,No,"On the issue of whether Charles was responsible for the defamatory article published online, the fact that Charles had visited the website responsible for the article multiple times in the past year."
hearsay__test__15,hearsay,evidence,evidence,No,"On the issue of whether Karen negligently operated the forklift, the fact that Karen is a terrible driver who needed several tries to pass her commercial license test."
hearsay__test__16,hearsay,evidence,evidence,No,"On the issue of whether the patent was infringed, the fact that the corporation's chief scientist was known to cheat at card games."
hearsay__test__17,hearsay,evidence,evidence,No,"On the issue of whether Christopher acted with malice, the fact that Christopher was often moody and had a large temper."
hearsay__test__20,hearsay,evidence,evidence,No,"On the issue of the faultiness of the designed house, the drawing the witness made on the stand during testimony."
hearsay__test__22,hearsay,evidence,evidence,No,"On the issue of whether Ana lied to Jim, Jim's statement on cross-examination that he did not believe Ana to be an honest individual."
hearsay__test__23,hearsay,evidence,evidence,No,"On the issue of whether Daniel drove negligently, the fact that Daniel testified during the trial that he told his wife he was tired before driving into a tree."
hearsay__test__25,hearsay,evidence,evidence,No,"On the issue of whether Nancy knew who attacked her, Nancy's statement in court, ""I was attacked by Sandra."""
hearsay__test__26,hearsay,evidence,evidence,No,"During the trial, Mark nodded when asked if it was him who vandalized Emily's garage."
hearsay__test__27,hearsay,evidence,evidence,No,"On the issue of which employee saw Emily last, the fact that James testified on the stand that he was on vacation that day and had last spoken to Emily the week before."
hearsay__test__28,hearsay,evidence,evidence,No,"On the issue of whether Will knew that the company intended to announce its drug trials had been cancelled, the fact that he told the jury that ""he didn't know the first thing about how medicines work..."
hearsay__test__29,hearsay,evidence,evidence,No,"On the issue of the defendant's guilt, Alex told the jury that he believed the defendant was guilty."
hearsay__test__30,hearsay,evidence,evidence,No,"When showed floorplans of the museum during the trial, Andrew pointed out all the escape routes that he and his co-conspirators had planned to use."
hearsay__test__31,hearsay,evidence,evidence,No,"When asked if he was remorseful by his attorney, Adam testified that ""he regretted his actions."""
hearsay__test__32,hearsay,evidence,evidence,No,"On the issue of whether Donna was ill, the fact that Margaret testified during trial that she thought Donna was unwell."
hearsay__test__33,hearsay,evidence,evidence,Yes,"On the issue of the sanity of Deborah, the fact that Deborah told her friend that she is completely sane."
hearsay__test__34,hearsay,evidence,evidence,Yes,"On the issue of whether Joshua's friend was attacked by Ashley, the fact that Joshua's friend told Joshua that he was just attacked by Ashley."
hearsay__test__35,hearsay,evidence,evidence,Yes,"To prove that Tom was in town, a witness testifies that her friend Susan told her Tom was in town."
hearsay__test__36,hearsay,evidence,evidence,Yes,"To prove that Shirley committed fraud, the fact that she told her neighbor she was planning on tricking the defendant by selling them a fake handbag."
hearsay__test__37,hearsay,evidence,evidence,Yes,"To prove that Stephen drove his car through a stoplight, the fact that Stephen told his wife on the phone that he was not paying attention to the road."
hearsay__test__38,hearsay,evidence,evidence,Yes,"On the issue of whether Henry negligently hit Kelly with his car, Kelly's statement, ""a witness told me after the crash that Henry was on his cell phone while driving."""
hearsay__test__39,hearsay,evidence,evidence,Yes,"On the issue of whether Sean knew he was going to die, the fact that he called his lawyer wanting to make final changes to his will."
hearsay__test__40,hearsay,evidence,evidence,Yes,"To prove that Alice was planning a robbery, the fact that she told Bob she was researching escape routes."
hearsay__test__41,hearsay,evidence,evidence,Yes,"To prove that Bruce committed medical malpractice, the fact that he told a nurse after the surgery that he thought he made a mistake."
hearsay__test__42,hearsay,evidence,evidence,Yes,"To prove that Alice suffered reputational harm, the fact that people were telling Bob that they had heard bad things about Alice."
hearsay__test__43,hearsay,evidence,evidence,Yes,"To prove that the Denise and Tom were married, the fact that Amber sent them a card congratulating them on their wedding."
hearsay__test__44,hearsay,evidence,evidence,Yes,"To prove that Alex owned a red car, the fact that she sent an email to her mother explaining how she was planning on purchasing a red car."
hearsay__test__45,hearsay,evidence,evidence,Yes,"On the issue of whether the accident was a result of negligence, a bystander's exclamation that driver was looking down at their phone while driving."
hearsay__test__46,hearsay,evidence,evidence,Yes,"On the issue of whether Henry committed insider trading, Alice's statement to Bob that Henry told her he had a ""great tip about what a certain stock was going to do."""
hearsay__test__47,hearsay,evidence,evidence,No,"On the issue of whether Jane knew that Arthur was having an affair, the fact that Bob told Jane he suspected Arthur was up to something."
hearsay__test__48,hearsay,evidence,evidence,Yes,"On the issue of whether Mary was Tom's mother, the fact that Albert told Mary that Tom looked like her."
hearsay__test__49,hearsay,evidence,evidence,Yes,"Alex is being sued for breach of contract relating to a delay in the shipment of mangos. To prove that the shipment was delayed, a witness for the plaintiffs testifies that he heard Alex complain abou..."
hearsay__test__50,hearsay,evidence,evidence,Yes,"Alex is being prosecuted for participation in a criminal conspiracy. To prove that Alex participated in the conspiracy, the prosecution's witness testifies that she heard Alex making plans to meet wit..."
hearsay__test__51,hearsay,evidence,evidence,Yes,"Dave is being sued by Taylor Swift for copyright infringement. To prove that Dave had listened to Taylor Swift, the plaintiffs introduced evidence of Dave telling his friend that his favorite artist w..."
hearsay__test__52,hearsay,evidence,evidence,Yes,"Angela is suing Harold for defamation. To prove that Harold knowingly spread falsehoods about her, Angela introduces evidence of Harold admitting to his friend that his statements about Angela were al..."
hearsay__test__53,hearsay,evidence,evidence,No,"Joe is being prosecuted for illegally transporting turtle eggs under an animal trafficking statute. To prove that Joe owned the duffel bag in which contained the turtle eggs, the prosecution introduce..."
hearsay__test__54,hearsay,evidence,evidence,Yes,"Corporation A decides to sue Corporation B for stealing trade secrets. To prove that B did it, lawyers for A introduce as evidence a statement made by B's CEO to one of his friends that B ""would soon ..."
hearsay__test__55,hearsay,evidence,evidence,Yes,"Kim is sued by Jim for medical malpractice. To prove that Kim was a bad doctor, Jim introduces evidence that Kim told her friend that she cheated on all her medical school exams."
hearsay__test__56,hearsay,evidence,evidence,Yes,"To prove that Albert likes ice cream, the prosecution introduces evidence that Albert told Jim that ""he wanted an ice cream."""
hearsay__test__57,hearsay,evidence,evidence,Yes,"To prove that Jose liked red Ferraris, the defense introduces testimony from Tracy discussing how Jose told her that his favorite color is red and his favorite car is a Ferrari."
hearsay__test__58,hearsay,evidence,evidence,Yes,"To prove that Michael was in charge of the group, the plaintiffs introduce evidence of Michael stating, ""I am the boss here."""
hearsay__test__59,hearsay,evidence,evidence,Yes,"On the issue of whether Sandy knew that the cash belonged to Michael, Amy testifies that Sandy told her he thought he had Michael's cash."
hearsay__test__60,hearsay,evidence,evidence,Yes,"On the issue of whether the brakes were faulty, Amy testifies that she heard Arthur claim that he thought something was wrong with the car."
hearsay__test__61,hearsay,evidence,evidence,Yes,"To prove that the CEO knew of the fraudulent activities occuring, an email he sent his acknowledging his awareness of the conduct."
hearsay__test__62,hearsay,evidence,evidence,Yes,"On the issue of whether the defendant knew he was trespassing, the fact that he shook his head when asked by a passing security guard about whether he knew he was on private property."
hearsay__test__63,hearsay,evidence,evidence,Yes,"To prove that the insured under a life policy is dead, his wife offers a death certificate."
hearsay__test__64,hearsay,evidence,evidence,Yes,"On the issue of which car was responsible for the hit and run, the fact that a bystander turned and pointed to a blue sedan."
hearsay__test__65,hearsay,evidence,evidence,Yes,"To prove that the defendant was present at the scene of the crime, a forensics report describing traces of the defendant's DNA that was found by investigators."
hearsay__test__66,hearsay,evidence,evidence,Yes,"To prove that the student was a terrible student, the mid-term report written by his teacher."
hearsay__test__67,hearsay,evidence,evidence,Yes,"On the issue of whether Albert visited the garage sale, the fact that Tom wrote in an email to Mary that he saw Albert at the garage sale."
hearsay__test__68,hearsay,evidence,evidence,Yes,"On the issue of whether Albert supported environmental reform, the fact that his car has many stickers with environmental slogans."
hearsay__test__69,hearsay,evidence,evidence,Yes,"On the issue of whether Albert bought a knife, Angela testified that he shook his head when she asked him."
hearsay__test__70,hearsay,evidence,evidence,Yes,"On the issue of Albert's wellbeing after the accident, Angela testified that he gave a thumbs up when asked how he was feeling."
hearsay__test__71,hearsay,evidence,evidence,Yes,Albert is being sued by Tim for breach of contract. The issue is whether Albert knew at the time signing the contract that he had no intention of following through. Tim's lawyers introduce an email Al...
hearsay__test__72,hearsay,evidence,evidence,No,"On the issue of whether factory management had underpaid its workers, the fact that workers carried signs during a protest demanding equitable compensation."
hearsay__test__73,hearsay,evidence,evidence,Yes,"On the issue of whether Albert liked Taylor Swift, a social media post written by Albert describing Taylor as his favorite artist."
hearsay__test__74,hearsay,evidence,evidence,No,"On the issue of whether Tom identified the suspect at the scene of the crime, the fact that he pointed at the defendant."
hearsay__test__75,hearsay,evidence,evidence,Yes,"On the issue of the sanity of Bobby, the fact that Bobby told a friend that she believed she was Santa Clause."
hearsay__test__76,hearsay,evidence,evidence,No,"On the issue of whether Vincent was provoked by Roy, the fact that Vincent was told by his friend that he had just been attacked by Roy."
hearsay__test__77,hearsay,evidence,evidence,No,"On the issue of whether Kayla knew she was ill, the fact that Philip told him she was unwell."
hearsay__test__78,hearsay,evidence,evidence,No,"On the issue of damage to Mason's reputation as a sober individual, Lori's public statement, ""I have never seen Mason drink."""
hearsay__test__79,hearsay,evidence,evidence,No,"On the issue of whether Gerald was alive immediately after being attacked by Kathryn, Gerald's statement, ""I was attacked by Kathryn."""
hearsay__test__80,hearsay,evidence,evidence,No,"On issue of Dylan's ill feeling toward Andrew, Dylan's statement, ""Andrew is a liar and a hypocrite."""
hearsay__test__81,hearsay,evidence,evidence,No,"On the issue of whether Ann and Austin had a discussion, Ann's statement to Austin, ""I will sell my car to you for a cost."""
hearsay__test__82,hearsay,evidence,evidence,No,"On the issue of whether Patty knew Dave, the prosecution introduces evidence that Patty told Arthur, ""Dave is really dishonest."""
hearsay__test__83,hearsay,evidence,evidence,No,"To prove that Arthur knew English, the fact that Arthur told Bill (in English) that he thought Mary robbed the bank."
hearsay__test__84,hearsay,evidence,evidence,Yes,"To prove that Arthur had notice that a bank robbery was being planned, the fact that Arthur told Mary that he heard a bank robbery was going to happen."
hearsay__test__85,hearsay,evidence,evidence,No,"To prove that Mary was at the mall on January 2nd, a mall employee testifies that on January 2nd, Mary told him she was planning on purchasing several diamonds."
hearsay__test__86,hearsay,evidence,evidence,No,"To prove that Anne supported David, the fact that Anne said that David was the best boss in the world."
hearsay__test__87,hearsay,evidence,evidence,No,"To prove that Daniel was sad upon hearing the news, the fact he exlaimed ""the world was ending"" and ""nothing mattered anymore."""
hearsay__test__88,hearsay,evidence,evidence,No,"To prove that Amy believed that Karl was an employee of the store, the fact that Amy told Karl that the store needed to refund her because their marketing had been decieving."
hearsay__test__89,hearsay,evidence,evidence,No,"To prove that Arthur believed that Amy and Daniel were married, the fact that he wished them a happy anniversary."
hearsay__test__90,hearsay,evidence,evidence,No,"To prove that the trademarks of restaurant A and restaurant B created confusion, the fact that a customer called one and placed an order believing it to actually be the other."
hearsay__test__91,hearsay,evidence,evidence,No,"To prove that Michael knew of the existing patent, the fact that he told his friend that the patent was poorly written."
hearsay__test__92,hearsay,evidence,evidence,No,"To prove that Arthur and Mary had a conversation, the fact that Arthur told Mary that the weather the following week would be terrible."
hearsay__test__93,hearsay,evidence,evidence,Yes,"On the issue of whether Melissa was the agent of Mark, Melissa's statement to Tim that her offer was being made as an agent of Mark."
diversity_2__test__0,diversity_2,civil_procedure_diversity,civil_procedure_diversity,No,"Sophia is from Arkansas. Benjamin is from Hawaii. Noah is from Arkansas. Sophia sues Benjamin and Noah each for defamation for $24,000."
diversity_2__test__1,diversity_2,civil_procedure_diversity,civil_procedure_diversity,No,"Oliver is from Alaska. Emma is from Mississippi. Henry is from Alaska. Oliver sues Emma and Henry each for patent infringement for $3,556,000."
diversity_2__test__2,diversity_2,civil_procedure_diversity,civil_procedure_diversity,No,"Harper is from Wyoming. Liam is from Hawaii. Lucas is from New Mexico. Harper sues Liam and Lucas each for trespass for $50,000."
diversity_2__test__3,diversity_2,civil_procedure_diversity,civil_procedure_diversity,No,"Elijah is from Virginia. Ava is from Virginia. Sophia is from New York. Elijah sues Ava and Sophia each for trespass for $5,063,000."
diversity_2__test__4,diversity_2,civil_procedure_diversity,civil_procedure_diversity,No,"James is from Iowa. Benjamin is from Oklahoma. Harper is from Iowa. James sues Benjamin and Harper each for wrongful eviction for $16,000."
diversity_2__test__5,diversity_2,civil_procedure_diversity,civil_procedure_diversity,Yes,"Evelyn is from Minnesota. Emma is from Massachusetts. William is from Maryland. Evelyn sues Emma and William each for negligence for $3,810,000."
diversity_2__test__6,diversity_2,civil_procedure_diversity,civil_procedure_diversity,No,"Lucas is from Connecticut. William is from New Jersey. Sophia is from Nevada. Lucas sues William and Sophia each for patent infringement for $14,000."
diversity_2__test__7,diversity_2,civil_procedure_diversity,civil_procedure_diversity,No,"Liam is from Kansas. Elijah is from Arizona. Isabella is from Utah. Liam sues Elijah and Isabella each for securities fraud for $61,000."
diversity_2__test__8,diversity_2,civil_procedure_diversity,civil_procedure_diversity,Yes,"Charlotte is from North Dakota. Mia is from Indiana. Harper is from Idaho. Charlotte sues Mia and Harper each for medical malpractice for $4,487,000."
diversity_2__test__9,diversity_2,civil_procedure_diversity,civil_procedure_diversity,No,"Harper is from Alabama. William is from Utah. Benjamin is from Alabama. Harper sues William and Benjamin each for copyright infringement for $8,660,000."
diversity_2__test__12,diversity_2,civil_procedure_diversity,civil_procedure_diversity,Yes,"Amelia is from Pennsylvania. Ava is from Wisconsin. Emma is from Connecticut. Amelia sues Ava and Emma each for negligence for $7,601,000."
diversity_2__test__13,diversity_2,civil_procedure_diversity,civil_procedure_diversity,Yes,"Charlotte is from Indiana. Elijah is from Florida. Benjamin is from Illinois. Charlotte sues Elijah and Benjamin each for medical malpractice for $3,981,000."
diversity_2__test__14,diversity_2,civil_procedure_diversity,civil_procedure_diversity,No,"Theodore is from Oregon. Elijah is from Oregon. Noah is from Connecticut. Theodore sues Elijah and Noah each for defamation for $2,957,000."
diversity_2__test__15,diversity_2,civil_procedure_diversity,civil_procedure_diversity,No,"Isabella is from North Dakota. Ava is from Wisconsin. Henry is from North Dakota. Isabella sues Ava and Henry each for trademark infringement for $3,483,000."
diversity_2__test__16,diversity_2,civil_procedure_diversity,civil_procedure_diversity,Yes,"Theodore is from Virginia. Elijah is from Louisiana. Oliver is from Alaska. Theodore sues Elijah and Oliver each for copyright infringement for $9,118,000."
diversity_2__test__17,diversity_2,civil_procedure_diversity,civil_procedure_diversity,No,"Olivia is from Pennsylvania. Ava is from Minnesota. Elijah is from Washington. Olivia sues Ava and Elijah each for medical malpractice for $6,000."
diversity_2__test__18,diversity_2,civil_procedure_diversity,civil_procedure_diversity,No,"Evelyn is from California. Mia is from California. Charlotte is from New Hampshire. Evelyn sues Mia and Charlotte each for patent infringement for $24,000."
diversity_2__test__19,diversity_2,civil_procedure_diversity,civil_procedure_diversity,No,"Mia is from Arkansas. Oliver is from Texas. Amelia is from Arkansas. Mia sues Oliver and Amelia each for copyright infringement for $6,317,000."
diversity_2__test__21,diversity_2,civil_procedure_diversity,civil_procedure_diversity,Yes,"Ava is from Massachusetts. Evelyn is from Illinois. Benjamin is from Arizona. Ava sues Evelyn and Benjamin each for negligence for $6,757,000."
diversity_2__test__22,diversity_2,civil_procedure_diversity,civil_procedure_diversity,No,"Sophia is from Hawaii. Mia is from Illinois. Harper is from Colorado. Sophia sues Mia and Harper each for patent infringement for $48,000."
diversity_2__test__24,diversity_2,civil_procedure_diversity,civil_procedure_diversity,No,"James is from Virginia. William is from Minnesota. Elijah is from South Dakota. James sues William and Elijah each for negligence for $52,000."
diversity_2__test__25,diversity_2,civil_procedure_diversity,civil_procedure_diversity,No,"Noah is from Illinois. Elijah is from Illinois. Ava is from Wisconsin. Noah sues Elijah and Ava each for trespass for $24,000."
diversity_2__test__26,diversity_2,civil_procedure_diversity,civil_procedure_diversity,Yes,"Charlotte is from Missouri. Harper is from Louisiana. Mia is from South Dakota. Charlotte sues Harper and Mia each for defamation for $7,468,000."
diversity_2__test__27,diversity_2,civil_procedure_diversity,civil_procedure_diversity,No,"Olivia is from Maine. Noah is from Maine. Isabella is from Rhode Island. Olivia sues Noah and Isabella each for patent infringement for $6,897,000."
diversity_2__test__28,diversity_2,civil_procedure_diversity,civil_procedure_diversity,No,"Oliver is from Florida. Benjamin is from Florida. William is from West Virginia. Oliver sues Benjamin and William each for patent infringement for $3,827,000."
diversity_2__test__29,diversity_2,civil_procedure_diversity,civil_procedure_diversity,No,"Isabella is from Ohio. William is from California. Amelia is from Iowa. Isabella sues William and Amelia each for trespass for $71,000."
diversity_2__test__30,diversity_2,civil_procedure_diversity,civil_procedure_diversity,No,"Emma is from Maryland. Olivia is from Maryland. Mia is from Maryland. Emma sues Olivia and Mia each for wrongful eviction for $10,000."
diversity_2__test__31,diversity_2,civil_procedure_diversity,civil_procedure_diversity,No,"Charlotte is from Connecticut. William is from Virginia. Amelia is from Washington. Charlotte sues William and Amelia each for defamation for $50,000."
diversity_2__test__32,diversity_2,civil_procedure_diversity,civil_procedure_diversity,No,"Isabella is from Connecticut. Henry is from Connecticut. Benjamin is from Iowa. Isabella sues Henry and Benjamin each for wrongful eviction for $9,197,000."
diversity_2__test__34,diversity_2,civil_procedure_diversity,civil_procedure_diversity,No,"Liam is from Alaska. Sophia is from Wyoming. Isabella is from Hawaii. Liam sues Sophia and Isabella each for medical malpractice for $72,000."
diversity_2__test__35,diversity_2,civil_procedure_diversity,civil_procedure_diversity,No,"Lucas is from Tennessee. Ava is from Missouri. Henry is from Tennessee. Lucas sues Ava and Henry each for defamation for $24,000."
diversity_2__test__36,diversity_2,civil_procedure_diversity,civil_procedure_diversity,No,"Oliver is from Pennsylvania. Amelia is from Illinois. Ava is from Pennsylvania. Oliver sues Amelia and Ava each for medical malpractice for $216,000."
diversity_2__test__37,diversity_2,civil_procedure_diversity,civil_procedure_diversity,No,"Harper is from Louisiana. Mia is from Louisiana. Lucas is from Louisiana. Harper sues Mia and Lucas each for copyright infringement for $9,370,000."
diversity_2__test__38,diversity_2,civil_procedure_diversity,civil_procedure_diversity,Yes,"Benjamin is from Wyoming. Theodore is from Georgia. Ava is from Texas. Benjamin sues Theodore and Ava each for negligence for $8,302,000."
diversity_2__test__39,diversity_2,civil_procedure_diversity,civil_procedure_diversity,No,"Noah is from Connecticut. Harper is from Alabama. Mia is from Connecticut. Noah sues Harper and Mia each for trademark infringement for $3,188,000."
diversity_2__test__40,diversity_2,civil_procedure_diversity,civil_procedure_diversity,No,"Emma is from Mississippi. Harper is from Mississippi. Oliver is from New Mexico. Emma sues Harper and Oliver each for copyright infringement for $8,449,000."
diversity_2__test__41,diversity_2,civil_procedure_diversity,civil_procedure_diversity,No,"Noah is from West Virginia. Oliver is from Iowa. Mia is from West Virginia. Noah sues Oliver and Mia each for trademark infringement for $68,000."
diversity_2__test__42,diversity_2,civil_procedure_diversity,civil_procedure_diversity,Yes,"James is from West Virginia. Sophia is from South Dakota. William is from Oregon. James sues Sophia and William each for trespass for $2,661,000."
diversity_2__test__43,diversity_2,civil_procedure_diversity,civil_procedure_diversity,No,"Ava is from Alaska. Theodore is from Alaska. Oliver is from Arkansas. Ava sues Theodore and Oliver each for wrongful eviction for $8,835,000."
diversity_2__test__44,diversity_2,civil_procedure_diversity,civil_procedure_diversity,Yes,"Harper is from Michigan. Benjamin is from Vermont. Noah is from Minnesota. Harper sues Benjamin and Noah each for medical malpractice for $3,732,000."
diversity_2__test__45,diversity_2,civil_procedure_diversity,civil_procedure_diversity,No,"Lucas is from Georgia. Liam is from California. Henry is from Nebraska. Lucas sues Liam and Henry each for securities fraud for $21,000."
diversity_2__test__46,diversity_2,civil_procedure_diversity,civil_procedure_diversity,Yes,"James is from Montana. Theodore is from Florida. Henry is from Michigan. James sues Theodore and Henry each for trespass for $5,907,000."
diversity_2__test__47,diversity_2,civil_procedure_diversity,civil_procedure_diversity,Yes,"Elijah is from Illinois. Isabella is from Arkansas. Noah is from Oklahoma. Elijah sues Isabella and Noah each for securities fraud for $6,442,000."
diversity_2__test__48,diversity_2,civil_procedure_diversity,civil_procedure_diversity,Yes,"Theodore is from Kentucky. Emma is from Hawaii. James is from Pennsylvania. Theodore sues Emma and James each for defamation for $5,864,000."
diversity_2__test__49,diversity_2,civil_procedure_diversity,civil_procedure_diversity,No,"William is from Oklahoma. Theodore is from California. Henry is from New Mexico. William sues Theodore and Henry each for securities fraud for $11,000."
diversity_2__test__50,diversity_2,civil_procedure_diversity,civil_procedure_diversity,No,"Liam is from Massachusetts. Evelyn is from Vermont. Emma is from Massachusetts. Liam sues Evelyn and Emma each for securities fraud for $55,000."
diversity_2__test__51,diversity_2,civil_procedure_diversity,civil_procedure_diversity,Yes,"Isabella is from Maine. Benjamin is from New Hampshire. Theodore is from North Carolina. Isabella sues Benjamin and Theodore each for securities fraud for $4,148,000."
diversity_2__test__52,diversity_2,civil_procedure_diversity,civil_procedure_diversity,No,"Oliver is from South Carolina. Lucas is from South Carolina. Charlotte is from North Carolina. Oliver sues Lucas and Charlotte each for trespass for $6,010,000."
diversity_2__test__53,diversity_2,civil_procedure_diversity,civil_procedure_diversity,No,"Elijah is from Maryland. Henry is from Maryland. Evelyn is from Hawaii. Elijah sues Henry and Evelyn each for copyright infringement for $8,665,000."
diversity_2__test__54,diversity_2,civil_procedure_diversity,civil_procedure_diversity,No,"Theodore is from New Mexico. Emma is from Colorado. Oliver is from New Mexico. Theodore sues Emma and Oliver each for medical malpractice for $2,000."
diversity_2__test__55,diversity_2,civil_procedure_diversity,civil_procedure_diversity,Yes,"Evelyn is from Georgia. Olivia is from California. Isabella is from Connecticut. Evelyn sues Olivia and Isabella each for patent infringement for $2,037,000."
diversity_2__test__56,diversity_2,civil_procedure_diversity,civil_procedure_diversity,No,"Harper is from Massachusetts. Mia is from Massachusetts. Isabella is from Hawaii. Harper sues Mia and Isabella each for medical malpractice for $8,887,000."
diversity_2__test__57,diversity_2,civil_procedure_diversity,civil_procedure_diversity,No,"Ava is from New Hampshire. James is from West Virginia. Oliver is from New Mexico. Ava sues James and Oliver each for patent infringement for $65,000."
diversity_2__test__58,diversity_2,civil_procedure_diversity,civil_procedure_diversity,No,"Lucas is from Oregon. James is from Oregon. Benjamin is from Louisiana. Lucas sues James and Benjamin each for trademark infringement for $13,000."
diversity_2__test__59,diversity_2,civil_procedure_diversity,civil_procedure_diversity,No,"Amelia is from New Mexico. Henry is from Maryland. Noah is from New Mexico. Amelia sues Henry and Noah each for copyright infringement for $5,215,000."
diversity_2__test__60,diversity_2,civil_procedure_diversity,civil_procedure_diversity,Yes,"Isabella is from Montana. Elijah is from Tennessee. Liam is from Oklahoma. Isabella sues Elijah and Liam each for negligence for $4,248,000."
diversity_2__test__61,diversity_2,civil_procedure_diversity,civil_procedure_diversity,No,"Elijah is from Arizona. Oliver is from Hawaii. Theodore is from Arizona. Elijah sues Oliver and Theodore each for breach of contract for $15,000."
diversity_2__test__62,diversity_2,civil_procedure_diversity,civil_procedure_diversity,No,"Sophia is from Connecticut. Liam is from Rhode Island. Noah is from Nevada. Sophia sues Liam and Noah each for securities fraud for $43,000."
diversity_2__test__63,diversity_2,civil_procedure_diversity,civil_procedure_diversity,No,"Liam is from Oregon. Oliver is from Minnesota. William is from Hawaii. Liam sues Oliver and William each for medical malpractice for $34,000."
diversity_2__test__64,diversity_2,civil_procedure_diversity,civil_procedure_diversity,No,"Sophia is from Delaware. Liam is from Hawaii. James is from Delaware. Sophia sues Liam and James each for securities fraud for $45,000."
diversity_2__test__65,diversity_2,civil_procedure_diversity,civil_procedure_diversity,No,"Emma is from Nevada. Amelia is from Nevada. Evelyn is from North Dakota. Emma sues Amelia and Evelyn each for securities fraud for $7,239,000."
diversity_2__test__66,diversity_2,civil_procedure_diversity,civil_procedure_diversity,Yes,"Lucas is from Missouri. Evelyn is from Louisiana. Mia is from California. Lucas sues Evelyn and Mia each for patent infringement for $4,781,000."
diversity_2__test__67,diversity_2,civil_procedure_diversity,civil_procedure_diversity,No,"James is from Nevada. Ava is from California. Evelyn is from Tennessee. James sues Ava and Evelyn each for copyright infringement for $16,000."
diversity_2__test__68,diversity_2,civil_procedure_diversity,civil_procedure_diversity,No,"Charlotte is from Alabama. Benjamin is from California. Mia is from Mississippi. Charlotte sues Benjamin and Mia each for trademark infringement for $44,000."
diversity_2__test__69,diversity_2,civil_procedure_diversity,civil_procedure_diversity,No,"Oliver is from Wyoming. Sophia is from West Virginia. Harper is from Oklahoma. Oliver sues Sophia and Harper each for breach of contract for $28,000."
diversity_2__test__70,diversity_2,civil_procedure_diversity,civil_procedure_diversity,No,"Henry is from Illinois. Liam is from Alabama. Ava is from Oklahoma. Henry sues Liam and Ava each for trespass for $44,000."
diversity_2__test__71,diversity_2,civil_procedure_diversity,civil_procedure_diversity,No,"Lucas is from Wyoming. Emma is from Illinois. Mia is from Rhode Island. Lucas sues Emma and Mia each for trespass for $40,000."
diversity_2__test__72,diversity_2,civil_procedure_diversity,civil_procedure_diversity,No,"William is from North Dakota. Benjamin is from Hawaii. Emma is from Nevada. William sues Benjamin and Emma each for trespass for $54,000."
diversity_2__test__73,diversity_2,civil_procedure_diversity,civil_procedure_diversity,No,"Mia is from Massachusetts. Sophia is from Nebraska. Noah is from Massachusetts. Mia sues Sophia and Noah each for securities fraud for $27,000."
diversity_2__test__74,diversity_2,civil_procedure_diversity,civil_procedure_diversity,Yes,"Henry is from Tennessee. Harper is from Nevada. James is from Mississippi. Henry sues Harper and James each for legal malpractice for $750,000."
diversity_2__test__75,diversity_2,civil_procedure_diversity,civil_procedure_diversity,No,"Evelyn is from North Carolina. William is from Nebraska. Henry is from North Carolina. Evelyn sues William and Henry each for patent infringement for $22,000."
diversity_2__test__76,diversity_2,civil_procedure_diversity,civil_procedure_diversity,No,"Benjamin is from Rhode Island. Noah is from Rhode Island. Emma is from California. Benjamin sues Noah and Emma each for trademark infringement for $72,000."
diversity_2__test__77,diversity_2,civil_procedure_diversity,civil_procedure_diversity,Yes,"Noah is from Iowa. Isabella is from New Jersey. Sophia is from Ohio. Noah sues Isabella and Sophia each for legal malpractice for $5,528,000."
diversity_2__test__78,diversity_2,civil_procedure_diversity,civil_procedure_diversity,No,"Theodore is from New Jersey. Emma is from Nevada. Noah is from New Jersey. Theodore sues Emma and Noah each for defamation for $21,000."
diversity_2__test__79,diversity_2,civil_procedure_diversity,civil_procedure_diversity,Yes,"Lucas is from Nebraska. Noah is from Missouri. Benjamin is from Virginia. Lucas sues Noah and Benjamin each for medical malpractice for $2,112,000."
diversity_2__test__80,diversity_2,civil_procedure_diversity,civil_procedure_diversity,No,"Oliver is from North Dakota. Noah is from North Dakota. Emma is from Nevada. Oliver sues Noah and Emma each for trademark infringement for $9,843,000."
diversity_2__test__81,diversity_2,civil_procedure_diversity,civil_procedure_diversity,No,"Henry is from South Dakota. Isabella is from Alaska. Lucas is from Mississippi. Henry sues Isabella and Lucas each for negligence for $4,000."
diversity_2__test__82,diversity_2,civil_procedure_diversity,civil_procedure_diversity,No,"Elijah is from Ohio. Mia is from Ohio. Lucas is from Connecticut. Elijah sues Mia and Lucas each for trespass for $72,000."
diversity_2__test__83,diversity_2,civil_procedure_diversity,civil_procedure_diversity,Yes,"Olivia is from Florida. Benjamin is from Colorado. William is from Illinois. Olivia sues Benjamin and William each for legal malpractice for $3,328,000."
diversity_2__test__84,diversity_2,civil_procedure_diversity,civil_procedure_diversity,No,"Charlotte is from Nebraska. Lucas is from Rhode Island. Amelia is from Vermont. Charlotte sues Lucas and Amelia each for patent infringement for $60,000."
diversity_2__test__85,diversity_2,civil_procedure_diversity,civil_procedure_diversity,No,"Sophia is from Indiana. William is from Colorado. Isabella is from Wisconsin. Sophia sues William and Isabella each for securities fraud for $58,000."
diversity_2__test__86,diversity_2,civil_procedure_diversity,civil_procedure_diversity,No,"Isabella is from Arkansas. Elijah is from Wisconsin. Liam is from Arkansas. Isabella sues Elijah and Liam each for patent infringement for $7,188,000."
diversity_2__test__87,diversity_2,civil_procedure_diversity,civil_procedure_diversity,No,"Harper is from Montana. Theodore is from Georgia. William is from Montana. Harper sues Theodore and William each for medical malpractice for $2,816,000."
diversity_2__test__88,diversity_2,civil_procedure_diversity,civil_procedure_diversity,No,"Liam is from Florida. Emma is from Wyoming. Evelyn is from Michigan. Liam sues Emma and Evelyn each for trademark infringement for $7,000."
diversity_2__test__89,diversity_2,civil_procedure_diversity,civil_procedure_diversity,No,"Liam is from Alabama. William is from Maine. Olivia is from Virginia. Liam sues William and Olivia each for legal malpractice for $23,000."
diversity_2__test__90,diversity_2,civil_procedure_diversity,civil_procedure_diversity,No,"Henry is from New Hampshire. Theodore is from Rhode Island. Mia is from New Hampshire. Henry sues Theodore and Mia each for trademark infringement for $2,065,000."
diversity_2__test__91,diversity_2,civil_procedure_diversity,civil_procedure_diversity,Yes,"Amelia is from Arkansas. Charlotte is from Tennessee. Theodore is from Oklahoma. Amelia sues Charlotte and Theodore each for negligence for $8,589,000."
diversity_2__test__92,diversity_2,civil_procedure_diversity,civil_procedure_diversity,Yes,"Lucas is from South Carolina. Sophia is from Vermont. Liam is from Illinois. Lucas sues Sophia and Liam each for patent infringement for $4,724,000."
diversity_2__test__93,diversity_2,civil_procedure_diversity,civil_procedure_diversity,No,"Noah is from Massachusetts. Isabella is from Tennessee. Charlotte is from Michigan. Noah sues Isabella and Charlotte each for medical malpractice for $31,000."
diversity_2__test__94,diversity_2,civil_procedure_diversity,civil_procedure_diversity,No,"Benjamin is from Vermont. Evelyn is from Vermont. William is from Arkansas. Benjamin sues Evelyn and William each for medical malpractice for $8,552,000."
diversity_2__test__95,diversity_2,civil_procedure_diversity,civil_procedure_diversity,Yes,"William is from Maine. Liam is from Idaho. Amelia is from Pennsylvania. William sues Liam and Amelia each for copyright infringement for $7,099,000."
diversity_2__test__96,diversity_2,civil_procedure_diversity,civil_procedure_diversity,No,"Mia is from Utah. Amelia is from Florida. Olivia is from Utah. Mia sues Amelia and Olivia each for securities fraud for $4,120,000."
diversity_2__test__97,diversity_2,civil_procedure_diversity,civil_procedure_diversity,Yes,"Harper is from Indiana. Sophia is from Kentucky. Elijah is from Mississippi. Harper sues Sophia and Elijah each for medical malpractice for $8,182,000."
diversity_2__test__98,diversity_2,civil_procedure_diversity,civil_procedure_diversity,Yes,"Mia is from Rhode Island. Lucas is from Maine. Benjamin is from Georgia. Mia sues Lucas and Benjamin each for patent infringement for $2,642,000."
diversity_2__test__99,diversity_2,civil_procedure_diversity,civil_procedure_diversity,No,"Charlotte is from Oklahoma. James is from California. Oliver is from Oklahoma. Charlotte sues James and Oliver each for medical malpractice for $56,000."
diversity_2__test__100,diversity_2,civil_procedure_diversity,civil_procedure_diversity,No,"Charlotte is from Missouri. Noah is from New Hampshire. Benjamin is from Missouri. Charlotte sues Noah and Benjamin each for copyright infringement for $4,000."
diversity_2__test__101,diversity_2,civil_procedure_diversity,civil_procedure_diversity,No,"Noah is from Minnesota. Mia is from Kansas. Harper is from Missouri. Noah sues Mia and Harper each for legal malpractice for $27,000."
diversity_2__test__102,diversity_2,civil_procedure_diversity,civil_procedure_diversity,No,"Elijah is from Georgia. Emma is from Kentucky. Liam is from Wisconsin. Elijah sues Emma and Liam each for securities fraud for $73,000."
diversity_2__test__103,diversity_2,civil_procedure_diversity,civil_procedure_diversity,Yes,"Noah is from West Virginia. James is from Ohio. Mia is from Hawaii. Noah sues James and Mia each for breach of contract for $6,581,000."
diversity_2__test__104,diversity_2,civil_procedure_diversity,civil_procedure_diversity,Yes,"Sophia is from Louisiana. Henry is from Georgia. Mia is from Missouri. Sophia sues Henry and Mia each for trespass for $9,650,000."
diversity_2__test__105,diversity_2,civil_procedure_diversity,civil_procedure_diversity,Yes,"Amelia is from Colorado. Benjamin is from North Carolina. Lucas is from Hawaii. Amelia sues Benjamin and Lucas each for trespass for $8,906,000."
diversity_2__test__106,diversity_2,civil_procedure_diversity,civil_procedure_diversity,No,"Emma is from Oregon. Lucas is from Oregon. Amelia is from North Dakota. Emma sues Lucas and Amelia each for legal malpractice for $4,000."
diversity_2__test__107,diversity_2,civil_procedure_diversity,civil_procedure_diversity,No,"Mia is from Oklahoma. Noah is from Oklahoma. Theodore is from Nevada. Mia sues Noah and Theodore each for wrongful eviction for $2,059,000."
diversity_2__test__108,diversity_2,civil_procedure_diversity,civil_procedure_diversity,No,"Ava is from Mississippi. Evelyn is from North Carolina. Liam is from Minnesota. Ava sues Evelyn and Liam each for breach of contract for $64,000."
diversity_2__test__109,diversity_2,civil_procedure_diversity,civil_procedure_diversity,No,"Elijah is from Iowa. Evelyn is from Vermont. Henry is from Nebraska. Elijah sues Evelyn and Henry each for medical malpractice for $15,000."
diversity_2__test__110,diversity_2,civil_procedure_diversity,civil_procedure_diversity,No,"Ava is from Vermont. William is from Vermont. Benjamin is from Oklahoma. Ava sues William and Benjamin each for trademark infringement for $6,716,000."
diversity_2__test__111,diversity_2,civil_procedure_diversity,civil_procedure_diversity,Yes,"Olivia is from Hawaii. Ava is from Wyoming. Isabella is from New Jersey. Olivia sues Ava and Isabella each for securities fraud for $3,993,000."
diversity_2__test__112,diversity_2,civil_procedure_diversity,civil_procedure_diversity,Yes,"Henry is from Maine. Oliver is from Missouri. Liam is from Utah. Henry sues Oliver and Liam each for trespass for $3,182,000."
diversity_2__test__113,diversity_2,civil_procedure_diversity,civil_procedure_diversity,No,"Lucas is from California. Charlotte is from Kentucky. Mia is from California. Lucas sues Charlotte and Mia each for medical malpractice for $9,266,000."
diversity_2__test__114,diversity_2,civil_procedure_diversity,civil_procedure_diversity,Yes,"Liam is from Arkansas. Harper is from Wisconsin. Benjamin is from Iowa. Liam sues Harper and Benjamin each for defamation for $8,525,000."
diversity_2__test__115,diversity_2,civil_procedure_diversity,civil_procedure_diversity,No,"Lucas is from Montana. Isabella is from Montana. Olivia is from New Hampshire. Lucas sues Isabella and Olivia each for negligence for $6,141,000."
diversity_2__test__116,diversity_2,civil_procedure_diversity,civil_procedure_diversity,No,"Ava is from New Jersey. Evelyn is from Colorado. Mia is from Utah. Ava sues Evelyn and Mia each for securities fraud for $8,000."
diversity_2__test__117,diversity_2,civil_procedure_diversity,civil_procedure_diversity,No,"Oliver is from Arkansas. James is from Arkansas. Lucas is from Arkansas. Oliver sues James and Lucas each for legal malpractice for $57,000."
diversity_2__test__118,diversity_2,civil_procedure_diversity,civil_procedure_diversity,No,"Evelyn is from Texas. Theodore is from Arizona. Henry is from Oklahoma. Evelyn sues Theodore and Henry each for patent infringement for $45,000."
diversity_2__test__119,diversity_2,civil_procedure_diversity,civil_procedure_diversity,No,"Lucas is from Nebraska. Charlotte is from Florida. William is from Nebraska. Lucas sues Charlotte and William each for breach of contract for $58,000."
diversity_2__test__120,diversity_2,civil_procedure_diversity,civil_procedure_diversity,No,"Theodore is from Kentucky. Oliver is from North Dakota. Henry is from West Virginia. Theodore sues Oliver and Henry each for legal malpractice for $56,000."
diversity_2__test__121,diversity_2,civil_procedure_diversity,civil_procedure_diversity,No,"Ava is from New York. Evelyn is from Hawaii. Mia is from New York. Ava sues Evelyn and Mia each for legal malpractice for $2,041,000."
diversity_2__test__122,diversity_2,civil_procedure_diversity,civil_procedure_diversity,No,"Emma is from Hawaii. Henry is from Kansas. Evelyn is from Arkansas. Emma sues Henry and Evelyn each for defamation for $30,000."
diversity_2__test__123,diversity_2,civil_procedure_diversity,civil_procedure_diversity,Yes,"Benjamin is from Kansas. Theodore is from Wyoming. Lucas is from Nebraska. Benjamin sues Theodore and Lucas each for breach of contract for $6,981,000."
diversity_2__test__124,diversity_2,civil_procedure_diversity,civil_procedure_diversity,No,"Mia is from Washington. Emma is from Tennessee. Ava is from Nevada. Mia sues Emma and Ava each for legal malpractice for $44,000."
diversity_2__test__125,diversity_2,civil_procedure_diversity,civil_procedure_diversity,No,"Amelia is from Nebraska. Sophia is from Nebraska. Elijah is from New Hampshire. Amelia sues Sophia and Elijah each for trademark infringement for $4,169,000."
diversity_2__test__126,diversity_2,civil_procedure_diversity,civil_procedure_diversity,Yes,"Emma is from Maine. Evelyn is from Kentucky. Olivia is from Georgia. Emma sues Evelyn and Olivia each for breach of contract for $7,917,000."
diversity_2__test__127,diversity_2,civil_procedure_diversity,civil_procedure_diversity,No,"William is from New York. Noah is from New York. Mia is from Virginia. William sues Noah and Mia each for wrongful eviction for $8,416,000."
diversity_2__test__128,diversity_2,civil_procedure_diversity,civil_procedure_diversity,No,"Isabella is from Minnesota. Charlotte is from Tennessee. Harper is from Mississippi. Isabella sues Charlotte and Harper each for negligence for $3,000."
diversity_2__test__129,diversity_2,civil_procedure_diversity,civil_procedure_diversity,No,"Benjamin is from Wyoming. Henry is from Hawaii. James is from Wyoming. Benjamin sues Henry and James each for negligence for $197,000."
diversity_2__test__130,diversity_2,civil_procedure_diversity,civil_procedure_diversity,No,"Benjamin is from South Carolina. Amelia is from Indiana. Mia is from South Carolina. Benjamin sues Amelia and Mia each for wrongful eviction for $22,000."
diversity_2__test__131,diversity_2,civil_procedure_diversity,civil_procedure_diversity,No,"Oliver is from Mississippi. Liam is from Mississippi. Benjamin is from Minnesota. Oliver sues Liam and Benjamin each for copyright infringement for $4,737,000."
diversity_2__test__132,diversity_2,civil_procedure_diversity,civil_procedure_diversity,No,"Noah is from Wisconsin. Sophia is from Massachusetts. Elijah is from Wisconsin. Noah sues Sophia and Elijah each for patent infringement for $1,000."
diversity_2__test__133,diversity_2,civil_procedure_diversity,civil_procedure_diversity,No,"Ava is from California. Henry is from California. Isabella is from Maryland. Ava sues Henry and Isabella each for negligence for $41,000."
diversity_2__test__134,diversity_2,civil_procedure_diversity,civil_procedure_diversity,No,"Evelyn is from Montana. Sophia is from California. Benjamin is from Montana. Evelyn sues Sophia and Benjamin each for trespass for $66,000."
diversity_2__test__135,diversity_2,civil_procedure_diversity,civil_procedure_diversity,No,"Sophia is from Kentucky. Amelia is from Nevada. Charlotte is from Iowa. Sophia sues Amelia and Charlotte each for breach of contract for $60,000."
diversity_2__test__136,diversity_2,civil_procedure_diversity,civil_procedure_diversity,No,"William is from New Hampshire. Ava is from Pennsylvania. Sophia is from New Hampshire. William sues Ava and Sophia each for wrongful eviction for $8,136,000."
diversity_2__test__137,diversity_2,civil_procedure_diversity,civil_procedure_diversity,No,"James is from Tennessee. Benjamin is from Delaware. Olivia is from Idaho. James sues Benjamin and Olivia each for breach of contract for $12,000."
diversity_2__test__138,diversity_2,civil_procedure_diversity,civil_procedure_diversity,No,"Evelyn is from Colorado. James is from Nevada. Harper is from Colorado. Evelyn sues James and Harper each for breach of contract for $44,000."
diversity_2__test__139,diversity_2,civil_procedure_diversity,civil_procedure_diversity,No,"Olivia is from Maryland. James is from Hawaii. Charlotte is from Maryland. Olivia sues James and Charlotte each for copyright infringement for $7,828,000."
diversity_2__test__140,diversity_2,civil_procedure_diversity,civil_procedure_diversity,No,"Charlotte is from Idaho. William is from Idaho. Benjamin is from Washington. Charlotte sues William and Benjamin each for breach of contract for $822,000."
diversity_2__test__141,diversity_2,civil_procedure_diversity,civil_procedure_diversity,No,"Benjamin is from Iowa. Mia is from Iowa. Charlotte is from Delaware. Benjamin sues Mia and Charlotte each for patent infringement for $8,889,000."
diversity_2__test__142,diversity_2,civil_procedure_diversity,civil_procedure_diversity,No,"Mia is from Idaho. Evelyn is from Utah. Olivia is from Idaho. Mia sues Evelyn and Olivia each for negligence for $29,000."
diversity_2__test__143,diversity_2,civil_procedure_diversity,civil_procedure_diversity,No,"Charlotte is from Colorado. Emma is from Colorado. Theodore is from Vermont. Charlotte sues Emma and Theodore each for defamation for $28,000."
diversity_2__test__144,diversity_2,civil_procedure_diversity,civil_procedure_diversity,No,"Olivia is from Oklahoma. Sophia is from Oklahoma. Mia is from Utah. Olivia sues Sophia and Mia each for securities fraud for $18,000."
diversity_2__test__145,diversity_2,civil_procedure_diversity,civil_procedure_diversity,Yes,"Olivia is from New Mexico. James is from Mississippi. Henry is from Iowa. Olivia sues James and Henry each for securities fraud for $4,932,000."
diversity_2__test__146,diversity_2,civil_procedure_diversity,civil_procedure_diversity,No,"Charlotte is from Iowa. Lucas is from Missouri. Isabella is from Iowa. Charlotte sues Lucas and Isabella each for copyright infringement for $47,000."
diversity_2__test__147,diversity_2,civil_procedure_diversity,civil_procedure_diversity,No,"Emma is from Nevada. Oliver is from Nevada. Isabella is from Kentucky. Emma sues Oliver and Isabella each for negligence for $40,000."
diversity_2__test__148,diversity_2,civil_procedure_diversity,civil_procedure_diversity,No,"Sophia is from Idaho. Henry is from North Dakota. Emma is from Washington. Sophia sues Henry and Emma each for medical malpractice for $9,000."
diversity_2__test__149,diversity_2,civil_procedure_diversity,civil_procedure_diversity,Yes,"Ava is from Rhode Island. Charlotte is from Alaska. Benjamin is from Utah. Ava sues Charlotte and Benjamin each for medical malpractice for $8,881,000."
diversity_2__test__150,diversity_2,civil_procedure_diversity,civil_procedure_diversity,No,"Liam is from Maryland. Charlotte is from South Dakota. Lucas is from Missouri. Liam sues Charlotte and Lucas each for copyright infringement for $52,000."
diversity_2__test__151,diversity_2,civil_procedure_diversity,civil_procedure_diversity,Yes,"Mia is from Ohio. Lucas is from Texas. William is from Idaho. Mia sues Lucas and William each for legal malpractice for $2,796,000."
diversity_2__test__152,diversity_2,civil_procedure_diversity,civil_procedure_diversity,No,"Isabella is from Montana. Charlotte is from Montana. Olivia is from South Carolina. Isabella sues Charlotte and Olivia each for securities fraud for $54,000."
diversity_2__test__153,diversity_2,civil_procedure_diversity,civil_procedure_diversity,Yes,"Charlotte is from New Jersey. James is from Maine. Mia is from Michigan. Charlotte sues James and Mia each for trespass for $5,212,000."
diversity_2__test__154,diversity_2,civil_procedure_diversity,civil_procedure_diversity,Yes,"Elijah is from Colorado. Harper is from Utah. James is from Arkansas. Elijah sues Harper and James each for wrongful eviction for $2,324,000."
diversity_2__test__155,diversity_2,civil_procedure_diversity,civil_procedure_diversity,No,"Olivia is from Delaware. Liam is from Delaware. Evelyn is from North Carolina. Olivia sues Liam and Evelyn each for defamation for $38,000."
diversity_2__test__156,diversity_2,civil_procedure_diversity,civil_procedure_diversity,No,"Charlotte is from North Dakota. Harper is from Wyoming. Amelia is from North Dakota. Charlotte sues Harper and Amelia each for wrongful eviction for $21,000."
diversity_2__test__157,diversity_2,civil_procedure_diversity,civil_procedure_diversity,Yes,"Emma is from Kentucky. Sophia is from Hawaii. Liam is from Arkansas. Emma sues Sophia and Liam each for defamation for $790,000."
diversity_2__test__158,diversity_2,civil_procedure_diversity,civil_procedure_diversity,No,"Emma is from Virginia. Liam is from Virginia. Noah is from Oregon. Emma sues Liam and Noah each for patent infringement for $9,567,000."
diversity_2__test__159,diversity_2,civil_procedure_diversity,civil_procedure_diversity,No,"Benjamin is from Mississippi. Isabella is from Mississippi. Henry is from Connecticut. Benjamin sues Isabella and Henry each for trademark infringement for $27,000."
diversity_2__test__160,diversity_2,civil_procedure_diversity,civil_procedure_diversity,Yes,"Isabella is from Missouri. Olivia is from Massachusetts. Harper is from South Carolina. Isabella sues Olivia and Harper each for patent infringement for $2,559,000."
diversity_2__test__161,diversity_2,civil_procedure_diversity,civil_procedure_diversity,Yes,"James is from Alaska. William is from Maine. Harper is from Mississippi. James sues William and Harper each for patent infringement for $5,896,000."
diversity_2__test__162,diversity_2,civil_procedure_diversity,civil_procedure_diversity,No,"Oliver is from Idaho. Liam is from Mississippi. Mia is from Idaho. Oliver sues Liam and Mia each for breach of contract for $1,612,000."
diversity_2__test__163,diversity_2,civil_procedure_diversity,civil_procedure_diversity,No,"Charlotte is from Mississippi. Mia is from Mississippi. Liam is from Texas. Charlotte sues Mia and Liam each for negligence for $45,000."
diversity_2__test__164,diversity_2,civil_procedure_diversity,civil_procedure_diversity,No,"Elijah is from Minnesota. Oliver is from Maryland. William is from California. Elijah sues Oliver and William each for patent infringement for $13,000."
diversity_2__test__165,diversity_2,civil_procedure_diversity,civil_procedure_diversity,No,"Liam is from Indiana. Sophia is from Kentucky. Isabella is from Indiana. Liam sues Sophia and Isabella each for patent infringement for $2,287,000."
diversity_2__test__166,diversity_2,civil_procedure_diversity,civil_procedure_diversity,No,"Elijah is from Iowa. James is from Missouri. Harper is from Iowa. Elijah sues James and Harper each for defamation for $19,000."
diversity_2__test__167,diversity_2,civil_procedure_diversity,civil_procedure_diversity,No,"Amelia is from North Carolina. Ava is from North Carolina. Isabella is from Massachusetts. Amelia sues Ava and Isabella each for wrongful eviction for $524,000."
diversity_2__test__168,diversity_2,civil_procedure_diversity,civil_procedure_diversity,No,"William is from Nebraska. Oliver is from Michigan. Noah is from Nebraska. William sues Oliver and Noah each for patent infringement for $5,000."
diversity_2__test__169,diversity_2,civil_procedure_diversity,civil_procedure_diversity,Yes,"Emma is from Pennsylvania. Evelyn is from North Dakota. Sophia is from South Dakota. Emma sues Evelyn and Sophia each for patent infringement for $5,758,000."
diversity_2__test__170,diversity_2,civil_procedure_diversity,civil_procedure_diversity,No,"Evelyn is from North Dakota. Oliver is from North Dakota. Benjamin is from North Dakota. Evelyn sues Oliver and Benjamin each for breach of contract for $7,351,000."
diversity_2__test__171,diversity_2,civil_procedure_diversity,civil_procedure_diversity,No,"Theodore is from Wyoming. Benjamin is from Maryland. Elijah is from South Dakota. Theodore sues Benjamin and Elijah each for wrongful eviction for $31,000."
diversity_2__test__172,diversity_2,civil_procedure_diversity,civil_procedure_diversity,No,"Theodore is from Georgia. Oliver is from Georgia. Charlotte is from Hawaii. Theodore sues Oliver and Charlotte each for trespass for $6,574,000."
diversity_2__test__173,diversity_2,civil_procedure_diversity,civil_procedure_diversity,Yes,"Ava is from Delaware. Lucas is from Virginia. Emma is from Idaho. Ava sues Lucas and Emma each for trespass for $2,420,000."
diversity_2__test__174,diversity_2,civil_procedure_diversity,civil_procedure_diversity,No,"Liam is from Louisiana. Noah is from Idaho. Evelyn is from Louisiana. Liam sues Noah and Evelyn each for patent infringement for $1,384,000."
diversity_2__test__175,diversity_2,civil_procedure_diversity,civil_procedure_diversity,No,"Sophia is from Indiana. Noah is from Nevada. Olivia is from Indiana. Sophia sues Noah and Olivia each for negligence for $4,811,000."
diversity_2__test__176,diversity_2,civil_procedure_diversity,civil_procedure_diversity,Yes,"Noah is from Ohio. Evelyn is from Indiana. Oliver is from South Carolina. Noah sues Evelyn and Oliver each for patent infringement for $9,637,000."
diversity_2__test__177,diversity_2,civil_procedure_diversity,civil_procedure_diversity,No,"Harper is from New Mexico. Oliver is from New Jersey. Sophia is from Kentucky. Harper sues Oliver and Sophia each for trademark infringement for $61,000."
diversity_2__test__178,diversity_2,civil_procedure_diversity,civil_procedure_diversity,No,"Benjamin is from Nevada. Charlotte is from Wisconsin. Isabella is from Nevada. Benjamin sues Charlotte and Isabella each for trademark infringement for $71,000."
diversity_2__test__179,diversity_2,civil_procedure_diversity,civil_procedure_diversity,No,"Harper is from North Carolina. Olivia is from Florida. Evelyn is from North Carolina. Harper sues Olivia and Evelyn each for negligence for $665,000."
diversity_2__test__180,diversity_2,civil_procedure_diversity,civil_procedure_diversity,No,"Benjamin is from California. Charlotte is from California. Elijah is from South Dakota. Benjamin sues Charlotte and Elijah each for wrongful eviction for $192,000."
diversity_2__test__181,diversity_2,civil_procedure_diversity,civil_procedure_diversity,No,"Isabella is from Kentucky. Olivia is from Illinois. Harper is from Arkansas. Isabella sues Olivia and Harper each for trespass for $73,000."
diversity_2__test__182,diversity_2,civil_procedure_diversity,civil_procedure_diversity,Yes,"Ava is from Vermont. Mia is from Louisiana. Emma is from California. Ava sues Mia and Emma each for medical malpractice for $2,157,000."
diversity_2__test__183,diversity_2,civil_procedure_diversity,civil_procedure_diversity,No,"Oliver is from Missouri. Noah is from Missouri. Elijah is from Idaho. Oliver sues Noah and Elijah each for trademark infringement for $2,433,000."
diversity_2__test__184,diversity_2,civil_procedure_diversity,civil_procedure_diversity,No,"Charlotte is from Mississippi. Evelyn is from Maine. Noah is from Mississippi. Charlotte sues Evelyn and Noah each for negligence for $6,754,000."
diversity_2__test__185,diversity_2,civil_procedure_diversity,civil_procedure_diversity,No,"Elijah is from Alabama. Amelia is from Alabama. William is from California. Elijah sues Amelia and William each for patent infringement for $7,671,000."
diversity_2__test__186,diversity_2,civil_procedure_diversity,civil_procedure_diversity,Yes,"Mia is from Wisconsin. Liam is from North Carolina. Evelyn is from Oklahoma. Mia sues Liam and Evelyn each for legal malpractice for $9,553,000."
diversity_2__test__187,diversity_2,civil_procedure_diversity,civil_procedure_diversity,No,"Olivia is from Virginia. Isabella is from Wyoming. Noah is from Pennsylvania. Olivia sues Isabella and Noah each for trademark infringement for $66,000."
diversity_2__test__188,diversity_2,civil_procedure_diversity,civil_procedure_diversity,No,"Ava is from Mississippi. Lucas is from Mississippi. Evelyn is from Connecticut. Ava sues Lucas and Evelyn each for defamation for $24,000."
diversity_2__test__189,diversity_2,civil_procedure_diversity,civil_procedure_diversity,No,"Theodore is from Arkansas. Mia is from Arkansas. Sophia is from Connecticut. Theodore sues Mia and Sophia each for defamation for $3,813,000."
diversity_2__test__190,diversity_2,civil_procedure_diversity,civil_procedure_diversity,Yes,"Harper is from Tennessee. Sophia is from Iowa. William is from South Carolina. Harper sues Sophia and William each for negligence for $2,870,000."
diversity_2__test__191,diversity_2,civil_procedure_diversity,civil_procedure_diversity,No,"William is from Washington. Henry is from Connecticut. Mia is from Washington. William sues Henry and Mia each for breach of contract for $845,000."
diversity_2__test__192,diversity_2,civil_procedure_diversity,civil_procedure_diversity,No,"James is from Rhode Island. Emma is from North Carolina. Ava is from Rhode Island. James sues Emma and Ava each for breach of contract for $7,588,000."
diversity_2__test__193,diversity_2,civil_procedure_diversity,civil_procedure_diversity,Yes,"Olivia is from Virginia. William is from New Mexico. Sophia is from Connecticut. Olivia sues William and Sophia each for defamation for $7,571,000."
diversity_2__test__194,diversity_2,civil_procedure_diversity,civil_procedure_diversity,No,"Charlotte is from Delaware. Elijah is from Indiana. Olivia is from South Dakota. Charlotte sues Elijah and Olivia each for legal malpractice for $4,000."
diversity_2__test__195,diversity_2,civil_procedure_diversity,civil_procedure_diversity,No,"Amelia is from Illinois. Noah is from Delaware. Harper is from Illinois. Amelia sues Noah and Harper each for securities fraud for $9,339,000."
diversity_2__test__196,diversity_2,civil_procedure_diversity,civil_procedure_diversity,No,"Benjamin is from Virginia. Henry is from Minnesota. Liam is from Virginia. Benjamin sues Henry and Liam each for copyright infringement for $52,000."
diversity_2__test__197,diversity_2,civil_procedure_diversity,civil_procedure_diversity,No,"Benjamin is from New York. Oliver is from Nebraska. Amelia is from New York. Benjamin sues Oliver and Amelia each for wrongful eviction for $73,000."
diversity_2__test__198,diversity_2,civil_procedure_diversity,civil_procedure_diversity,No,"Olivia is from Alaska. Oliver is from Alaska. Henry is from Ohio. Olivia sues Oliver and Henry each for defamation for $467,000."
diversity_2__test__199,diversity_2,civil_procedure_diversity,civil_procedure_diversity,Yes,"Emma is from Idaho. Harper is from Kentucky. William is from Iowa. Emma sues Harper and William each for trademark infringement for $3,438,000."
diversity_2__test__200,diversity_2,civil_procedure_diversity,civil_procedure_diversity,No,"Ava is from Rhode Island. Liam is from Rhode Island. James is from Washington. Ava sues Liam and James each for legal malpractice for $9,031,000."
diversity_2__test__201,diversity_2,civil_procedure_diversity,civil_procedure_diversity,No,"Harper is from Alaska. Elijah is from Alaska. James is from Oregon. Harper sues Elijah and James each for medical malpractice for $38,000."
diversity_2__test__202,diversity_2,civil_procedure_diversity,civil_procedure_diversity,No,"Noah is from Nebraska. Oliver is from Nebraska. Isabella is from Nebraska. Noah sues Oliver and Isabella each for securities fraud for $7,710,000."
diversity_2__test__203,diversity_2,civil_procedure_diversity,civil_procedure_diversity,No,"Isabella is from Indiana. Elijah is from Utah. Harper is from Virginia. Isabella sues Elijah and Harper each for medical malpractice for $20,000."
diversity_2__test__204,diversity_2,civil_procedure_diversity,civil_procedure_diversity,Yes,"James is from Massachusetts. Lucas is from Nebraska. Evelyn is from Kansas. James sues Lucas and Evelyn each for defamation for $6,830,000."
diversity_2__test__205,diversity_2,civil_procedure_diversity,civil_procedure_diversity,No,"Sophia is from Iowa. Noah is from New Jersey. Lucas is from Pennsylvania. Sophia sues Noah and Lucas each for patent infringement for $65,000."
diversity_2__test__206,diversity_2,civil_procedure_diversity,civil_procedure_diversity,No,"Henry is from Montana. Emma is from Washington. Liam is from Hawaii. Henry sues Emma and Liam each for securities fraud for $3,000."
diversity_2__test__207,diversity_2,civil_procedure_diversity,civil_procedure_diversity,No,"Noah is from Texas. Amelia is from Indiana. Liam is from Missouri. Noah sues Amelia and Liam each for defamation for $58,000."
diversity_2__test__208,diversity_2,civil_procedure_diversity,civil_procedure_diversity,No,"Noah is from South Dakota. Benjamin is from Delaware. Charlotte is from Wyoming. Noah sues Benjamin and Charlotte each for wrongful eviction for $71,000."
diversity_2__test__209,diversity_2,civil_procedure_diversity,civil_procedure_diversity,Yes,"Noah is from Indiana. Harper is from Michigan. Lucas is from South Dakota. Noah sues Harper and Lucas each for patent infringement for $7,541,000."
diversity_2__test__210,diversity_2,civil_procedure_diversity,civil_procedure_diversity,Yes,"James is from Colorado. Elijah is from West Virginia. Theodore is from Washington. James sues Elijah and Theodore each for negligence for $2,864,000."
diversity_2__test__211,diversity_2,civil_procedure_diversity,civil_procedure_diversity,No,"William is from Nebraska. Theodore is from Tennessee. Charlotte is from Indiana. William sues Theodore and Charlotte each for breach of contract for $5,000."
diversity_2__test__212,diversity_2,civil_procedure_diversity,civil_procedure_diversity,Yes,"Emma is from Alaska. Evelyn is from Washington. Theodore is from Missouri. Emma sues Evelyn and Theodore each for wrongful eviction for $6,477,000."
diversity_2__test__213,diversity_2,civil_procedure_diversity,civil_procedure_diversity,No,"Isabella is from North Carolina. Henry is from Alaska. Noah is from Utah. Isabella sues Henry and Noah each for wrongful eviction for $66,000."
diversity_2__test__214,diversity_2,civil_procedure_diversity,civil_procedure_diversity,Yes,"William is from Colorado. Evelyn is from Tennessee. Charlotte is from North Dakota. William sues Evelyn and Charlotte each for patent infringement for $4,471,000."
diversity_2__test__215,diversity_2,civil_procedure_diversity,civil_procedure_diversity,Yes,"Benjamin is from West Virginia. Amelia is from Indiana. Sophia is from Louisiana. Benjamin sues Amelia and Sophia each for wrongful eviction for $3,292,000."
diversity_2__test__216,diversity_2,civil_procedure_diversity,civil_procedure_diversity,Yes,"Olivia is from Nevada. Benjamin is from Texas. Sophia is from Kentucky. Olivia sues Benjamin and Sophia each for legal malpractice for $3,050,000."
diversity_2__test__217,diversity_2,civil_procedure_diversity,civil_procedure_diversity,No,"Amelia is from Nevada. Noah is from Texas. William is from South Dakota. Amelia sues Noah and William each for copyright infringement for $7,000."
diversity_2__test__218,diversity_2,civil_procedure_diversity,civil_procedure_diversity,No,"Sophia is from Washington. Amelia is from Washington. Isabella is from Rhode Island. Sophia sues Amelia and Isabella each for defamation for $50,000."
diversity_2__test__219,diversity_2,civil_procedure_diversity,civil_procedure_diversity,No,"Ava is from Alaska. Noah is from Alaska. William is from Montana. Ava sues Noah and William each for medical malpractice for $31,000."
diversity_2__test__220,diversity_2,civil_procedure_diversity,civil_procedure_diversity,No,"Ava is from Utah. William is from Utah. Isabella is from Mississippi. Ava sues William and Isabella each for patent infringement for $18,000."
diversity_2__test__221,diversity_2,civil_procedure_diversity,civil_procedure_diversity,No,"Harper is from California. Liam is from New Mexico. Ava is from California. Harper sues Liam and Ava each for legal malpractice for $26,000."
diversity_2__test__222,diversity_2,civil_procedure_diversity,civil_procedure_diversity,No,"Liam is from Maryland. Theodore is from North Dakota. Mia is from Maryland. Liam sues Theodore and Mia each for defamation for $13,000."
diversity_2__test__223,diversity_2,civil_procedure_diversity,civil_procedure_diversity,Yes,"Elijah is from Vermont. Charlotte is from Alabama. Liam is from Connecticut. Elijah sues Charlotte and Liam each for patent infringement for $7,560,000."
diversity_2__test__224,diversity_2,civil_procedure_diversity,civil_procedure_diversity,Yes,"Mia is from Florida. Elijah is from Maryland. Isabella is from Connecticut. Mia sues Elijah and Isabella each for breach of contract for $8,685,000."
diversity_2__test__225,diversity_2,civil_procedure_diversity,civil_procedure_diversity,No,"Harper is from Illinois. Henry is from Illinois. Mia is from Oregon. Harper sues Henry and Mia each for patent infringement for $2,280,000."
diversity_2__test__226,diversity_2,civil_procedure_diversity,civil_procedure_diversity,Yes,"Amelia is from Virginia. Harper is from Montana. Elijah is from Georgia. Amelia sues Harper and Elijah each for medical malpractice for $7,511,000."
diversity_2__test__227,diversity_2,civil_procedure_diversity,civil_procedure_diversity,No,"Mia is from South Dakota. Lucas is from Oregon. Emma is from South Dakota. Mia sues Lucas and Emma each for breach of contract for $42,000."
diversity_2__test__228,diversity_2,civil_procedure_diversity,civil_procedure_diversity,Yes,"Sophia is from Oklahoma. Evelyn is from Kansas. Ava is from Utah. Sophia sues Evelyn and Ava each for trespass for $6,627,000."
diversity_2__test__229,diversity_2,civil_procedure_diversity,civil_procedure_diversity,No,"William is from Georgia. Noah is from Kentucky. Harper is from Georgia. William sues Noah and Harper each for copyright infringement for $8,435,000."
diversity_2__test__230,diversity_2,civil_procedure_diversity,civil_procedure_diversity,Yes,"Oliver is from Rhode Island. Evelyn is from Illinois. Sophia is from Maryland. Oliver sues Evelyn and Sophia each for defamation for $7,196,000."
diversity_2__test__231,diversity_2,civil_procedure_diversity,civil_procedure_diversity,No,"Theodore is from Connecticut. Amelia is from Florida. Henry is from Connecticut. Theodore sues Amelia and Henry each for patent infringement for $2,000."
diversity_2__test__232,diversity_2,civil_procedure_diversity,civil_procedure_diversity,No,"Olivia is from Illinois. Sophia is from South Dakota. Isabella is from Illinois. Olivia sues Sophia and Isabella each for trespass for $7,574,000."
diversity_2__test__233,diversity_2,civil_procedure_diversity,civil_procedure_diversity,Yes,"Emma is from Missouri. Isabella is from Georgia. Evelyn is from Massachusetts. Emma sues Isabella and Evelyn each for securities fraud for $8,717,000."
diversity_2__test__234,diversity_2,civil_procedure_diversity,civil_procedure_diversity,No,"Benjamin is from South Dakota. Olivia is from Oklahoma. Isabella is from South Dakota. Benjamin sues Olivia and Isabella each for medical malpractice for $8,920,000."
diversity_2__test__235,diversity_2,civil_procedure_diversity,civil_procedure_diversity,No,"Theodore is from Iowa. Amelia is from Maryland. Isabella is from Georgia. Theodore sues Amelia and Isabella each for trademark infringement for $61,000."
diversity_2__test__236,diversity_2,civil_procedure_diversity,civil_procedure_diversity,No,"Oliver is from North Carolina. Evelyn is from North Carolina. Henry is from Minnesota. Oliver sues Evelyn and Henry each for legal malpractice for $15,000."
diversity_2__test__237,diversity_2,civil_procedure_diversity,civil_procedure_diversity,Yes,"William is from New Mexico. Charlotte is from Missouri. Theodore is from South Carolina. William sues Charlotte and Theodore each for trademark infringement for $7,073,000."
diversity_2__test__238,diversity_2,civil_procedure_diversity,civil_procedure_diversity,No,"Amelia is from Hawaii. Henry is from Virginia. Charlotte is from Kentucky. Amelia sues Henry and Charlotte each for trespass for $32,000."
diversity_2__test__239,diversity_2,civil_procedure_diversity,civil_procedure_diversity,No,"Emma is from Georgia. Sophia is from Georgia. Amelia is from Rhode Island. Emma sues Sophia and Amelia each for trespass for $41,000."
diversity_2__test__240,diversity_2,civil_procedure_diversity,civil_procedure_diversity,No,"Evelyn is from South Carolina. Isabella is from Wisconsin. Sophia is from South Carolina. Evelyn sues Isabella and Sophia each for medical malpractice for $26,000."
diversity_2__test__241,diversity_2,civil_procedure_diversity,civil_procedure_diversity,No,"Charlotte is from Minnesota. James is from Oregon. Elijah is from Michigan. Charlotte sues James and Elijah each for securities fraud for $70,000."
diversity_2__test__242,diversity_2,civil_procedure_diversity,civil_procedure_diversity,No,"Isabella is from Iowa. Ava is from Pennsylvania. Noah is from Virginia. Isabella sues Ava and Noah each for copyright infringement for $26,000."
diversity_2__test__243,diversity_2,civil_procedure_diversity,civil_procedure_diversity,No,"Mia is from Florida. James is from Florida. Elijah is from New York. Mia sues James and Elijah each for defamation for $23,000."
diversity_2__test__244,diversity_2,civil_procedure_diversity,civil_procedure_diversity,Yes,"Harper is from Montana. Amelia is from Iowa. Emma is from West Virginia. Harper sues Amelia and Emma each for trademark infringement for $6,715,000."
diversity_2__test__245,diversity_2,civil_procedure_diversity,civil_procedure_diversity,No,"Liam is from Arizona. Oliver is from Colorado. Emma is from Arizona. Liam sues Oliver and Emma each for defamation for $2,000."
diversity_2__test__246,diversity_2,civil_procedure_diversity,civil_procedure_diversity,No,"William is from Tennessee. Olivia is from Tennessee. Henry is from Arizona. William sues Olivia and Henry each for legal malpractice for $11,000."
diversity_2__test__247,diversity_2,civil_procedure_diversity,civil_procedure_diversity,No,"Emma is from Washington. Oliver is from New York. Harper is from Washington. Emma sues Oliver and Harper each for trespass for $54,000."
diversity_2__test__248,diversity_2,civil_procedure_diversity,civil_procedure_diversity,No,"Oliver is from Texas. Evelyn is from Maine. Mia is from Oregon. Oliver sues Evelyn and Mia each for breach of contract for $14,000."
diversity_2__test__249,diversity_2,civil_procedure_diversity,civil_procedure_diversity,No,"Henry is from Rhode Island. Noah is from New Mexico. Theodore is from Rhode Island. Henry sues Noah and Theodore each for securities fraud for $380,000."
diversity_2__test__250,diversity_2,civil_procedure_diversity,civil_procedure_diversity,Yes,"Charlotte is from Kansas. Emma is from Nebraska. James is from Tennessee. Charlotte sues Emma and James each for trespass for $2,501,000."
diversity_2__test__251,diversity_2,civil_procedure_diversity,civil_procedure_diversity,No,"Harper is from Georgia. Ava is from Georgia. William is from New Hampshire. Harper sues Ava and William each for wrongful eviction for $5,781,000."
diversity_2__test__252,diversity_2,civil_procedure_diversity,civil_procedure_diversity,No,"Liam is from Washington. Charlotte is from Washington. Noah is from Connecticut. Liam sues Charlotte and Noah each for defamation for $208,000."
diversity_2__test__253,diversity_2,civil_procedure_diversity,civil_procedure_diversity,No,"Amelia is from Oklahoma. Elijah is from Virginia. Henry is from Oklahoma. Amelia sues Elijah and Henry each for negligence for $4,500,000."
diversity_2__test__254,diversity_2,civil_procedure_diversity,civil_procedure_diversity,No,"Mia is from Rhode Island. Oliver is from Minnesota. James is from Hawaii. Mia sues Oliver and James each for breach of contract for $44,000."
diversity_2__test__255,diversity_2,civil_procedure_diversity,civil_procedure_diversity,Yes,"James is from Washington. Theodore is from Louisiana. Amelia is from Iowa. James sues Theodore and Amelia each for copyright infringement for $4,034,000."
diversity_2__test__256,diversity_2,civil_procedure_diversity,civil_procedure_diversity,No,"Henry is from New Mexico. Theodore is from Rhode Island. Evelyn is from Alabama. Henry sues Theodore and Evelyn each for negligence for $9,000."
diversity_2__test__257,diversity_2,civil_procedure_diversity,civil_procedure_diversity,Yes,"Amelia is from North Carolina. Benjamin is from Florida. Noah is from Georgia. Amelia sues Benjamin and Noah each for securities fraud for $6,450,000."
diversity_2__test__258,diversity_2,civil_procedure_diversity,civil_procedure_diversity,Yes,"William is from Massachusetts. Lucas is from Florida. Elijah is from Maine. William sues Lucas and Elijah each for securities fraud for $8,095,000."
diversity_2__test__259,diversity_2,civil_procedure_diversity,civil_procedure_diversity,No,"Theodore is from New York. Benjamin is from Indiana. Henry is from New York. Theodore sues Benjamin and Henry each for legal malpractice for $894,000."
diversity_2__test__260,diversity_2,civil_procedure_diversity,civil_procedure_diversity,Yes,"Olivia is from Hawaii. James is from Rhode Island. Theodore is from New Mexico. Olivia sues James and Theodore each for copyright infringement for $3,983,000."
diversity_2__test__261,diversity_2,civil_procedure_diversity,civil_procedure_diversity,No,"Olivia is from Texas. Noah is from Texas. Isabella is from Wyoming. Olivia sues Noah and Isabella each for negligence for $8,949,000."
diversity_2__test__262,diversity_2,civil_procedure_diversity,civil_procedure_diversity,No,"Evelyn is from Hawaii. Noah is from Florida. James is from Wisconsin. Evelyn sues Noah and James each for patent infringement for $20,000."
diversity_2__test__263,diversity_2,civil_procedure_diversity,civil_procedure_diversity,No,"Emma is from South Carolina. Theodore is from Georgia. Harper is from South Carolina. Emma sues Theodore and Harper each for medical malpractice for $1,911,000."
diversity_2__test__264,diversity_2,civil_procedure_diversity,civil_procedure_diversity,No,"Sophia is from Kansas. Noah is from Kansas. Evelyn is from New Hampshire. Sophia sues Noah and Evelyn each for copyright infringement for $3,621,000."
diversity_2__test__265,diversity_2,civil_procedure_diversity,civil_procedure_diversity,No,"Isabella is from Texas. William is from Iowa. Evelyn is from Texas. Isabella sues William and Evelyn each for legal malpractice for $6,376,000."
diversity_2__test__266,diversity_2,civil_procedure_diversity,civil_procedure_diversity,No,"William is from Iowa. Theodore is from Iowa. Olivia is from New Mexico. William sues Theodore and Olivia each for patent infringement for $69,000."
diversity_2__test__267,diversity_2,civil_procedure_diversity,civil_procedure_diversity,Yes,"Liam is from Iowa. Olivia is from North Carolina. Emma is from Maine. Liam sues Olivia and Emma each for negligence for $2,041,000."
diversity_2__test__268,diversity_2,civil_procedure_diversity,civil_procedure_diversity,No,"Noah is from South Carolina. Theodore is from Georgia. Oliver is from Pennsylvania. Noah sues Theodore and Oliver each for trademark infringement for $33,000."
diversity_2__test__269,diversity_2,civil_procedure_diversity,civil_procedure_diversity,No,"Elijah is from Maryland. Isabella is from South Dakota. James is from Maryland. Elijah sues Isabella and James each for securities fraud for $57,000."
diversity_2__test__270,diversity_2,civil_procedure_diversity,civil_procedure_diversity,Yes,"William is from Connecticut. Mia is from Pennsylvania. Benjamin is from North Dakota. William sues Mia and Benjamin each for trespass for $2,030,000."
diversity_2__test__271,diversity_2,civil_procedure_diversity,civil_procedure_diversity,No,"Emma is from Alaska. Elijah is from Alaska. Ava is from Arizona. Emma sues Elijah and Ava each for copyright infringement for $38,000."
diversity_2__test__272,diversity_2,civil_procedure_diversity,civil_procedure_diversity,No,"Evelyn is from Nebraska. Sophia is from Colorado. Henry is from Nebraska. Evelyn sues Sophia and Henry each for negligence for $68,000."
diversity_2__test__273,diversity_2,civil_procedure_diversity,civil_procedure_diversity,No,"Charlotte is from North Carolina. Noah is from North Carolina. Mia is from Arkansas. Charlotte sues Noah and Mia each for medical malpractice for $17,000."
diversity_2__test__274,diversity_2,civil_procedure_diversity,civil_procedure_diversity,No,"Evelyn is from South Carolina. Isabella is from South Carolina. Sophia is from Minnesota. Evelyn sues Isabella and Sophia each for trespass for $8,423,000."
diversity_2__test__275,diversity_2,civil_procedure_diversity,civil_procedure_diversity,Yes,"Liam is from Alabama. Elijah is from Nebraska. Oliver is from Minnesota. Liam sues Elijah and Oliver each for securities fraud for $4,580,000."
diversity_2__test__276,diversity_2,civil_procedure_diversity,civil_procedure_diversity,Yes,"Amelia is from Texas. Isabella is from Alaska. Olivia is from West Virginia. Amelia sues Isabella and Olivia each for legal malpractice for $1,821,000."
diversity_2__test__277,diversity_2,civil_procedure_diversity,civil_procedure_diversity,No,"Theodore is from Utah. Benjamin is from North Carolina. Amelia is from South Carolina. Theodore sues Benjamin and Amelia each for wrongful eviction for $21,000."
diversity_2__test__278,diversity_2,civil_procedure_diversity,civil_procedure_diversity,No,"Ava is from Georgia. Harper is from Missouri. Noah is from Georgia. Ava sues Harper and Noah each for medical malpractice for $8,240,000."
diversity_2__test__279,diversity_2,civil_procedure_diversity,civil_procedure_diversity,No,"William is from Iowa. Ava is from Iowa. Isabella is from Montana. William sues Ava and Isabella each for patent infringement for $3,342,000."
diversity_2__test__280,diversity_2,civil_procedure_diversity,civil_procedure_diversity,No,"Liam is from California. Benjamin is from Nevada. Henry is from Missouri. Liam sues Benjamin and Henry each for legal malpractice for $25,000."
diversity_2__test__281,diversity_2,civil_procedure_diversity,civil_procedure_diversity,No,"Amelia is from Ohio. Elijah is from Ohio. Harper is from New Mexico. Amelia sues Elijah and Harper each for trademark infringement for $8,638,000."
diversity_2__test__282,diversity_2,civil_procedure_diversity,civil_procedure_diversity,No,"Ava is from Colorado. Evelyn is from Nevada. Isabella is from Colorado. Ava sues Evelyn and Isabella each for medical malpractice for $263,000."
diversity_2__test__283,diversity_2,civil_procedure_diversity,civil_procedure_diversity,No,"Sophia is from Virginia. Theodore is from Mississippi. William is from Virginia. Sophia sues Theodore and William each for medical malpractice for $5,000."
diversity_2__test__284,diversity_2,civil_procedure_diversity,civil_procedure_diversity,No,"James is from Utah. Lucas is from Utah. Elijah is from Illinois. James sues Lucas and Elijah each for legal malpractice for $7,950,000."
diversity_2__test__285,diversity_2,civil_procedure_diversity,civil_procedure_diversity,No,"Charlotte is from Montana. Benjamin is from Montana. Olivia is from Ohio. Charlotte sues Benjamin and Olivia each for medical malpractice for $38,000."
diversity_2__test__286,diversity_2,civil_procedure_diversity,civil_procedure_diversity,No,"Harper is from Washington. Noah is from Louisiana. Mia is from Montana. Harper sues Noah and Mia each for wrongful eviction for $23,000."
diversity_2__test__287,diversity_2,civil_procedure_diversity,civil_procedure_diversity,Yes,"Oliver is from Wyoming. Benjamin is from Georgia. Theodore is from Michigan. Oliver sues Benjamin and Theodore each for trespass for $4,523,000."
diversity_2__test__288,diversity_2,civil_procedure_diversity,civil_procedure_diversity,No,"Oliver is from Missouri. Noah is from Missouri. Isabella is from New Hampshire. Oliver sues Noah and Isabella each for wrongful eviction for $61,000."
diversity_2__test__289,diversity_2,civil_procedure_diversity,civil_procedure_diversity,No,"Lucas is from West Virginia. Evelyn is from Nebraska. Sophia is from West Virginia. Lucas sues Evelyn and Sophia each for securities fraud for $57,000."
diversity_2__test__290,diversity_2,civil_procedure_diversity,civil_procedure_diversity,No,"William is from West Virginia. Isabella is from Kansas. Olivia is from West Virginia. William sues Isabella and Olivia each for wrongful eviction for $4,395,000."
diversity_2__test__291,diversity_2,civil_procedure_diversity,civil_procedure_diversity,No,"Emma is from Rhode Island. Olivia is from Mississippi. Noah is from Washington. Emma sues Olivia and Noah each for wrongful eviction for $15,000."
diversity_2__test__292,diversity_2,civil_procedure_diversity,civil_procedure_diversity,No,"Isabella is from Maine. Elijah is from New Mexico. Benjamin is from Minnesota. Isabella sues Elijah and Benjamin each for trademark infringement for $48,000."
diversity_2__test__293,diversity_2,civil_procedure_diversity,civil_procedure_diversity,No,"Sophia is from North Carolina. Ava is from Iowa. Amelia is from Hawaii. Sophia sues Ava and Amelia each for securities fraud for $44,000."
diversity_2__test__294,diversity_2,civil_procedure_diversity,civil_procedure_diversity,No,"Amelia is from North Dakota. Olivia is from Georgia. William is from Wyoming. Amelia sues Olivia and William each for trademark infringement for $2,000."
diversity_2__test__295,diversity_2,civil_procedure_diversity,civil_procedure_diversity,No,"Charlotte is from Maryland. William is from Delaware. Evelyn is from Maryland. Charlotte sues William and Evelyn each for negligence for $7,779,000."
diversity_2__test__296,diversity_2,civil_procedure_diversity,civil_procedure_diversity,No,"Olivia is from Kansas. Harper is from Alaska. Oliver is from Kansas. Olivia sues Harper and Oliver each for legal malpractice for $8,012,000."
diversity_2__test__297,diversity_2,civil_procedure_diversity,civil_procedure_diversity,No,"Oliver is from New York. Henry is from New York. Amelia is from Idaho. Oliver sues Henry and Amelia each for defamation for $70,000."
diversity_2__test__298,diversity_2,civil_procedure_diversity,civil_procedure_diversity,Yes,"Olivia is from Nevada. Amelia is from New Jersey. William is from Utah. Olivia sues Amelia and William each for negligence for $5,529,000."
diversity_2__test__299,diversity_2,civil_procedure_diversity,civil_procedure_diversity,No,"Mia is from Mississippi. Noah is from Mississippi. Charlotte is from Idaho. Mia sues Noah and Charlotte each for defamation for $53,000."
diversity_6__test__4,diversity_6,civil_procedure_diversity,civil_procedure_diversity,Yes,"Harper is from Rhode Island. Benjamin is from North Carolina. Amelia is from Wisconsin. Olivia is from California. Harper and Benjamin both sue Amelia for defamation for $31,000 and trademark infringe..."
diversity_6__test__6,diversity_6,civil_procedure_diversity,civil_procedure_diversity,No,"Oliver is from Nevada. Mia is from South Dakota. Charlotte is from Washington. Liam is from South Dakota. Oliver and Mia both sue Charlotte for trademark infringement for $39,000 and breach of contrac..."
diversity_6__test__7,diversity_6,civil_procedure_diversity,civil_procedure_diversity,Yes,"Sophia is from Washington. Benjamin is from North Carolina. Charlotte is from Vermont. James is from Connecticut. Sophia and Benjamin both sue Charlotte for patent infringement for $12,000 and copyrig..."
diversity_6__test__8,diversity_6,civil_procedure_diversity,civil_procedure_diversity,Yes,"Elijah is from Rhode Island. Lucas is from Maryland. Henry is from Nevada. Sophia is from Connecticut. Elijah and Lucas both sue Henry for trademark infringement for $45,000 and medical malpractice fo..."
diversity_6__test__9,diversity_6,civil_procedure_diversity,civil_procedure_diversity,Yes,"Evelyn is from Louisiana. Charlotte is from Oregon. Theodore is from New York. Emma is from Oklahoma. Evelyn and Charlotte both sue Theodore for trespass for $2,000 and securities fraud for $98,000. E..."
diversity_6__test__10,diversity_6,civil_procedure_diversity,civil_procedure_diversity,No,"Charlotte is from Nebraska. Benjamin is from Tennessee. William is from Wyoming. Emma is from Tennessee. Charlotte and Benjamin both sue William for trademark infringement for $15,000 and medical malp..."
diversity_6__test__11,diversity_6,civil_procedure_diversity,civil_procedure_diversity,Yes,"Ava is from Wisconsin. Harper is from Utah. William is from Massachusetts. Liam is from Iowa. Ava and Harper both sue William for trademark infringement for $49,000 and negligence for $29,000. Ava and..."
diversity_6__test__12,diversity_6,civil_procedure_diversity,civil_procedure_diversity,No,"Sophia is from Minnesota. James is from Wisconsin. William is from Kansas. Olivia is from North Dakota. Sophia and James both sue William for defamation for $38,000 and medical malpractice for $37,000..."
diversity_6__test__13,diversity_6,civil_procedure_diversity,civil_procedure_diversity,Yes,"Mia is from Wyoming. Ava is from Utah. Lucas is from West Virginia. Benjamin is from Idaho. Mia and Ava both sue Lucas for trademark infringement for $66,000 and medical malpractice for $67,000. Mia a..."
diversity_6__test__14,diversity_6,civil_procedure_diversity,civil_procedure_diversity,No,"Sophia is from Vermont. Mia is from Mississippi. Isabella is from Colorado. Elijah is from Massachusetts. Sophia and Mia both sue Isabella for wrongful eviction for $2,000 and breach of contract for $..."
diversity_6__test__15,diversity_6,civil_procedure_diversity,civil_procedure_diversity,No,"Harper is from Delaware. Theodore is from Wyoming. Liam is from Missouri. James is from Wyoming. Harper and Theodore both sue Liam for negligence for $7,000 and securities fraud for $77,000. Harper an..."
diversity_6__test__16,diversity_6,civil_procedure_diversity,civil_procedure_diversity,Yes,"Sophia is from New Mexico. Oliver is from Texas. Harper is from Kansas. Ava is from Tennessee. Sophia and Oliver both sue Harper for legal malpractice for $53,000 and breach of contract for $81,000. S..."
diversity_6__test__17,diversity_6,civil_procedure_diversity,civil_procedure_diversity,Yes,"Mia is from Rhode Island. Theodore is from Kansas. Charlotte is from Utah. Harper is from Massachusetts. Mia and Theodore both sue Charlotte for securities fraud for $21,000 and legal malpractice for ..."
diversity_6__test__18,diversity_6,civil_procedure_diversity,civil_procedure_diversity,Yes,"Evelyn is from Indiana. James is from Iowa. Sophia is from Oregon. Olivia is from Mississippi. Evelyn and James both sue Sophia for patent infringement for $9,000 and breach of contract for $89,000. E..."
diversity_6__test__19,diversity_6,civil_procedure_diversity,civil_procedure_diversity,Yes,"Oliver is from Connecticut. James is from Maryland. Theodore is from Iowa. Evelyn is from Pennsylvania. Oliver and James both sue Theodore for patent infringement for $19,000 and medical malpractice f..."
diversity_6__test__20,diversity_6,civil_procedure_diversity,civil_procedure_diversity,Yes,"Oliver is from Wisconsin. James is from Maine. Olivia is from Hawaii. Charlotte is from Minnesota. Oliver and James both sue Olivia for copyright infringement for $72,000 and legal malpractice for $15..."
diversity_6__test__21,diversity_6,civil_procedure_diversity,civil_procedure_diversity,Yes,"Henry is from Nevada. Noah is from New Hampshire. Harper is from Illinois. Amelia is from New York. Henry and Noah both sue Harper for trespass for $5,000 and copyright infringement for $96,000. Henry..."
diversity_6__test__22,diversity_6,civil_procedure_diversity,civil_procedure_diversity,Yes,"Ava is from Massachusetts. Lucas is from Nebraska. Sophia is from Washington. Evelyn is from Ohio. Ava and Lucas both sue Sophia for breach of contract for $52,000 and copyright infringement for $34,0..."
diversity_6__test__23,diversity_6,civil_procedure_diversity,civil_procedure_diversity,Yes,"Theodore is from Iowa. Evelyn is from Maine. James is from Arkansas. Benjamin is from Nebraska. Theodore and Evelyn both sue James for defamation for $39,000 and wrongful eviction for $88,000. Theodor..."
diversity_6__test__24,diversity_6,civil_procedure_diversity,civil_procedure_diversity,Yes,"Charlotte is from Montana. Lucas is from Delaware. Liam is from Kentucky. Amelia is from Colorado. Charlotte and Lucas both sue Liam for defamation for $27,000 and securities fraud for $88,000. Charlo..."
diversity_6__test__25,diversity_6,civil_procedure_diversity,civil_procedure_diversity,No,"Evelyn is from Louisiana. Lucas is from Ohio. Oliver is from Washington. Ava is from Ohio. Evelyn and Lucas both sue Oliver for copyright infringement for $2,000 and securities fraud for $93,000. Evel..."
diversity_6__test__26,diversity_6,civil_procedure_diversity,civil_procedure_diversity,Yes,"Oliver is from Mississippi. William is from Illinois. Henry is from Georgia. Olivia is from Vermont. Oliver and William both sue Henry for negligence for $18,000 and medical malpractice for $60,000. O..."
diversity_6__test__27,diversity_6,civil_procedure_diversity,civil_procedure_diversity,No,"Charlotte is from Ohio. Liam is from Arizona. Olivia is from Maryland. Oliver is from Vermont. Charlotte and Liam both sue Olivia for legal malpractice for $59,000 and breach of contract for $16,000. ..."
diversity_6__test__28,diversity_6,civil_procedure_diversity,civil_procedure_diversity,Yes,"Henry is from Maryland. Noah is from Michigan. Elijah is from Indiana. Charlotte is from South Dakota. Henry and Noah both sue Elijah for negligence for $56,000 and breach of contract for $90,000. Hen..."
diversity_6__test__29,diversity_6,civil_procedure_diversity,civil_procedure_diversity,Yes,"Noah is from Texas. Mia is from Missouri. Liam is from Connecticut. James is from New Mexico. Noah and Mia both sue Liam for patent infringement for $48,000 and securities fraud for $83,000. Noah and ..."
diversity_6__test__30,diversity_6,civil_procedure_diversity,civil_procedure_diversity,No,"Theodore is from Pennsylvania. Liam is from Arkansas. Elijah is from Michigan. Emma is from Arkansas. Theodore and Liam both sue Elijah for negligence for $38,000 and trademark infringement for $93,00..."
diversity_6__test__31,diversity_6,civil_procedure_diversity,civil_procedure_diversity,No,"Noah is from Tennessee. Charlotte is from Massachusetts. Emma is from Indiana. Theodore is from Delaware. Noah and Charlotte both sue Emma for legal malpractice for $48,000 and negligence for $12,000...."
diversity_6__test__32,diversity_6,civil_procedure_diversity,civil_procedure_diversity,No,"Theodore is from Connecticut. Emma is from Wisconsin. Amelia is from Illinois. William is from Wyoming. Theodore and Emma both sue Amelia for defamation for $67,000 and securities fraud for $3,000. Th..."
diversity_6__test__33,diversity_6,civil_procedure_diversity,civil_procedure_diversity,No,"Harper is from Tennessee. Oliver is from Hawaii. William is from Louisiana. Liam is from Mississippi. Harper and Oliver both sue William for negligence for $21,000 and legal malpractice for $32,000. H..."
diversity_6__test__34,diversity_6,civil_procedure_diversity,civil_procedure_diversity,No,"Emma is from Wisconsin. Oliver is from Montana. Evelyn is from North Dakota. Noah is from Montana. Emma and Oliver both sue Evelyn for trespass for $6,000 and securities fraud for $71,000. Emma and Ol..."
diversity_6__test__35,diversity_6,civil_procedure_diversity,civil_procedure_diversity,No,"Benjamin is from Kentucky. Henry is from Tennessee. Amelia is from New Hampshire. Sophia is from Kentucky. Benjamin and Henry both sue Amelia for medical malpractice for $68,000 and legal malpractice ..."
diversity_6__test__36,diversity_6,civil_procedure_diversity,civil_procedure_diversity,No,"Henry is from Mississippi. Isabella is from Wisconsin. Charlotte is from Wisconsin. Liam is from Wisconsin. Henry and Isabella both sue Charlotte for negligence for $67,000 and patent infringement for..."
diversity_6__test__37,diversity_6,civil_procedure_diversity,civil_procedure_diversity,Yes,"Sophia is from Oklahoma. Liam is from West Virginia. Elijah is from Arizona. Olivia is from Maryland. Sophia and Liam both sue Elijah for negligence for $33,000 and defamation for $78,000. Sophia and ..."
diversity_6__test__38,diversity_6,civil_procedure_diversity,civil_procedure_diversity,No,"Harper is from Nebraska. Oliver is from Oregon. Amelia is from Maine. Emma is from Illinois. Harper and Oliver both sue Amelia for securities fraud for $71,000 and wrongful eviction for $3,000. Harper..."
diversity_6__test__39,diversity_6,civil_procedure_diversity,civil_procedure_diversity,No,"Charlotte is from New Hampshire. Oliver is from Nevada. Noah is from Kentucky. Henry is from New Hampshire. Charlotte and Oliver both sue Noah for securities fraud for $66,000 and trespass for $15,000..."
diversity_6__test__40,diversity_6,civil_procedure_diversity,civil_procedure_diversity,Yes,"Sophia is from North Dakota. Elijah is from Oklahoma. Harper is from Kentucky. Olivia is from Florida. Sophia and Elijah both sue Harper for trespass for $21,000 and negligence for $82,000. Sophia and..."
diversity_6__test__41,diversity_6,civil_procedure_diversity,civil_procedure_diversity,No,"Henry is from Connecticut. Noah is from Wisconsin. Isabella is from Tennessee. Liam is from Wisconsin. Henry and Noah both sue Isabella for trademark infringement for $18,000 and defamation for $35,00..."
diversity_6__test__42,diversity_6,civil_procedure_diversity,civil_procedure_diversity,No,"Olivia is from Massachusetts. Amelia is from Florida. Isabella is from Alabama. Sophia is from Florida. Olivia and Amelia both sue Isabella for breach of contract for $42,000 and trademark infringemen..."
diversity_6__test__43,diversity_6,civil_procedure_diversity,civil_procedure_diversity,No,"Evelyn is from North Dakota. William is from Texas. Noah is from Mississippi. Theodore is from Minnesota. Evelyn and William both sue Noah for patent infringement for $50,000 and wrongful eviction for..."
diversity_6__test__44,diversity_6,civil_procedure_diversity,civil_procedure_diversity,Yes,"Isabella is from Nevada. Ava is from Arizona. Liam is from South Dakota. James is from California. Isabella and Ava both sue Liam for copyright infringement for $2,000 and securities fraud for $97,000..."
diversity_6__test__45,diversity_6,civil_procedure_diversity,civil_procedure_diversity,No,"Emma is from Vermont. Amelia is from Hawaii. Charlotte is from Alaska. James is from Colorado. Emma and Amelia both sue Charlotte for securities fraud for $44,000 and negligence for $24,000. Emma and ..."
diversity_6__test__46,diversity_6,civil_procedure_diversity,civil_procedure_diversity,No,"Liam is from New Hampshire. Olivia is from Mississippi. Charlotte is from New Hampshire. Sophia is from Mississippi. Liam and Olivia both sue Charlotte for patent infringement for $32,000 and securiti..."
diversity_6__test__47,diversity_6,civil_procedure_diversity,civil_procedure_diversity,Yes,"Isabella is from Virginia. Ava is from South Carolina. Noah is from Iowa. Liam is from Kansas. Isabella and Ava both sue Noah for defamation for $6,000 and securities fraud for $79,000. Isabella and A..."
diversity_6__test__48,diversity_6,civil_procedure_diversity,civil_procedure_diversity,Yes,"Oliver is from Oregon. Isabella is from Georgia. Noah is from Connecticut. Harper is from Maine. Oliver and Isabella both sue Noah for trademark infringement for $18,000 and wrongful eviction for $67,..."
diversity_6__test__49,diversity_6,civil_procedure_diversity,civil_procedure_diversity,No,"Benjamin is from Georgia. Amelia is from Kentucky. Henry is from Oklahoma. Emma is from Texas. Benjamin and Amelia both sue Henry for negligence for $18,000 and defamation for $47,000. Benjamin and Am..."
diversity_6__test__50,diversity_6,civil_procedure_diversity,civil_procedure_diversity,Yes,"Amelia is from Iowa. Theodore is from New York. Ava is from Kentucky. Mia is from Texas. Amelia and Theodore both sue Ava for legal malpractice for $56,000 and trespass for $60,000. Amelia and Theodor..."
diversity_6__test__51,diversity_6,civil_procedure_diversity,civil_procedure_diversity,Yes,"Emma is from Indiana. Elijah is from Ohio. Evelyn is from New Mexico. Liam is from South Dakota. Emma and Elijah both sue Evelyn for trespass for $42,000 and breach of contract for $40,000. Emma and E..."
diversity_6__test__52,diversity_6,civil_procedure_diversity,civil_procedure_diversity,No,"Oliver is from Louisiana. Noah is from Oregon. Elijah is from Arizona. William is from Oregon. Oliver and Noah both sue Elijah for negligence for $65,000 and securities fraud for $93,000. Oliver and N..."
diversity_6__test__53,diversity_6,civil_procedure_diversity,civil_procedure_diversity,No,"Benjamin is from Vermont. Amelia is from North Dakota. Lucas is from Arizona. Elijah is from Utah. Benjamin and Amelia both sue Lucas for wrongful eviction for $25,000 and negligence for $10,000. Benj..."
diversity_6__test__54,diversity_6,civil_procedure_diversity,civil_procedure_diversity,No,"Henry is from Maine. Charlotte is from Wisconsin. Amelia is from Michigan. Isabella is from Oklahoma. Henry and Charlotte both sue Amelia for securities fraud for $17,000 and negligence for $31,000. H..."
diversity_6__test__55,diversity_6,civil_procedure_diversity,civil_procedure_diversity,Yes,"Mia is from Ohio. Emma is from Delaware. Henry is from Virginia. Ava is from California. Mia and Emma both sue Henry for trespass for $57,000 and breach of contract for $81,000. Mia and Emma both sue ..."
diversity_6__test__56,diversity_6,civil_procedure_diversity,civil_procedure_diversity,Yes,"Isabella is from Arkansas. Theodore is from New Jersey. Elijah is from New Mexico. Liam is from Minnesota. Isabella and Theodore both sue Elijah for copyright infringement for $45,000 and wrongful evi..."
diversity_6__test__57,diversity_6,civil_procedure_diversity,civil_procedure_diversity,No,"Mia is from North Carolina. Isabella is from Missouri. Benjamin is from Hawaii. Olivia is from North Carolina. Mia and Isabella both sue Benjamin for medical malpractice for $3,000 and trademark infri..."
diversity_6__test__58,diversity_6,civil_procedure_diversity,civil_procedure_diversity,No,"William is from Louisiana. James is from Washington. Benjamin is from Rhode Island. Charlotte is from Washington. William and James both sue Benjamin for trespass for $24,000 and defamation for $48,00..."
diversity_6__test__59,diversity_6,civil_procedure_diversity,civil_procedure_diversity,Yes,"Lucas is from Montana. Elijah is from Kansas. Evelyn is from Georgia. Harper is from New York. Lucas and Elijah both sue Evelyn for patent infringement for $59,000 and legal malpractice for $50,000. L..."
diversity_6__test__60,diversity_6,civil_procedure_diversity,civil_procedure_diversity,No,"Lucas is from Utah. Olivia is from Maine. Theodore is from California. Liam is from Utah. Lucas and Olivia both sue Theodore for negligence for $70,000 and wrongful eviction for $82,000. Lucas and Oli..."
diversity_6__test__61,diversity_6,civil_procedure_diversity,civil_procedure_diversity,Yes,"Mia is from Pennsylvania. Sophia is from New Jersey. Emma is from Idaho. Noah is from Colorado. Mia and Sophia both sue Emma for breach of contract for $17,000 and securities fraud for $67,000. Mia an..."
diversity_6__test__62,diversity_6,civil_procedure_diversity,civil_procedure_diversity,Yes,"Oliver is from New Hampshire. William is from Maine. Harper is from Iowa. Theodore is from Colorado. Oliver and William both sue Harper for copyright infringement for $72,000 and trespass for $76,000...."
diversity_6__test__63,diversity_6,civil_procedure_diversity,civil_procedure_diversity,Yes,"Benjamin is from Colorado. Oliver is from Wisconsin. James is from Texas. Emma is from Maryland. Benjamin and Oliver both sue James for medical malpractice for $6,000 and breach of contract for $91,00..."
diversity_6__test__64,diversity_6,civil_procedure_diversity,civil_procedure_diversity,No,"Oliver is from Alaska. Olivia is from Utah. Harper is from Idaho. Mia is from Alaska. Oliver and Olivia both sue Harper for wrongful eviction for $60,000 and medical malpractice for $99,000. Oliver an..."
diversity_6__test__65,diversity_6,civil_procedure_diversity,civil_procedure_diversity,Yes,"Noah is from Vermont. Harper is from West Virginia. Isabella is from Virginia. Sophia is from Arizona. Noah and Harper both sue Isabella for medical malpractice for $59,000 and securities fraud for $3..."
diversity_6__test__66,diversity_6,civil_procedure_diversity,civil_procedure_diversity,No,"Liam is from Maryland. William is from Montana. Lucas is from Kansas. Emma is from Montana. Liam and William both sue Lucas for wrongful eviction for $26,000 and defamation for $90,000. Liam and Willi..."
diversity_6__test__67,diversity_6,civil_procedure_diversity,civil_procedure_diversity,Yes,"Sophia is from Pennsylvania. William is from Alaska. Harper is from Montana. Henry is from Oregon. Sophia and William both sue Harper for negligence for $69,000 and securities fraud for $80,000. Sophi..."
diversity_6__test__68,diversity_6,civil_procedure_diversity,civil_procedure_diversity,No,"Theodore is from New Jersey. Charlotte is from Minnesota. Elijah is from Louisiana. Evelyn is from Rhode Island. Theodore and Charlotte both sue Elijah for defamation for $39,000 and patent infringeme..."
diversity_6__test__69,diversity_6,civil_procedure_diversity,civil_procedure_diversity,No,"Elijah is from Michigan. Emma is from Montana. Amelia is from Kentucky. James is from Michigan. Elijah and Emma both sue Amelia for negligence for $22,000 and defamation for $14,000. Elijah and Emma b..."
diversity_6__test__70,diversity_6,civil_procedure_diversity,civil_procedure_diversity,No,"William is from New York. Amelia is from Iowa. Benjamin is from Missouri. Liam is from Pennsylvania. William and Amelia both sue Benjamin for breach of contract for $36,000 and legal malpractice for $..."
diversity_6__test__71,diversity_6,civil_procedure_diversity,civil_procedure_diversity,Yes,"Noah is from Delaware. Henry is from Texas. Benjamin is from Florida. Charlotte is from Nevada. Noah and Henry both sue Benjamin for copyright infringement for $3,000 and defamation for $95,000. Noah ..."
diversity_6__test__72,diversity_6,civil_procedure_diversity,civil_procedure_diversity,No,"Lucas is from Nebraska. Harper is from Florida. Liam is from Montana. Oliver is from Nebraska. Lucas and Harper both sue Liam for wrongful eviction for $73,000 and trespass for $55,000. Lucas and Harp..."
diversity_6__test__73,diversity_6,civil_procedure_diversity,civil_procedure_diversity,Yes,"Olivia is from Louisiana. Liam is from Texas. Mia is from Wisconsin. Benjamin is from Alabama. Olivia and Liam both sue Mia for legal malpractice for $12,000 and patent infringement for $64,000. Olivi..."
diversity_6__test__74,diversity_6,civil_procedure_diversity,civil_procedure_diversity,Yes,"Oliver is from Minnesota. Amelia is from Alabama. Olivia is from Massachusetts. Theodore is from Idaho. Oliver and Amelia both sue Olivia for trespass for $51,000 and medical malpractice for $54,000. ..."
diversity_6__test__75,diversity_6,civil_procedure_diversity,civil_procedure_diversity,Yes,"Olivia is from Wisconsin. Ava is from New Hampshire. Noah is from Nebraska. Benjamin is from Tennessee. Olivia and Ava both sue Noah for securities fraud for $71,000 and copyright infringement for $87..."
diversity_6__test__76,diversity_6,civil_procedure_diversity,civil_procedure_diversity,No,"Sophia is from West Virginia. Theodore is from Iowa. Olivia is from Mississippi. Ava is from West Virginia. Sophia and Theodore both sue Olivia for copyright infringement for $14,000 and medical malpr..."
diversity_6__test__77,diversity_6,civil_procedure_diversity,civil_procedure_diversity,No,"Liam is from Nebraska. Elijah is from Kansas. Lucas is from California. Theodore is from Kansas. Liam and Elijah both sue Lucas for securities fraud for $15,000 and patent infringement for $39,000. Li..."
diversity_6__test__78,diversity_6,civil_procedure_diversity,civil_procedure_diversity,Yes,"Liam is from Maryland. Henry is from Texas. William is from Vermont. Lucas is from Alabama. Liam and Henry both sue William for securities fraud for $60,000 and legal malpractice for $36,000. Liam and..."
diversity_6__test__79,diversity_6,civil_procedure_diversity,civil_procedure_diversity,No,"Charlotte is from Oregon. Harper is from Virginia. Liam is from Louisiana. Elijah is from Pennsylvania. Charlotte and Harper both sue Liam for trespass for $67,000 and defamation for $8,000. Charlotte..."
diversity_6__test__80,diversity_6,civil_procedure_diversity,civil_procedure_diversity,No,"Benjamin is from Pennsylvania. Charlotte is from Nevada. William is from Tennessee. Elijah is from Nevada. Benjamin and Charlotte both sue William for medical malpractice for $63,000 and securities fr..."
diversity_6__test__81,diversity_6,civil_procedure_diversity,civil_procedure_diversity,No,"Isabella is from New Mexico. Oliver is from Mississippi. James is from Minnesota. Amelia is from Michigan. Isabella and Oliver both sue James for securities fraud for $43,000 and patent infringement f..."
diversity_6__test__82,diversity_6,civil_procedure_diversity,civil_procedure_diversity,No,"Sophia is from Alaska. Oliver is from Georgia. Ava is from Kentucky. Lucas is from Nebraska. Sophia and Oliver both sue Ava for defamation for $74,000 and legal malpractice for $1,000. Sophia and Oliv..."
diversity_6__test__83,diversity_6,civil_procedure_diversity,civil_procedure_diversity,No,"Lucas is from South Dakota. Charlotte is from Minnesota. Theodore is from Florida. William is from Maine. Lucas and Charlotte both sue Theodore for defamation for $26,000 and breach of contract for $3..."
diversity_6__test__84,diversity_6,civil_procedure_diversity,civil_procedure_diversity,No,"Oliver is from Maine. Harper is from Utah. Isabella is from Kansas. Charlotte is from Maine. Oliver and Harper both sue Isabella for defamation for $54,000 and securities fraud for $2,000. Oliver and ..."
diversity_6__test__85,diversity_6,civil_procedure_diversity,civil_procedure_diversity,Yes,"Mia is from Nevada. Olivia is from Florida. Henry is from Vermont. Sophia is from Oklahoma. Mia and Olivia both sue Henry for wrongful eviction for $66,000 and securities fraud for $42,000. Mia and Ol..."
diversity_6__test__86,diversity_6,civil_procedure_diversity,civil_procedure_diversity,Yes,"Oliver is from Indiana. James is from Colorado. Amelia is from Arkansas. Olivia is from Vermont. Oliver and James both sue Amelia for patent infringement for $28,000 and trespass for $74,000. Oliver a..."
diversity_6__test__87,diversity_6,civil_procedure_diversity,civil_procedure_diversity,Yes,"Ava is from Nebraska. Amelia is from Virginia. Isabella is from Alaska. Mia is from Tennessee. Ava and Amelia both sue Isabella for trespass for $42,000 and patent infringement for $99,000. Ava and Am..."
diversity_6__test__88,diversity_6,civil_procedure_diversity,civil_procedure_diversity,Yes,"Amelia is from Iowa. Liam is from Nevada. Emma is from Arkansas. Theodore is from West Virginia. Amelia and Liam both sue Emma for copyright infringement for $31,000 and trademark infringement for $84..."
diversity_6__test__89,diversity_6,civil_procedure_diversity,civil_procedure_diversity,No,"Olivia is from Pennsylvania. James is from Alaska. Henry is from Maine. William is from Connecticut. Olivia and James both sue Henry for patent infringement for $48,000 and medical malpractice for $6,..."
diversity_6__test__90,diversity_6,civil_procedure_diversity,civil_procedure_diversity,Yes,"Emma is from Idaho. Sophia is from South Dakota. Charlotte is from Alaska. Oliver is from Michigan. Emma and Sophia both sue Charlotte for trademark infringement for $43,000 and copyright infringement..."
diversity_6__test__91,diversity_6,civil_procedure_diversity,civil_procedure_diversity,No,"Olivia is from Maryland. Ava is from Washington. Amelia is from Texas. Mia is from Washington. Olivia and Ava both sue Amelia for trademark infringement for $46,000 and securities fraud for $60,000. O..."
diversity_6__test__92,diversity_6,civil_procedure_diversity,civil_procedure_diversity,Yes,"Lucas is from Maine. Henry is from Wyoming. Oliver is from Alabama. Theodore is from North Dakota. Lucas and Henry both sue Oliver for copyright infringement for $61,000 and legal malpractice for $28,..."
diversity_6__test__93,diversity_6,civil_procedure_diversity,civil_procedure_diversity,Yes,"Mia is from North Carolina. Sophia is from Hawaii. Charlotte is from Montana. Theodore is from Arkansas. Mia and Sophia both sue Charlotte for defamation for $45,000 and legal malpractice for $71,000...."
diversity_6__test__94,diversity_6,civil_procedure_diversity,civil_procedure_diversity,Yes,"Isabella is from Delaware. William is from Ohio. Lucas is from Illinois. Elijah is from Kansas. Isabella and William both sue Lucas for legal malpractice for $53,000 and copyright infringement for $82..."
diversity_6__test__95,diversity_6,civil_procedure_diversity,civil_procedure_diversity,Yes,"Noah is from Pennsylvania. Oliver is from Arizona. Harper is from Washington. Mia is from Oklahoma. Noah and Oliver both sue Harper for medical malpractice for $67,000 and legal malpractice for $57,00..."
diversity_6__test__96,diversity_6,civil_procedure_diversity,civil_procedure_diversity,No,"Elijah is from Delaware. Amelia is from Virginia. Noah is from South Dakota. Evelyn is from Delaware. Elijah and Amelia both sue Noah for legal malpractice for $32,000 and defamation for $84,000. Elij..."
diversity_6__test__97,diversity_6,civil_procedure_diversity,civil_procedure_diversity,No,"Ava is from Indiana. Sophia is from Alabama. Isabella is from Alaska. Elijah is from Alabama. Ava and Sophia both sue Isabella for copyright infringement for $44,000 and patent infringement for $62,00..."
diversity_6__test__98,diversity_6,civil_procedure_diversity,civil_procedure_diversity,No,"Evelyn is from Vermont. Lucas is from Maryland. Benjamin is from Washington. Olivia is from Maryland. Evelyn and Lucas both sue Benjamin for securities fraud for $27,000 and copyright infringement for..."
diversity_6__test__99,diversity_6,civil_procedure_diversity,civil_procedure_diversity,Yes,"Lucas is from Kansas. Sophia is from Michigan. Theodore is from Georgia. James is from Delaware. Lucas and Sophia both sue Theodore for securities fraud for $52,000 and medical malpractice for $59,000..."
diversity_6__test__100,diversity_6,civil_procedure_diversity,civil_procedure_diversity,Yes,"Noah is from Arizona. Sophia is from Louisiana. Benjamin is from South Carolina. William is from Ohio. Noah and Sophia both sue Benjamin for medical malpractice for $52,000 and breach of contract for ..."
diversity_6__test__101,diversity_6,civil_procedure_diversity,civil_procedure_diversity,No,"Charlotte is from South Dakota. Liam is from Maryland. Evelyn is from New Mexico. Henry is from Alabama. Charlotte and Liam both sue Evelyn for patent infringement for $58,000 and medical malpractice ..."
diversity_6__test__102,diversity_6,civil_procedure_diversity,civil_procedure_diversity,No,"Harper is from Missouri. Elijah is from Tennessee. Henry is from Georgia. Evelyn is from Missouri. Harper and Elijah both sue Henry for legal malpractice for $38,000 and copyright infringement for $13..."
diversity_6__test__103,diversity_6,civil_procedure_diversity,civil_procedure_diversity,Yes,"Olivia is from New Mexico. Noah is from Nebraska. Evelyn is from New Hampshire. Oliver is from Wisconsin. Olivia and Noah both sue Evelyn for breach of contract for $8,000 and patent infringement for ..."
diversity_6__test__104,diversity_6,civil_procedure_diversity,civil_procedure_diversity,No,"William is from Kentucky. Evelyn is from Nebraska. Olivia is from South Carolina. Isabella is from Montana. William and Evelyn both sue Olivia for copyright infringement for $45,000 and trademark infr..."
diversity_6__test__105,diversity_6,civil_procedure_diversity,civil_procedure_diversity,No,"Amelia is from Virginia. Henry is from Oklahoma. William is from Ohio. Sophia is from Oklahoma. Amelia and Henry both sue William for defamation for $55,000 and breach of contract for $32,000. Amelia ..."
diversity_6__test__106,diversity_6,civil_procedure_diversity,civil_procedure_diversity,No,"Liam is from Louisiana. Ava is from Wyoming. Isabella is from Nebraska. William is from Wyoming. Liam and Ava both sue Isabella for medical malpractice for $7,000 and patent infringement for $63,000. ..."
diversity_6__test__107,diversity_6,civil_procedure_diversity,civil_procedure_diversity,Yes,"Theodore is from Ohio. Oliver is from New Hampshire. Noah is from Louisiana. Olivia is from Indiana. Theodore and Oliver both sue Noah for trespass for $39,000 and wrongful eviction for $74,000. Theod..."
diversity_6__test__108,diversity_6,civil_procedure_diversity,civil_procedure_diversity,Yes,"Elijah is from Maine. Noah is from Minnesota. Olivia is from Florida. Ava is from Texas. Elijah and Noah both sue Olivia for legal malpractice for $33,000 and trademark infringement for $65,000. Elija..."
diversity_6__test__109,diversity_6,civil_procedure_diversity,civil_procedure_diversity,No,"Theodore is from Missouri. Benjamin is from Pennsylvania. Henry is from South Carolina. Isabella is from Missouri. Theodore and Benjamin both sue Henry for trademark infringement for $47,000 and defam..."
diversity_6__test__110,diversity_6,civil_procedure_diversity,civil_procedure_diversity,Yes,"Theodore is from Tennessee. Benjamin is from Maine. Elijah is from Texas. James is from North Dakota. Theodore and Benjamin both sue Elijah for medical malpractice for $47,000 and securities fraud for..."
diversity_6__test__111,diversity_6,civil_procedure_diversity,civil_procedure_diversity,Yes,"Lucas is from Texas. James is from Arkansas. Elijah is from Montana. William is from Louisiana. Lucas and James both sue Elijah for wrongful eviction for $59,000 and patent infringement for $42,000. L..."
diversity_6__test__112,diversity_6,civil_procedure_diversity,civil_procedure_diversity,No,"Sophia is from Illinois. Mia is from Kentucky. Ava is from Alabama. Lucas is from Michigan. Sophia and Mia both sue Ava for legal malpractice for $25,000 and trademark infringement for $2,000. Sophia ..."
diversity_6__test__113,diversity_6,civil_procedure_diversity,civil_procedure_diversity,No,"Noah is from Texas. Liam is from Oregon. Harper is from Arizona. Sophia is from Texas. Noah and Liam both sue Harper for wrongful eviction for $71,000 and trespass for $33,000. Noah and Liam both sue ..."
diversity_6__test__114,diversity_6,civil_procedure_diversity,civil_procedure_diversity,Yes,"Isabella is from New York. Theodore is from Idaho. Oliver is from Illinois. Mia is from Arizona. Isabella and Theodore both sue Oliver for breach of contract for $9,000 and legal malpractice for $98,0..."
diversity_6__test__115,diversity_6,civil_procedure_diversity,civil_procedure_diversity,Yes,"Liam is from Kentucky. William is from Alaska. Oliver is from Ohio. James is from Utah. Liam and William both sue Oliver for defamation for $20,000 and securities fraud for $72,000. Liam and William b..."
diversity_6__test__116,diversity_6,civil_procedure_diversity,civil_procedure_diversity,Yes,"Liam is from Ohio. Benjamin is from Georgia. Noah is from Oregon. Charlotte is from West Virginia. Liam and Benjamin both sue Noah for legal malpractice for $59,000 and negligence for $68,000. Liam an..."
diversity_6__test__117,diversity_6,civil_procedure_diversity,civil_procedure_diversity,Yes,"James is from New Mexico. Theodore is from Wyoming. Evelyn is from Rhode Island. Charlotte is from California. James and Theodore both sue Evelyn for medical malpractice for $49,000 and securities fra..."
diversity_6__test__118,diversity_6,civil_procedure_diversity,civil_procedure_diversity,No,"Liam is from Iowa. Noah is from Nebraska. Ava is from Indiana. Emma is from Iowa. Liam and Noah both sue Ava for patent infringement for $55,000 and defamation for $90,000. Liam and Noah both sue Emma..."
diversity_6__test__119,diversity_6,civil_procedure_diversity,civil_procedure_diversity,No,"Noah is from South Carolina. Emma is from North Dakota. Theodore is from New York. Henry is from South Carolina. Noah and Emma both sue Theodore for breach of contract for $18,000 and trademark infrin..."
diversity_6__test__120,diversity_6,civil_procedure_diversity,civil_procedure_diversity,Yes,"Noah is from Alabama. William is from Indiana. Ava is from Wyoming. Liam is from Oklahoma. Noah and William both sue Ava for medical malpractice for $11,000 and copyright infringement for $88,000. Noa..."
diversity_6__test__121,diversity_6,civil_procedure_diversity,civil_procedure_diversity,No,"Amelia is from Oklahoma. Henry is from Maryland. Mia is from New Mexico. Elijah is from Massachusetts. Amelia and Henry both sue Mia for defamation for $25,000 and wrongful eviction for $23,000. Ameli..."
diversity_6__test__122,diversity_6,civil_procedure_diversity,civil_procedure_diversity,Yes,"Amelia is from Vermont. Olivia is from Rhode Island. William is from Utah. Ava is from Arkansas. Amelia and Olivia both sue William for legal malpractice for $38,000 and trespass for $97,000. Amelia a..."
diversity_6__test__123,diversity_6,civil_procedure_diversity,civil_procedure_diversity,Yes,"Amelia is from Massachusetts. Elijah is from Missouri. Olivia is from Colorado. Sophia is from Tennessee. Amelia and Elijah both sue Olivia for legal malpractice for $69,000 and patent infringement fo..."
diversity_6__test__124,diversity_6,civil_procedure_diversity,civil_procedure_diversity,Yes,"Isabella is from Delaware. Noah is from Wisconsin. Ava is from Louisiana. Charlotte is from Illinois. Isabella and Noah both sue Ava for securities fraud for $9,000 and negligence for $93,000. Isabell..."
diversity_6__test__125,diversity_6,civil_procedure_diversity,civil_procedure_diversity,Yes,"Noah is from Georgia. Mia is from Louisiana. Emma is from Nevada. Harper is from North Dakota. Noah and Mia both sue Emma for legal malpractice for $34,000 and medical malpractice for $53,000. Noah an..."
diversity_6__test__126,diversity_6,civil_procedure_diversity,civil_procedure_diversity,Yes,"Amelia is from Alaska. Ava is from Texas. Theodore is from Rhode Island. William is from North Carolina. Amelia and Ava both sue Theodore for patent infringement for $12,000 and defamation for $84,000..."
diversity_6__test__127,diversity_6,civil_procedure_diversity,civil_procedure_diversity,Yes,"Benjamin is from Vermont. Liam is from New Jersey. Elijah is from Washington. Lucas is from Ohio. Benjamin and Liam both sue Elijah for wrongful eviction for $37,000 and copyright infringement for $45..."
diversity_6__test__128,diversity_6,civil_procedure_diversity,civil_procedure_diversity,Yes,"James is from Arizona. Isabella is from Alabama. Benjamin is from New Hampshire. Mia is from Hawaii. James and Isabella both sue Benjamin for medical malpractice for $54,000 and negligence for $46,000..."
diversity_6__test__129,diversity_6,civil_procedure_diversity,civil_procedure_diversity,Yes,"Emma is from Iowa. Ava is from New Hampshire. Evelyn is from North Dakota. Harper is from Ohio. Emma and Ava both sue Evelyn for breach of contract for $57,000 and medical malpractice for $65,000. Emm..."
diversity_6__test__130,diversity_6,civil_procedure_diversity,civil_procedure_diversity,No,"James is from Montana. Benjamin is from New Mexico. Sophia is from Vermont. Ava is from New Mexico. James and Benjamin both sue Sophia for breach of contract for $48,000 and wrongful eviction for $39,..."
diversity_6__test__131,diversity_6,civil_procedure_diversity,civil_procedure_diversity,No,"Harper is from Georgia. Mia is from Hawaii. Theodore is from Arkansas. Evelyn is from Rhode Island. Harper and Mia both sue Theodore for breach of contract for $57,000 and wrongful eviction for $11,00..."
diversity_6__test__132,diversity_6,civil_procedure_diversity,civil_procedure_diversity,Yes,"Mia is from Pennsylvania. Oliver is from North Dakota. Theodore is from Nevada. Liam is from Mississippi. Mia and Oliver both sue Theodore for medical malpractice for $40,000 and copyright infringemen..."
diversity_6__test__133,diversity_6,civil_procedure_diversity,civil_procedure_diversity,Yes,"Charlotte is from South Dakota. Lucas is from Delaware. Theodore is from Maryland. Amelia is from Idaho. Charlotte and Lucas both sue Theodore for patent infringement for $71,000 and negligence for $2..."
diversity_6__test__134,diversity_6,civil_procedure_diversity,civil_procedure_diversity,No,"Oliver is from Montana. Charlotte is from Alaska. Mia is from West Virginia. James is from Iowa. Oliver and Charlotte both sue Mia for defamation for $51,000 and trademark infringement for $17,000. Ol..."
diversity_6__test__135,diversity_6,civil_procedure_diversity,civil_procedure_diversity,No,"Sophia is from Hawaii. Evelyn is from Delaware. Lucas is from Minnesota. Oliver is from Hawaii. Sophia and Evelyn both sue Lucas for copyright infringement for $23,000 and legal malpractice for $77,00..."
diversity_6__test__136,diversity_6,civil_procedure_diversity,civil_procedure_diversity,Yes,"Isabella is from Alaska. Benjamin is from Wisconsin. Evelyn is from Montana. Elijah is from Louisiana. Isabella and Benjamin both sue Evelyn for securities fraud for $25,000 and defamation for $66,000..."
diversity_6__test__137,diversity_6,civil_procedure_diversity,civil_procedure_diversity,No,"Liam is from Oregon. William is from New Jersey. Emma is from Oklahoma. Evelyn is from Indiana. Liam and William both sue Emma for legal malpractice for $34,000 and trademark infringement for $15,000...."
diversity_6__test__138,diversity_6,civil_procedure_diversity,civil_procedure_diversity,No,"James is from Mississippi. Henry is from Louisiana. Oliver is from Alaska. Charlotte is from Mississippi. James and Henry both sue Oliver for legal malpractice for $72,000 and medical malpractice for ..."
diversity_6__test__139,diversity_6,civil_procedure_diversity,civil_procedure_diversity,Yes,"Oliver is from Maine. Henry is from South Dakota. Harper is from Ohio. Benjamin is from Iowa. Oliver and Henry both sue Harper for negligence for $34,000 and defamation for $42,000. Oliver and Henry b..."
diversity_6__test__140,diversity_6,civil_procedure_diversity,civil_procedure_diversity,No,"Oliver is from North Dakota. Harper is from Massachusetts. Henry is from Montana. Emma is from Massachusetts. Oliver and Harper both sue Henry for patent infringement for $44,000 and breach of contrac..."
diversity_6__test__141,diversity_6,civil_procedure_diversity,civil_procedure_diversity,Yes,"Evelyn is from Arizona. Isabella is from New Jersey. Harper is from Florida. James is from Oregon. Evelyn and Isabella both sue Harper for defamation for $31,000 and copyright infringement for $87,000..."
diversity_6__test__142,diversity_6,civil_procedure_diversity,civil_procedure_diversity,No,"Amelia is from South Dakota. Noah is from South Carolina. Harper is from Illinois. Liam is from South Dakota. Amelia and Noah both sue Harper for breach of contract for $5,000 and trademark infringeme..."
diversity_6__test__143,diversity_6,civil_procedure_diversity,civil_procedure_diversity,No,"Henry is from Illinois. Isabella is from Utah. Oliver is from Rhode Island. Olivia is from South Carolina. Henry and Isabella both sue Oliver for medical malpractice for $1,000 and patent infringement..."
diversity_6__test__144,diversity_6,civil_procedure_diversity,civil_procedure_diversity,No,"Olivia is from Montana. Mia is from Nebraska. Oliver is from Oregon. Emma is from New York. Olivia and Mia both sue Oliver for legal malpractice for $9,000 and defamation for $40,000. Olivia and Mia b..."
diversity_6__test__145,diversity_6,civil_procedure_diversity,civil_procedure_diversity,No,"Oliver is from South Dakota. Charlotte is from Minnesota. Noah is from Arizona. William is from Minnesota. Oliver and Charlotte both sue Noah for patent infringement for $1,000 and negligence for $87,..."
diversity_6__test__146,diversity_6,civil_procedure_diversity,civil_procedure_diversity,Yes,"Olivia is from Wisconsin. William is from South Carolina. Harper is from Florida. Emma is from Illinois. Olivia and William both sue Harper for copyright infringement for $42,000 and trademark infring..."
diversity_6__test__147,diversity_6,civil_procedure_diversity,civil_procedure_diversity,Yes,"Benjamin is from Alaska. Noah is from Illinois. Lucas is from Maryland. Evelyn is from Idaho. Benjamin and Noah both sue Lucas for medical malpractice for $54,000 and trademark infringement for $47,00..."
diversity_6__test__148,diversity_6,civil_procedure_diversity,civil_procedure_diversity,No,"Emma is from California. Harper is from New Jersey. Ava is from Washington. Henry is from Florida. Emma and Harper both sue Ava for breach of contract for $33,000 and defamation for $25,000. Emma and ..."
diversity_6__test__149,diversity_6,civil_procedure_diversity,civil_procedure_diversity,No,"Mia is from Nebraska. Lucas is from Mississippi. Elijah is from Oregon. Emma is from Colorado. Mia and Lucas both sue Elijah for trademark infringement for $2,000 and legal malpractice for $44,000. Mi..."
diversity_6__test__150,diversity_6,civil_procedure_diversity,civil_procedure_diversity,Yes,"Benjamin is from New Hampshire. James is from Wisconsin. Evelyn is from Oregon. Elijah is from Hawaii. Benjamin and James both sue Evelyn for trademark infringement for $55,000 and defamation for $33,..."
diversity_6__test__151,diversity_6,civil_procedure_diversity,civil_procedure_diversity,No,"Emma is from North Dakota. Elijah is from Ohio. Oliver is from Iowa. Liam is from Ohio. Emma and Elijah both sue Oliver for medical malpractice for $55,000 and breach of contract for $57,000. Emma and..."
diversity_6__test__152,diversity_6,civil_procedure_diversity,civil_procedure_diversity,Yes,"Liam is from Nevada. Amelia is from North Dakota. Elijah is from Alabama. William is from Wyoming. Liam and Amelia both sue Elijah for medical malpractice for $46,000 and legal malpractice for $30,000..."
diversity_6__test__153,diversity_6,civil_procedure_diversity,civil_procedure_diversity,Yes,"Amelia is from Washington. Theodore is from Tennessee. Ava is from Michigan. Sophia is from Minnesota. Amelia and Theodore both sue Ava for breach of contract for $62,000 and securities fraud for $35,..."
diversity_6__test__154,diversity_6,civil_procedure_diversity,civil_procedure_diversity,No,"Isabella is from Iowa. Benjamin is from Nebraska. William is from Nevada. James is from Nebraska. Isabella and Benjamin both sue William for negligence for $3,000 and wrongful eviction for $7,000. Isa..."
diversity_6__test__155,diversity_6,civil_procedure_diversity,civil_procedure_diversity,No,"Olivia is from Iowa. Harper is from Washington. Liam is from North Carolina. Emma is from Florida. Olivia and Harper both sue Liam for copyright infringement for $9,000 and trademark infringement for ..."
diversity_6__test__156,diversity_6,civil_procedure_diversity,civil_procedure_diversity,No,"Noah is from Oklahoma. Elijah is from Montana. Mia is from Rhode Island. Liam is from New York. Noah and Elijah both sue Mia for securities fraud for $61,000 and breach of contract for $8,000. Noah an..."
diversity_6__test__157,diversity_6,civil_procedure_diversity,civil_procedure_diversity,No,"Amelia is from Idaho. Ava is from Kansas. Theodore is from Oklahoma. Oliver is from Kansas. Amelia and Ava both sue Theodore for patent infringement for $7,000 and negligence for $80,000. Amelia and A..."
diversity_6__test__158,diversity_6,civil_procedure_diversity,civil_procedure_diversity,No,"Amelia is from Missouri. Charlotte is from Utah. Ava is from Oregon. Emma is from Nebraska. Amelia and Charlotte both sue Ava for medical malpractice for $33,000 and securities fraud for $24,000. Amel..."
diversity_6__test__159,diversity_6,civil_procedure_diversity,civil_procedure_diversity,No,"Lucas is from Vermont. Emma is from Missouri. Isabella is from New Mexico. Mia is from Missouri. Lucas and Emma both sue Isabella for legal malpractice for $12,000 and medical malpractice for $90,000...."
diversity_6__test__160,diversity_6,civil_procedure_diversity,civil_procedure_diversity,No,"Oliver is from New Mexico. Olivia is from Maine. Charlotte is from Ohio. Elijah is from Illinois. Oliver and Olivia both sue Charlotte for trespass for $36,000 and wrongful eviction for $16,000. Olive..."
diversity_6__test__161,diversity_6,civil_procedure_diversity,civil_procedure_diversity,No,"Theodore is from Arkansas. Sophia is from Nebraska. Henry is from New Jersey. Ava is from North Dakota. Theodore and Sophia both sue Henry for patent infringement for $29,000 and copyright infringemen..."
diversity_6__test__162,diversity_6,civil_procedure_diversity,civil_procedure_diversity,Yes,"Charlotte is from Utah. Liam is from New York. Oliver is from South Carolina. Evelyn is from Georgia. Charlotte and Liam both sue Oliver for negligence for $51,000 and trademark infringement for $59,0..."
diversity_6__test__163,diversity_6,civil_procedure_diversity,civil_procedure_diversity,Yes,"Elijah is from Oklahoma. Ava is from North Carolina. Theodore is from New York. William is from Colorado. Elijah and Ava both sue Theodore for copyright infringement for $42,000 and trademark infringe..."
diversity_6__test__164,diversity_6,civil_procedure_diversity,civil_procedure_diversity,Yes,"Emma is from California. Harper is from Kentucky. Theodore is from Alaska. Mia is from Kansas. Emma and Harper both sue Theodore for trespass for $40,000 and wrongful eviction for $78,000. Emma and Ha..."
diversity_6__test__165,diversity_6,civil_procedure_diversity,civil_procedure_diversity,Yes,"Mia is from Arkansas. Olivia is from Alaska. James is from Washington. Noah is from North Dakota. Mia and Olivia both sue James for negligence for $71,000 and legal malpractice for $24,000. Mia and Ol..."
diversity_6__test__166,diversity_6,civil_procedure_diversity,civil_procedure_diversity,Yes,"Henry is from Ohio. Isabella is from Kentucky. Harper is from Michigan. Sophia is from Delaware. Henry and Isabella both sue Harper for copyright infringement for $5,000 and securities fraud for $92,0..."
diversity_6__test__167,diversity_6,civil_procedure_diversity,civil_procedure_diversity,No,"Charlotte is from Mississippi. Sophia is from Arkansas. Noah is from West Virginia. James is from Mississippi. Charlotte and Sophia both sue Noah for legal malpractice for $37,000 and copyright infrin..."
diversity_6__test__168,diversity_6,civil_procedure_diversity,civil_procedure_diversity,Yes,"Theodore is from Nevada. Noah is from Pennsylvania. Olivia is from Ohio. Amelia is from Rhode Island. Theodore and Noah both sue Olivia for legal malpractice for $28,000 and wrongful eviction for $85,..."
diversity_6__test__169,diversity_6,civil_procedure_diversity,civil_procedure_diversity,Yes,"Oliver is from Kansas. James is from Hawaii. Charlotte is from Arkansas. Liam is from Louisiana. Oliver and James both sue Charlotte for trespass for $25,000 and defamation for $69,000. Oliver and Jam..."
diversity_6__test__170,diversity_6,civil_procedure_diversity,civil_procedure_diversity,Yes,"Oliver is from Ohio. Henry is from Iowa. Noah is from Idaho. Harper is from Alaska. Oliver and Henry both sue Noah for securities fraud for $32,000 and wrongful eviction for $56,000. Oliver and Henry ..."
diversity_6__test__171,diversity_6,civil_procedure_diversity,civil_procedure_diversity,No,"Oliver is from Texas. Amelia is from Kentucky. Theodore is from Oklahoma. Lucas is from Texas. Oliver and Amelia both sue Theodore for trademark infringement for $22,000 and trespass for $93,000. Oliv..."
diversity_6__test__172,diversity_6,civil_procedure_diversity,civil_procedure_diversity,Yes,"Emma is from Montana. Mia is from Mississippi. James is from South Dakota. Ava is from Nebraska. Emma and Mia both sue James for trademark infringement for $38,000 and legal malpractice for $51,000. E..."
diversity_6__test__173,diversity_6,civil_procedure_diversity,civil_procedure_diversity,No,"Liam is from Washington. Harper is from Hawaii. Elijah is from Oregon. Theodore is from Illinois. Liam and Harper both sue Elijah for medical malpractice for $34,000 and copyright infringement for $8,..."
diversity_6__test__174,diversity_6,civil_procedure_diversity,civil_procedure_diversity,Yes,"Noah is from Vermont. Oliver is from Kentucky. Emma is from Colorado. Henry is from Idaho. Noah and Oliver both sue Emma for wrongful eviction for $51,000 and defamation for $34,000. Noah and Oliver b..."
diversity_6__test__175,diversity_6,civil_procedure_diversity,civil_procedure_diversity,Yes,"Mia is from Georgia. Charlotte is from Wisconsin. Ava is from Montana. Isabella is from New Jersey. Mia and Charlotte both sue Ava for negligence for $41,000 and copyright infringement for $73,000. Mi..."
diversity_6__test__176,diversity_6,civil_procedure_diversity,civil_procedure_diversity,No,"Charlotte is from Maryland. Emma is from Michigan. Evelyn is from Mississippi. Theodore is from Maryland. Charlotte and Emma both sue Evelyn for trespass for $53,000 and legal malpractice for $95,000...."
diversity_6__test__177,diversity_6,civil_procedure_diversity,civil_procedure_diversity,Yes,"Liam is from South Carolina. Isabella is from Arizona. Benjamin is from Kansas. Theodore is from Massachusetts. Liam and Isabella both sue Benjamin for copyright infringement for $48,000 and breach of..."
diversity_6__test__178,diversity_6,civil_procedure_diversity,civil_procedure_diversity,Yes,"Charlotte is from Missouri. Emma is from Michigan. Liam is from Massachusetts. Henry is from Colorado. Charlotte and Emma both sue Liam for trespass for $21,000 and copyright infringement for $92,000...."
diversity_6__test__179,diversity_6,civil_procedure_diversity,civil_procedure_diversity,No,"Benjamin is from West Virginia. Theodore is from Massachusetts. Ava is from Texas. Oliver is from Virginia. Benjamin and Theodore both sue Ava for trademark infringement for $15,000 and copyright infr..."
diversity_6__test__180,diversity_6,civil_procedure_diversity,civil_procedure_diversity,Yes,"James is from North Dakota. Theodore is from North Carolina. Noah is from Mississippi. Harper is from Colorado. James and Theodore both sue Noah for securities fraud for $29,000 and trespass for $84,0..."
diversity_6__test__181,diversity_6,civil_procedure_diversity,civil_procedure_diversity,No,"James is from Vermont. Charlotte is from Missouri. Harper is from Arkansas. Oliver is from Vermont. James and Charlotte both sue Harper for trespass for $58,000 and patent infringement for $87,000. Ja..."
diversity_6__test__182,diversity_6,civil_procedure_diversity,civil_procedure_diversity,Yes,"Evelyn is from Arkansas. Liam is from South Carolina. Isabella is from Maryland. Theodore is from Hawaii. Evelyn and Liam both sue Isabella for copyright infringement for $60,000 and defamation for $4..."
diversity_6__test__183,diversity_6,civil_procedure_diversity,civil_procedure_diversity,No,"Elijah is from Massachusetts. Harper is from Mississippi. Olivia is from California. Ava is from Mississippi. Elijah and Harper both sue Olivia for copyright infringement for $71,000 and legal malprac..."
diversity_6__test__184,diversity_6,civil_procedure_diversity,civil_procedure_diversity,Yes,"Isabella is from Oklahoma. Sophia is from Tennessee. Noah is from New York. Ava is from North Dakota. Isabella and Sophia both sue Noah for copyright infringement for $1,000 and negligence for $78,000..."
diversity_6__test__185,diversity_6,civil_procedure_diversity,civil_procedure_diversity,No,"Theodore is from South Dakota. Liam is from Hawaii. Evelyn is from West Virginia. Isabella is from South Dakota. Theodore and Liam both sue Evelyn for copyright infringement for $44,000 and wrongful e..."
diversity_6__test__186,diversity_6,civil_procedure_diversity,civil_procedure_diversity,No,"Ava is from Pennsylvania. Benjamin is from Maryland. Mia is from Maine. William is from Pennsylvania. Ava and Benjamin both sue Mia for patent infringement for $26,000 and wrongful eviction for $83,00..."
diversity_6__test__187,diversity_6,civil_procedure_diversity,civil_procedure_diversity,Yes,"Evelyn is from North Dakota. William is from Massachusetts. Isabella is from Minnesota. Charlotte is from Montana. Evelyn and William both sue Isabella for trademark infringement for $31,000 and copyr..."
diversity_6__test__188,diversity_6,civil_procedure_diversity,civil_procedure_diversity,No,"Elijah is from New Hampshire. Evelyn is from New Mexico. Olivia is from Kansas. Sophia is from New Mexico. Elijah and Evelyn both sue Olivia for securities fraud for $49,000 and wrongful eviction for ..."
diversity_6__test__189,diversity_6,civil_procedure_diversity,civil_procedure_diversity,Yes,"Charlotte is from New Jersey. Harper is from Illinois. Lucas is from New Mexico. Theodore is from Georgia. Charlotte and Harper both sue Lucas for copyright infringement for $26,000 and securities fra..."
diversity_6__test__190,diversity_6,civil_procedure_diversity,civil_procedure_diversity,No,"Evelyn is from Colorado. Harper is from Pennsylvania. William is from Mississippi. Liam is from Colorado. Evelyn and Harper both sue William for securities fraud for $65,000 and patent infringement fo..."
diversity_6__test__191,diversity_6,civil_procedure_diversity,civil_procedure_diversity,Yes,"Noah is from Michigan. Benjamin is from Idaho. Sophia is from Wyoming. Liam is from Iowa. Noah and Benjamin both sue Sophia for trademark infringement for $70,000 and defamation for $58,000. Noah and ..."
diversity_6__test__192,diversity_6,civil_procedure_diversity,civil_procedure_diversity,Yes,"Olivia is from Iowa. James is from Virginia. Elijah is from Montana. Isabella is from Arkansas. Olivia and James both sue Elijah for securities fraud for $66,000 and copyright infringement for $38,000..."
diversity_6__test__193,diversity_6,civil_procedure_diversity,civil_procedure_diversity,No,"Elijah is from Tennessee. Harper is from Indiana. Sophia is from Michigan. Benjamin is from Tennessee. Elijah and Harper both sue Sophia for trademark infringement for $61,000 and medical malpractice ..."
diversity_6__test__194,diversity_6,civil_procedure_diversity,civil_procedure_diversity,No,"Elijah is from New York. Benjamin is from New Mexico. Henry is from Wisconsin. Sophia is from New York. Elijah and Benjamin both sue Henry for securities fraud for $58,000 and medical malpractice for ..."
diversity_6__test__195,diversity_6,civil_procedure_diversity,civil_procedure_diversity,Yes,"Ava is from West Virginia. William is from Missouri. Emma is from California. Liam is from Kentucky. Ava and William both sue Emma for defamation for $16,000 and wrongful eviction for $82,000. Ava and..."
diversity_6__test__196,diversity_6,civil_procedure_diversity,civil_procedure_diversity,Yes,"Harper is from Mississippi. Noah is from Utah. Sophia is from California. Amelia is from Wisconsin. Harper and Noah both sue Sophia for securities fraud for $42,000 and breach of contract for $91,000...."
diversity_6__test__197,diversity_6,civil_procedure_diversity,civil_procedure_diversity,Yes,"Amelia is from Idaho. Elijah is from Michigan. Lucas is from Nevada. James is from Oregon. Amelia and Elijah both sue Lucas for trademark infringement for $66,000 and legal malpractice for $61,000. Am..."
diversity_6__test__198,diversity_6,civil_procedure_diversity,civil_procedure_diversity,No,"Evelyn is from Kentucky. Noah is from Illinois. Mia is from Alabama. Lucas is from Illinois. Evelyn and Noah both sue Mia for negligence for $15,000 and medical malpractice for $97,000. Evelyn and Noa..."
diversity_6__test__199,diversity_6,civil_procedure_diversity,civil_procedure_diversity,Yes,"Harper is from Minnesota. Charlotte is from Rhode Island. Ava is from Hawaii. Isabella is from New Jersey. Harper and Charlotte both sue Ava for breach of contract for $52,000 and medical malpractice ..."
diversity_6__test__200,diversity_6,civil_procedure_diversity,civil_procedure_diversity,Yes,"Emma is from Maryland. Evelyn is from Louisiana. Henry is from Idaho. Noah is from Arkansas. Emma and Evelyn both sue Henry for legal malpractice for $15,000 and trademark infringement for $91,000. Em..."
diversity_6__test__201,diversity_6,civil_procedure_diversity,civil_procedure_diversity,No,"Mia is from Wisconsin. Olivia is from Idaho. James is from Maine. Isabella is from Idaho. Mia and Olivia both sue James for negligence for $46,000 and trademark infringement for $60,000. Mia and Olivi..."
diversity_6__test__202,diversity_6,civil_procedure_diversity,civil_procedure_diversity,Yes,"Olivia is from Maryland. Oliver is from Hawaii. Lucas is from Arkansas. Emma is from New Jersey. Olivia and Oliver both sue Lucas for medical malpractice for $68,000 and breach of contract for $99,000..."
diversity_6__test__203,diversity_6,civil_procedure_diversity,civil_procedure_diversity,Yes,"Charlotte is from Oklahoma. Lucas is from Arizona. Sophia is from New Mexico. William is from Vermont. Charlotte and Lucas both sue Sophia for medical malpractice for $39,000 and trademark infringemen..."
diversity_6__test__204,diversity_6,civil_procedure_diversity,civil_procedure_diversity,Yes,"Olivia is from New York. Ava is from Hawaii. Lucas is from California. Theodore is from Nevada. Olivia and Ava both sue Lucas for securities fraud for $27,000 and wrongful eviction for $93,000. Olivia..."
diversity_6__test__205,diversity_6,civil_procedure_diversity,civil_procedure_diversity,Yes,"Sophia is from Louisiana. Theodore is from Connecticut. Amelia is from Oregon. Henry is from Vermont. Sophia and Theodore both sue Amelia for patent infringement for $13,000 and medical malpractice fo..."
diversity_6__test__206,diversity_6,civil_procedure_diversity,civil_procedure_diversity,No,"Isabella is from Iowa. Benjamin is from Montana. Harper is from Arkansas. Emma is from Arizona. Isabella and Benjamin both sue Harper for breach of contract for $3,000 and defamation for $10,000. Isab..."
diversity_6__test__207,diversity_6,civil_procedure_diversity,civil_procedure_diversity,No,"Henry is from North Carolina. Amelia is from Arizona. Isabella is from Oregon. Elijah is from Massachusetts. Henry and Amelia both sue Isabella for patent infringement for $38,000 and medical malpract..."
diversity_6__test__208,diversity_6,civil_procedure_diversity,civil_procedure_diversity,No,"Theodore is from Montana. William is from Vermont. James is from Nevada. Charlotte is from Vermont. Theodore and William both sue James for breach of contract for $17,000 and defamation for $5,000. Th..."
diversity_6__test__209,diversity_6,civil_procedure_diversity,civil_procedure_diversity,Yes,"Elijah is from Oregon. Liam is from Florida. Harper is from Hawaii. James is from Arkansas. Elijah and Liam both sue Harper for trespass for $52,000 and copyright infringement for $77,000. Elijah and ..."
diversity_6__test__210,diversity_6,civil_procedure_diversity,civil_procedure_diversity,No,"Ava is from Arkansas. Oliver is from New York. Amelia is from Kansas. Charlotte is from Michigan. Ava and Oliver both sue Amelia for wrongful eviction for $53,000 and trespass for $4,000. Ava and Oliv..."
diversity_6__test__211,diversity_6,civil_procedure_diversity,civil_procedure_diversity,Yes,"Ava is from Mississippi. Olivia is from Utah. Lucas is from South Carolina. Noah is from New Jersey. Ava and Olivia both sue Lucas for securities fraud for $74,000 and legal malpractice for $24,000. A..."
diversity_6__test__212,diversity_6,civil_procedure_diversity,civil_procedure_diversity,Yes,"Theodore is from Pennsylvania. Olivia is from West Virginia. Elijah is from South Carolina. Noah is from Virginia. Theodore and Olivia both sue Elijah for legal malpractice for $34,000 and securities ..."
diversity_6__test__213,diversity_6,civil_procedure_diversity,civil_procedure_diversity,No,"Henry is from Florida. Evelyn is from Colorado. Olivia is from Iowa. Charlotte is from Colorado. Henry and Evelyn both sue Olivia for trespass for $23,000 and legal malpractice for $84,000. Henry and ..."
diversity_6__test__214,diversity_6,civil_procedure_diversity,civil_procedure_diversity,Yes,"Amelia is from Oregon. Oliver is from Indiana. William is from Georgia. Noah is from New Hampshire. Amelia and Oliver both sue William for copyright infringement for $20,000 and trademark infringement..."
diversity_6__test__215,diversity_6,civil_procedure_diversity,civil_procedure_diversity,No,"Henry is from Massachusetts. Liam is from Oklahoma. Amelia is from Colorado. Sophia is from Massachusetts. Henry and Liam both sue Amelia for defamation for $74,000 and medical malpractice for $71,000..."
diversity_6__test__216,diversity_6,civil_procedure_diversity,civil_procedure_diversity,Yes,"Evelyn is from Connecticut. Amelia is from Michigan. Noah is from Minnesota. Emma is from Mississippi. Evelyn and Amelia both sue Noah for copyright infringement for $3,000 and trespass for $95,000. E..."
diversity_6__test__217,diversity_6,civil_procedure_diversity,civil_procedure_diversity,No,"Oliver is from Delaware. Isabella is from Illinois. Charlotte is from Washington. Evelyn is from Virginia. Oliver and Isabella both sue Charlotte for defamation for $58,000 and securities fraud for $1..."
diversity_6__test__218,diversity_6,civil_procedure_diversity,civil_procedure_diversity,No,"Charlotte is from California. Mia is from Wyoming. Noah is from Maine. Sophia is from Wyoming. Charlotte and Mia both sue Noah for medical malpractice for $57,000 and patent infringement for $1,000. C..."
diversity_6__test__219,diversity_6,civil_procedure_diversity,civil_procedure_diversity,Yes,"Liam is from Connecticut. Isabella is from Massachusetts. Benjamin is from Kansas. Theodore is from Wisconsin. Liam and Isabella both sue Benjamin for patent infringement for $51,000 and wrongful evic..."
diversity_6__test__220,diversity_6,civil_procedure_diversity,civil_procedure_diversity,No,"Ava is from Georgia. Noah is from North Carolina. Lucas is from Connecticut. Evelyn is from North Carolina. Ava and Noah both sue Lucas for trespass for $70,000 and defamation for $97,000. Ava and Noa..."
diversity_6__test__221,diversity_6,civil_procedure_diversity,civil_procedure_diversity,No,"Benjamin is from North Dakota. Noah is from Minnesota. Elijah is from Nevada. Sophia is from Minnesota. Benjamin and Noah both sue Elijah for trespass for $22,000 and patent infringement for $80,000. ..."
diversity_6__test__222,diversity_6,civil_procedure_diversity,civil_procedure_diversity,Yes,"Elijah is from Vermont. James is from Rhode Island. Lucas is from New Hampshire. Charlotte is from Illinois. Elijah and James both sue Lucas for wrongful eviction for $10,000 and patent infringement f..."
diversity_6__test__223,diversity_6,civil_procedure_diversity,civil_procedure_diversity,No,"Theodore is from Mississippi. Olivia is from Washington. Henry is from Florida. William is from West Virginia. Theodore and Olivia both sue Henry for securities fraud for $67,000 and negligence for $2..."
diversity_6__test__224,diversity_6,civil_procedure_diversity,civil_procedure_diversity,Yes,"Henry is from North Carolina. Sophia is from Connecticut. Noah is from Kentucky. Benjamin is from Massachusetts. Henry and Sophia both sue Noah for wrongful eviction for $74,000 and defamation for $3,..."
diversity_6__test__225,diversity_6,civil_procedure_diversity,civil_procedure_diversity,Yes,"Mia is from Oklahoma. Sophia is from Michigan. Noah is from Arizona. William is from Georgia. Mia and Sophia both sue Noah for breach of contract for $54,000 and medical malpractice for $32,000. Mia a..."
diversity_6__test__226,diversity_6,civil_procedure_diversity,civil_procedure_diversity,Yes,"Olivia is from Rhode Island. Amelia is from New Jersey. Benjamin is from Kentucky. Harper is from Missouri. Olivia and Amelia both sue Benjamin for trespass for $60,000 and negligence for $76,000. Oli..."
diversity_6__test__227,diversity_6,civil_procedure_diversity,civil_procedure_diversity,Yes,"Emma is from Arizona. Noah is from New York. Ava is from South Carolina. Amelia is from Idaho. Emma and Noah both sue Ava for securities fraud for $23,000 and defamation for $89,000. Emma and Noah bot..."
diversity_6__test__228,diversity_6,civil_procedure_diversity,civil_procedure_diversity,Yes,"Elijah is from South Carolina. Benjamin is from California. Ava is from Mississippi. Evelyn is from New York. Elijah and Benjamin both sue Ava for trademark infringement for $28,000 and securities fra..."
diversity_6__test__229,diversity_6,civil_procedure_diversity,civil_procedure_diversity,No,"Elijah is from Ohio. Amelia is from Virginia. Harper is from New Hampshire. James is from South Carolina. Elijah and Amelia both sue Harper for legal malpractice for $67,000 and medical malpractice fo..."
diversity_6__test__230,diversity_6,civil_procedure_diversity,civil_procedure_diversity,Yes,"Emma is from North Carolina. Mia is from South Carolina. Oliver is from Delaware. Elijah is from Nevada. Emma and Mia both sue Oliver for defamation for $50,000 and securities fraud for $92,000. Emma ..."
diversity_6__test__231,diversity_6,civil_procedure_diversity,civil_procedure_diversity,No,"Mia is from Indiana. Harper is from Nebraska. Emma is from South Carolina. Theodore is from Texas. Mia and Harper both sue Emma for legal malpractice for $47,000 and defamation for $2,000. Mia and Har..."
diversity_6__test__232,diversity_6,civil_procedure_diversity,civil_procedure_diversity,No,"Liam is from Nebraska. Olivia is from Vermont. Charlotte is from Missouri. Emma is from Alabama. Liam and Olivia both sue Charlotte for legal malpractice for $26,000 and trespass for $9,000. Liam and ..."
diversity_6__test__233,diversity_6,civil_procedure_diversity,civil_procedure_diversity,No,"Charlotte is from Delaware. Evelyn is from Alabama. Isabella is from Texas. Mia is from Tennessee. Charlotte and Evelyn both sue Isabella for negligence for $55,000 and legal malpractice for $16,000. ..."
diversity_6__test__234,diversity_6,civil_procedure_diversity,civil_procedure_diversity,Yes,"Charlotte is from Iowa. Henry is from Texas. Elijah is from Illinois. James is from Georgia. Charlotte and Henry both sue Elijah for trespass for $24,000 and defamation for $82,000. Charlotte and Henr..."
diversity_6__test__235,diversity_6,civil_procedure_diversity,civil_procedure_diversity,No,"James is from Oklahoma. Henry is from Montana. Lucas is from Iowa. Theodore is from Oklahoma. James and Henry both sue Lucas for breach of contract for $73,000 and negligence for $43,000. James and He..."
diversity_6__test__236,diversity_6,civil_procedure_diversity,civil_procedure_diversity,Yes,"Mia is from Montana. Harper is from Texas. Henry is from New York. Theodore is from Wyoming. Mia and Harper both sue Henry for securities fraud for $71,000 and patent infringement for $11,000. Mia and..."
diversity_6__test__237,diversity_6,civil_procedure_diversity,civil_procedure_diversity,Yes,"Benjamin is from Nebraska. Mia is from Kentucky. Harper is from California. Charlotte is from Texas. Benjamin and Mia both sue Harper for legal malpractice for $28,000 and copyright infringement for $..."
diversity_6__test__238,diversity_6,civil_procedure_diversity,civil_procedure_diversity,Yes,"Noah is from North Dakota. Emma is from Kansas. William is from Arizona. Oliver is from Utah. Noah and Emma both sue William for patent infringement for $10,000 and wrongful eviction for $79,000. Noah..."
diversity_6__test__239,diversity_6,civil_procedure_diversity,civil_procedure_diversity,Yes,"Theodore is from West Virginia. Elijah is from Wisconsin. Noah is from Nebraska. Oliver is from Virginia. Theodore and Elijah both sue Noah for securities fraud for $50,000 and legal malpractice for $..."
diversity_6__test__240,diversity_6,civil_procedure_diversity,civil_procedure_diversity,No,"Emma is from Maryland. Benjamin is from Nebraska. Harper is from Arizona. Charlotte is from Nebraska. Emma and Benjamin both sue Harper for patent infringement for $17,000 and negligence for $11,000. ..."
diversity_6__test__241,diversity_6,civil_procedure_diversity,civil_procedure_diversity,No,"Charlotte is from Nebraska. Amelia is from Delaware. Henry is from Connecticut. Elijah is from New York. Charlotte and Amelia both sue Henry for negligence for $63,000 and securities fraud for $7,000...."
diversity_6__test__242,diversity_6,civil_procedure_diversity,civil_procedure_diversity,Yes,"Noah is from Rhode Island. Liam is from Texas. Benjamin is from Hawaii. Sophia is from Idaho. Noah and Liam both sue Benjamin for defamation for $31,000 and medical malpractice for $92,000. Noah and L..."
diversity_6__test__243,diversity_6,civil_procedure_diversity,civil_procedure_diversity,Yes,"Lucas is from South Carolina. Sophia is from Minnesota. Liam is from Illinois. James is from Nevada. Lucas and Sophia both sue Liam for defamation for $40,000 and trespass for $70,000. Lucas and Sophi..."
diversity_6__test__244,diversity_6,civil_procedure_diversity,civil_procedure_diversity,No,"Elijah is from Colorado. Theodore is from Wyoming. Noah is from Hawaii. William is from Wyoming. Elijah and Theodore both sue Noah for breach of contract for $31,000 and trespass for $52,000. Elijah a..."
diversity_6__test__245,diversity_6,civil_procedure_diversity,civil_procedure_diversity,Yes,"Elijah is from Tennessee. Lucas is from Rhode Island. Theodore is from West Virginia. William is from Delaware. Elijah and Lucas both sue Theodore for securities fraud for $1,000 and trademark infring..."
diversity_6__test__246,diversity_6,civil_procedure_diversity,civil_procedure_diversity,Yes,"Ava is from Michigan. Mia is from South Carolina. Olivia is from Kentucky. Harper is from Montana. Ava and Mia both sue Olivia for wrongful eviction for $34,000 and patent infringement for $66,000. Av..."
diversity_6__test__247,diversity_6,civil_procedure_diversity,civil_procedure_diversity,Yes,"Mia is from Oregon. Isabella is from Colorado. Amelia is from Utah. Noah is from Connecticut. Mia and Isabella both sue Amelia for legal malpractice for $5,000 and wrongful eviction for $94,000. Mia a..."
diversity_6__test__248,diversity_6,civil_procedure_diversity,civil_procedure_diversity,No,"Oliver is from Delaware. Benjamin is from Florida. William is from Rhode Island. Henry is from Illinois. Oliver and Benjamin both sue William for trademark infringement for $49,000 and medical malprac..."
diversity_6__test__249,diversity_6,civil_procedure_diversity,civil_procedure_diversity,No,"Sophia is from New Hampshire. Harper is from Georgia. Emma is from Alabama. Benjamin is from Georgia. Sophia and Harper both sue Emma for patent infringement for $5,000 and negligence for $86,000. Sop..."
diversity_6__test__250,diversity_6,civil_procedure_diversity,civil_procedure_diversity,Yes,"Elijah is from Maine. Ava is from Alaska. Harper is from Indiana. Olivia is from New York. Elijah and Ava both sue Harper for legal malpractice for $10,000 and negligence for $77,000. Elijah and Ava b..."
diversity_6__test__251,diversity_6,civil_procedure_diversity,civil_procedure_diversity,Yes,"Lucas is from Iowa. Elijah is from Illinois. Isabella is from Tennessee. Evelyn is from Montana. Lucas and Elijah both sue Isabella for securities fraud for $16,000 and copyright infringement for $68,..."
diversity_6__test__252,diversity_6,civil_procedure_diversity,civil_procedure_diversity,No,"William is from Wyoming. Charlotte is from Texas. Noah is from Alabama. Amelia is from Wyoming. William and Charlotte both sue Noah for breach of contract for $1,000 and securities fraud for $89,000. ..."
diversity_6__test__253,diversity_6,civil_procedure_diversity,civil_procedure_diversity,No,"Liam is from Florida. Ava is from Maine. Noah is from New York. Henry is from Florida. Liam and Ava both sue Noah for legal malpractice for $74,000 and copyright infringement for $20,000. Liam and Ava..."
diversity_6__test__254,diversity_6,civil_procedure_diversity,civil_procedure_diversity,No,"Noah is from Kentucky. Isabella is from New Mexico. James is from Nevada. Henry is from Montana. Noah and Isabella both sue James for legal malpractice for $52,000 and trespass for $23,000. Noah and I..."
diversity_6__test__255,diversity_6,civil_procedure_diversity,civil_procedure_diversity,No,"Henry is from Michigan. Lucas is from South Dakota. Amelia is from Indiana. Elijah is from Michigan. Henry and Lucas both sue Amelia for wrongful eviction for $2,000 and trademark infringement for $62..."
diversity_6__test__256,diversity_6,civil_procedure_diversity,civil_procedure_diversity,Yes,"Mia is from Florida. Noah is from Virginia. Henry is from Mississippi. Sophia is from Utah. Mia and Noah both sue Henry for breach of contract for $20,000 and trespass for $82,000. Mia and Noah both s..."
diversity_6__test__257,diversity_6,civil_procedure_diversity,civil_procedure_diversity,No,"Noah is from South Carolina. Olivia is from Missouri. Oliver is from Wyoming. Evelyn is from South Carolina. Noah and Olivia both sue Oliver for defamation for $62,000 and legal malpractice for $98,00..."
diversity_6__test__258,diversity_6,civil_procedure_diversity,civil_procedure_diversity,No,"Theodore is from Ohio. Elijah is from Colorado. Henry is from Georgia. Amelia is from Rhode Island. Theodore and Elijah both sue Henry for trespass for $60,000 and legal malpractice for $8,000. Theodo..."
diversity_6__test__259,diversity_6,civil_procedure_diversity,civil_procedure_diversity,No,"Lucas is from Utah. Elijah is from Pennsylvania. Ava is from Idaho. Emma is from Florida. Lucas and Elijah both sue Ava for medical malpractice for $38,000 and patent infringement for $12,000. Lucas a..."
diversity_6__test__260,diversity_6,civil_procedure_diversity,civil_procedure_diversity,No,"Oliver is from Arkansas. Henry is from South Dakota. Evelyn is from Maine. Lucas is from Nevada. Oliver and Henry both sue Evelyn for trespass for $18,000 and negligence for $48,000. Oliver and Henry ..."
diversity_6__test__261,diversity_6,civil_procedure_diversity,civil_procedure_diversity,No,"Charlotte is from Mississippi. Henry is from Oregon. Noah is from Ohio. Isabella is from Mississippi. Charlotte and Henry both sue Noah for medical malpractice for $8,000 and legal malpractice for $14..."
diversity_6__test__262,diversity_6,civil_procedure_diversity,civil_procedure_diversity,Yes,"Evelyn is from Montana. Noah is from New Hampshire. Lucas is from North Dakota. Ava is from Minnesota. Evelyn and Noah both sue Lucas for negligence for $21,000 and medical malpractice for $68,000. Ev..."
diversity_6__test__263,diversity_6,civil_procedure_diversity,civil_procedure_diversity,Yes,"Emma is from Nevada. Oliver is from Colorado. Mia is from Mississippi. Charlotte is from Montana. Emma and Oliver both sue Mia for trademark infringement for $24,000 and breach of contract for $88,000..."
diversity_6__test__264,diversity_6,civil_procedure_diversity,civil_procedure_diversity,No,"Olivia is from Ohio. Theodore is from Michigan. Sophia is from Delaware. Noah is from Ohio. Olivia and Theodore both sue Sophia for patent infringement for $20,000 and defamation for $49,000. Olivia a..."
diversity_6__test__265,diversity_6,civil_procedure_diversity,civil_procedure_diversity,No,"James is from Nebraska. Amelia is from Virginia. Charlotte is from Oregon. Liam is from North Carolina. James and Amelia both sue Charlotte for trademark infringement for $73,000 and wrongful eviction..."
diversity_6__test__266,diversity_6,civil_procedure_diversity,civil_procedure_diversity,No,"William is from Wisconsin. Isabella is from Kentucky. Elijah is from Louisiana. Olivia is from North Carolina. William and Isabella both sue Elijah for trespass for $53,000 and securities fraud for $1..."
diversity_6__test__267,diversity_6,civil_procedure_diversity,civil_procedure_diversity,Yes,"Lucas is from Alaska. Evelyn is from Connecticut. Mia is from North Carolina. Isabella is from Washington. Lucas and Evelyn both sue Mia for negligence for $31,000 and defamation for $90,000. Lucas an..."
diversity_6__test__268,diversity_6,civil_procedure_diversity,civil_procedure_diversity,Yes,"Oliver is from Texas. Henry is from Minnesota. Isabella is from Colorado. Amelia is from Iowa. Oliver and Henry both sue Isabella for copyright infringement for $8,000 and wrongful eviction for $84,00..."
diversity_6__test__269,diversity_6,civil_procedure_diversity,civil_procedure_diversity,No,"Emma is from New Mexico. Harper is from Connecticut. Ava is from Tennessee. William is from Oregon. Emma and Harper both sue Ava for trademark infringement for $22,000 and medical malpractice for $44,..."
diversity_6__test__270,diversity_6,civil_procedure_diversity,civil_procedure_diversity,Yes,"Noah is from Illinois. Charlotte is from Indiana. Ava is from Montana. Oliver is from North Dakota. Noah and Charlotte both sue Ava for medical malpractice for $45,000 and legal malpractice for $70,00..."
diversity_6__test__271,diversity_6,civil_procedure_diversity,civil_procedure_diversity,Yes,"Benjamin is from Nevada. Emma is from Nebraska. Evelyn is from Washington. Liam is from Kentucky. Benjamin and Emma both sue Evelyn for securities fraud for $65,000 and negligence for $85,000. Benjami..."
diversity_6__test__272,diversity_6,civil_procedure_diversity,civil_procedure_diversity,Yes,"Henry is from Massachusetts. Sophia is from Alabama. Emma is from Alaska. Liam is from Virginia. Henry and Sophia both sue Emma for legal malpractice for $26,000 and breach of contract for $54,000. He..."
diversity_6__test__273,diversity_6,civil_procedure_diversity,civil_procedure_diversity,No,"James is from Wyoming. Theodore is from Texas. William is from Arkansas. Lucas is from Texas. James and Theodore both sue William for defamation for $9,000 and medical malpractice for $85,000. James a..."
diversity_6__test__274,diversity_6,civil_procedure_diversity,civil_procedure_diversity,Yes,"Ava is from Texas. Amelia is from Michigan. Theodore is from North Carolina. Isabella is from Tennessee. Ava and Amelia both sue Theodore for patent infringement for $41,000 and wrongful eviction for ..."
diversity_6__test__275,diversity_6,civil_procedure_diversity,civil_procedure_diversity,Yes,"Harper is from Colorado. Lucas is from Connecticut. Sophia is from Alabama. Henry is from South Dakota. Harper and Lucas both sue Sophia for negligence for $43,000 and defamation for $99,000. Harper a..."
diversity_6__test__276,diversity_6,civil_procedure_diversity,civil_procedure_diversity,Yes,"Charlotte is from Missouri. Oliver is from Tennessee. Lucas is from Pennsylvania. Theodore is from Illinois. Charlotte and Oliver both sue Lucas for legal malpractice for $69,000 and securities fraud ..."
diversity_6__test__277,diversity_6,civil_procedure_diversity,civil_procedure_diversity,No,"Isabella is from Kansas. Evelyn is from Indiana. Noah is from Alaska. William is from Minnesota. Isabella and Evelyn both sue Noah for copyright infringement for $34,000 and breach of contract for $5,..."
diversity_6__test__278,diversity_6,civil_procedure_diversity,civil_procedure_diversity,No,"Benjamin is from Arkansas. Henry is from Missouri. Emma is from Tennessee. Noah is from Rhode Island. Benjamin and Henry both sue Emma for wrongful eviction for $8,000 and securities fraud for $5,000...."
diversity_6__test__279,diversity_6,civil_procedure_diversity,civil_procedure_diversity,Yes,"Charlotte is from Arizona. Ava is from Connecticut. Liam is from Nevada. Sophia is from North Dakota. Charlotte and Ava both sue Liam for negligence for $46,000 and securities fraud for $85,000. Charl..."
diversity_6__test__280,diversity_6,civil_procedure_diversity,civil_procedure_diversity,Yes,"Elijah is from Pennsylvania. Evelyn is from Texas. Oliver is from New Mexico. Amelia is from Montana. Elijah and Evelyn both sue Oliver for patent infringement for $73,000 and securities fraud for $98..."
diversity_6__test__281,diversity_6,civil_procedure_diversity,civil_procedure_diversity,No,"Olivia is from Alabama. Ava is from Vermont. Amelia is from Washington. Lucas is from Louisiana. Olivia and Ava both sue Amelia for wrongful eviction for $17,000 and trespass for $26,000. Olivia and A..."
diversity_6__test__282,diversity_6,civil_procedure_diversity,civil_procedure_diversity,No,"Olivia is from Indiana. Mia is from Maryland. William is from Georgia. Benjamin is from Alabama. Olivia and Mia both sue William for medical malpractice for $54,000 and patent infringement for $10,000..."
diversity_6__test__283,diversity_6,civil_procedure_diversity,civil_procedure_diversity,Yes,"Amelia is from Michigan. Benjamin is from Tennessee. Liam is from West Virginia. William is from Colorado. Amelia and Benjamin both sue Liam for copyright infringement for $65,000 and breach of contra..."
diversity_6__test__284,diversity_6,civil_procedure_diversity,civil_procedure_diversity,Yes,"Oliver is from Florida. Evelyn is from Massachusetts. Sophia is from Arizona. Lucas is from Oklahoma. Oliver and Evelyn both sue Sophia for defamation for $46,000 and negligence for $55,000. Oliver an..."
diversity_6__test__285,diversity_6,civil_procedure_diversity,civil_procedure_diversity,No,"Theodore is from Vermont. Harper is from New Hampshire. Emma is from Idaho. Elijah is from Vermont. Theodore and Harper both sue Emma for negligence for $70,000 and wrongful eviction for $29,000. Theo..."
diversity_6__test__286,diversity_6,civil_procedure_diversity,civil_procedure_diversity,Yes,"Isabella is from Washington. Amelia is from Louisiana. Charlotte is from Montana. Theodore is from Maine. Isabella and Amelia both sue Charlotte for copyright infringement for $15,000 and defamation f..."
diversity_6__test__287,diversity_6,civil_procedure_diversity,civil_procedure_diversity,No,"Lucas is from Nevada. Harper is from Kansas. Noah is from Nebraska. Evelyn is from Michigan. Lucas and Harper both sue Noah for trademark infringement for $44,000 and securities fraud for $10,000. Luc..."
diversity_6__test__288,diversity_6,civil_procedure_diversity,civil_procedure_diversity,No,"Mia is from Vermont. Harper is from Rhode Island. Elijah is from Washington. Sophia is from Rhode Island. Mia and Harper both sue Elijah for copyright infringement for $19,000 and trespass for $73,000..."
diversity_6__test__289,diversity_6,civil_procedure_diversity,civil_procedure_diversity,No,"Liam is from Tennessee. Amelia is from Oregon. Mia is from South Carolina. William is from Tennessee. Liam and Amelia both sue Mia for wrongful eviction for $25,000 and trespass for $74,000. Liam and ..."
diversity_6__test__290,diversity_6,civil_procedure_diversity,civil_procedure_diversity,No,"Liam is from Arizona. Emma is from Kansas. Elijah is from Alabama. Benjamin is from Nebraska. Liam and Emma both sue Elijah for patent infringement for $16,000 and breach of contract for $24,000. Liam..."
diversity_6__test__291,diversity_6,civil_procedure_diversity,civil_procedure_diversity,Yes,"Oliver is from North Carolina. Henry is from Wisconsin. Elijah is from Texas. Liam is from Kansas. Oliver and Henry both sue Elijah for medical malpractice for $45,000 and defamation for $80,000. Oliv..."
diversity_6__test__292,diversity_6,civil_procedure_diversity,civil_procedure_diversity,Yes,"Theodore is from Michigan. Isabella is from Idaho. William is from Tennessee. Ava is from Montana. Theodore and Isabella both sue William for securities fraud for $30,000 and copyright infringement fo..."
diversity_6__test__293,diversity_6,civil_procedure_diversity,civil_procedure_diversity,Yes,"Elijah is from Hawaii. Benjamin is from Connecticut. Noah is from Kentucky. Henry is from Nebraska. Elijah and Benjamin both sue Noah for medical malpractice for $8,000 and copyright infringement for ..."
diversity_6__test__294,diversity_6,civil_procedure_diversity,civil_procedure_diversity,Yes,"Ava is from Indiana. Benjamin is from Connecticut. Theodore is from Hawaii. Liam is from Rhode Island. Ava and Benjamin both sue Theodore for trademark infringement for $45,000 and patent infringement..."
diversity_6__test__295,diversity_6,civil_procedure_diversity,civil_procedure_diversity,Yes,"Olivia is from Colorado. Amelia is from Washington. Benjamin is from Indiana. Theodore is from Illinois. Olivia and Amelia both sue Benjamin for patent infringement for $63,000 and breach of contract ..."
diversity_6__test__296,diversity_6,civil_procedure_diversity,civil_procedure_diversity,Yes,"Mia is from Connecticut. Elijah is from Utah. Ava is from Virginia. William is from Arizona. Mia and Elijah both sue Ava for legal malpractice for $52,000 and patent infringement for $55,000. Mia and ..."
diversity_6__test__297,diversity_6,civil_procedure_diversity,civil_procedure_diversity,Yes,"Oliver is from New York. Benjamin is from Kentucky. Evelyn is from Oklahoma. Noah is from Maryland. Oliver and Benjamin both sue Evelyn for copyright infringement for $23,000 and legal malpractice for..."
diversity_6__test__298,diversity_6,civil_procedure_diversity,civil_procedure_diversity,No,"Benjamin is from Minnesota. Elijah is from Nevada. Amelia is from Missouri. Evelyn is from Minnesota. Benjamin and Elijah both sue Amelia for trademark infringement for $14,000 and breach of contract ..."
diversity_6__test__299,diversity_6,civil_procedure_diversity,civil_procedure_diversity,No,"Harper is from New Jersey. Olivia is from Oregon. Liam is from Maine. Amelia is from New Jersey. Harper and Olivia both sue Liam for patent infringement for $22,000 and trespass for $82,000. Harper an..."
proa__test__5,proa,statutory_private_rights,statutory_private_rights,Yes,A Maryland railroad company that neglects or refuses to comply with the requirements of this section is liable for any resulting injuries to individuals or damages to property.
proa__test__6,proa,statutory_private_rights,statutory_private_rights,Yes,A payor bank is liable to its customer for damages proximately caused by the wrongful dishonor of an item.
proa__test__7,proa,statutory_private_rights,statutory_private_rights,Yes,A person acting as an investment adviser or investment adviser representative that provides investment advice for compensation in violation of the previous subsection is liable to the client.
proa__test__8,proa,statutory_private_rights,statutory_private_rights,Yes,A person may bring a civil action to enforce a claim under this subsection in an appropriate court of competent jurisdiction.
proa__test__9,proa,statutory_private_rights,statutory_private_rights,Yes,A person to whom warranties are made under this Section and who took the item in good faith may recover from the warrantor as damages for breach of warranty an amount equal to the loss suffered as a r...
proa__test__10,proa,statutory_private_rights,statutory_private_rights,Yes,A person who suffers damages as a result of a violation of this section may recover those damages together with reasonable attorney's fees in a civil action under this section.
proa__test__11,proa,statutory_private_rights,statutory_private_rights,Yes,A person whose religious exercise is burdened in violation of this section may assert that violation as a claim or defense in a judicial proceeding and obtain appropriate relief against agovernment. A...
proa__test__12,proa,statutory_private_rights,statutory_private_rights,Yes,A produce wholesaler who violates any provision of this subsection shall be liable to any person injured thereby for the amount of damages sustained in consequence of such violation and such liability...
proa__test__13,proa,statutory_private_rights,statutory_private_rights,Yes,"A residential tenant may bring a civil action for a violation of this section and recover from the landlord $250 or actual damages, whichever is greater, and reasonable attorney's fees."
proa__test__14,proa,statutory_private_rights,statutory_private_rights,Yes,"A service contract holder may bring an action in a court of competent jurisdiction for damages, injunctive relief, restitution, or other appropriate relief for a threatened or existing violation relat..."
proa__test__15,proa,statutory_private_rights,statutory_private_rights,Yes,"An individual who suffers an ascertainable loss by a violation of may bring an action, but only against a person who has directly violated."
proa__test__16,proa,statutory_private_rights,statutory_private_rights,Yes,Any owner or tenant of residential real property shall have a private right of action for damages against any person who installs or affixes a video imaging device on property adjoining such residenti...
proa__test__17,proa,statutory_private_rights,statutory_private_rights,Yes,Any creditor refusing or neglecting to do so for ten (10) days after payment shall be liable to any person injured to the amount of injury and for cost of suit.
proa__test__18,proa,statutory_private_rights,statutory_private_rights,Yes,Any obligor who is aggrieved as a result of a violation of this section may bring a civil contempt proceeding against the employer by filing an appropriate motion in the cause of action from which the...
proa__test__19,proa,statutory_private_rights,statutory_private_rights,Yes,Any person who executes a will disposing of all or part of an estate located in Arkansas may institute an action in the circuit court of the appropriate county of this state for a declaratory judgment...
proa__test__20,proa,statutory_private_rights,statutory_private_rights,Yes,Any person who has received more than one telephone solicitation within any 12 month period by or on behalf of the same person or entity in violation of subsection (c) or (g) of this Code section may ...
proa__test__21,proa,statutory_private_rights,statutory_private_rights,Yes,"Any person who is a victim of human trafficking may bring a civil action against any person who caused, was responsible for or profited from the human trafficking."
proa__test__22,proa,statutory_private_rights,statutory_private_rights,Yes,Any person who is given a polygraph examination and who suffers damages as a result of such polygraph examination having been administered in a negligent manner shall have a cause of action against th...
proa__test__23,proa,statutory_private_rights,statutory_private_rights,Yes,Any person who suffers harm pursuant to this section may recover his or her damages in a civil action against the offender.
proa__test__24,proa,statutory_private_rights,statutory_private_rights,Yes,Every partner who shall be guilty of any fraud in the affairs or business of the partnership shall be liable civilly to the party injured to the extent of his damage.
proa__test__25,proa,statutory_private_rights,statutory_private_rights,Yes,"If a person makes a false return to any such writ he shall be liable to the action of the party aggrieved, and also to any action at common law for false imprisonment or unlawful restraint."
proa__test__26,proa,statutory_private_rights,statutory_private_rights,Yes,"A private cause of action lies against a person who intentionally distributes by any means a photograph, film, videotape, recording, or any other reproduction of another, without the other’s consent."
proa__test__27,proa,statutory_private_rights,statutory_private_rights,Yes,"If an insurer or an insurer's agent issues an insurance policy without authority and the policyholder sustains a loss or damage covered under the policy, the insurer is liable to the policyholder unde..."
proa__test__28,proa,statutory_private_rights,statutory_private_rights,Yes,"If any laborer, without good cause, shall abandon his or her employer before the expiration of his or her contract, he or she shall be liable to his or her employer for the full amount of any account ..."
proa__test__29,proa,statutory_private_rights,statutory_private_rights,Yes,"If the industrial commissioner fails to maintain an action pursuant to subdivision one hereof within fifteen days ofbeing notified by certified mail of such an alleged violation, any industrial homewo..."
proa__test__30,proa,statutory_private_rights,statutory_private_rights,Yes,"In addition to all other penalties, rights, or remedies provided by law, an individual or entity that uses or attempts to use its official authority or influence for the purpose of interfering with th..."
proa__test__31,proa,statutory_private_rights,statutory_private_rights,Yes,"In the event that no injunctive relief is sought or required, any person injured by a violation of Unfair Cigarette Sales Law may maintain an action for damages and costs of suit in any court of gener..."
proa__test__32,proa,statutory_private_rights,statutory_private_rights,Yes,"It shall be unlawful for any person to drive a motor vehicle upon, across or onto the lawn, sidewalk, yard, farmland, crops or fences or other real or personal property of another person, intentionall..."
proa__test__33,proa,statutory_private_rights,statutory_private_rights,Yes,"No employer may discharge any employee by reason of the fact that earnings have been subjected to garnishment or execution. If an employer discharges an employee in violation of this section, the empl..."
proa__test__34,proa,statutory_private_rights,statutory_private_rights,Yes,Nothing in this section prevents a consumer that has accepted a cure offer from bringing a civil action against a creditor or debt collector for failing to timely effect the cure offer.
proa__test__35,proa,statutory_private_rights,statutory_private_rights,Yes,The buyer or the seller may commence legal proceedings against the other party or assert a claim as a counterclaim or defense in an action brought by the seller or buyers after the receipt of the repo...
proa__test__36,proa,statutory_private_rights,statutory_private_rights,Yes,The card holder may commence a civil action if the issuer does not pay to the card holder the amount owed under Subsection (4) within 30 calendar days from the day on which the notice is mailed.
proa__test__37,proa,statutory_private_rights,statutory_private_rights,Yes,The common areas and facilities shall remain undivided. A condominium unit owner or any other person may bring an action for partition or division of any part of the common areas and facilities if the...
proa__test__38,proa,statutory_private_rights,statutory_private_rights,Yes,A private cause of action shall be available to any victim of a violation of this subchapter.
proa__test__39,proa,statutory_private_rights,statutory_private_rights,Yes,The owner of any real property designated as a benefited property in the instrument creating the environmental control easement or the occupant of the benefited real property may maintain an action fo...
proa__test__40,proa,statutory_private_rights,statutory_private_rights,Yes,The person making payment may recover from any warrantor for breach of warranty an amount equal to the amount paid plus expenses and loss of interest resulting from the breach.
proa__test__41,proa,statutory_private_rights,statutory_private_rights,Yes,"The sister state personal representative may bring an action against a holder of the decedent's property, and may be awarded attorney's fees, as provided in subdivision (b) of Section 13105."
proa__test__42,proa,statutory_private_rights,statutory_private_rights,Yes,The tenant shall be liable to the landlord for any damage proximately caused by the tenant's unreasonable refusal to allow access as provided in section 521-53(a) .
proa__test__43,proa,statutory_private_rights,statutory_private_rights,Yes,"Upon a violation of any provision of this act, an aggrieved person may, in addition to any other available remedy, institute civil action in a court of competent jurisdiction, within one year from the..."
proa__test__44,proa,statutory_private_rights,statutory_private_rights,Yes,"Whenever a dog has bitten a human being on at least two separate occasions for which none of the exceptions specified in sectionapply, any person may bring an action against the owner of the dog in th..."
proa__test__45,proa,statutory_private_rights,statutory_private_rights,Yes,"Where an insurer has been soadjudicated to be insolvent, any person who has a cause of action against an insured of such insurer under a liability insurance policy issued by such insurer shall have th..."
proa__test__46,proa,statutory_private_rights,statutory_private_rights,Yes,You have the right to bring a civil action against someone whoviolates your rights under the credit reporting laws. The action can be broughtagainst a consumer-reporting agency.
proa__test__47,proa,statutory_private_rights,statutory_private_rights,No,"Any of the defendants in any such attachment, or any party to any forthcoming bond given as aforesaid, or the officer who may be liable to the plaintiff by reason of such bond being adjudged bad, or a..."
proa__test__48,proa,statutory_private_rights,statutory_private_rights,No,"No pharmacist, certified pharmacy technician, or pharmacy employee who in good faith reports suspected violations as provided for in this Part shall be liable to any person or entity for any claim of ..."
proa__test__49,proa,statutory_private_rights,statutory_private_rights,No,"Such notice may be served in the manner in which process may be served, or in lieu thereof, may be sent by registered mail to the Port Authority at its principal office. Application for such leave mus..."
proa__test__50,proa,statutory_private_rights,statutory_private_rights,No,Neither the members nor the officers of the authority nor any person executing bonds shall be liable personally thereon or be subject to any personal liability or accountability by reason of the issua...
proa__test__51,proa,statutory_private_rights,statutory_private_rights,No,The administrator may bring an action in a court of competent jurisdiction to enforce this chapter.
proa__test__52,proa,statutory_private_rights,statutory_private_rights,No,Evidence that the defendant has paid or been ordered to pay compensatory fines under this section may not be introduced in any civil action arising out of the facts or events which were the basis for ...
proa__test__53,proa,statutory_private_rights,statutory_private_rights,No,No governmental entity or public employee who has complied with shall be liable to any person who voluntarily participates in hazardous recreation activities for any damage or injury to property or pe...
proa__test__54,proa,statutory_private_rights,statutory_private_rights,No,The unauthorized practice of law committee may sue in its own name for the purpose of civil litigation as provided by this section.
proa__test__55,proa,statutory_private_rights,statutory_private_rights,No,"On conviction for a violation under thispart, the county may institute proceedings to seize any amusement device that was operated in violation of this part."
proa__test__56,proa,statutory_private_rights,statutory_private_rights,No,"Where a party has made an election pursuant to the provisions of this section, to have the claims asserted in a written notice issued by the chairperson, decided in a civil action, the chairperson sha..."
proa__test__57,proa,statutory_private_rights,statutory_private_rights,No,The complaint shall be filed with the circuit clerk and shall be assigned a number and placed on the docket as other pleadings in circuit court or county court.
proa__test__58,proa,statutory_private_rights,statutory_private_rights,No,"In each such instance, both the plaintiff and the defendant shall set out in such statement the asserted highest and best use of the property and shall itemize the elements of damage, if any, to the r..."
proa__test__59,proa,statutory_private_rights,statutory_private_rights,No,"If the claimant is an executor, administrator, guardian, or other representative acting under judicial appointment, a duly certified copy of the record of appointment shall be filed with the complaint..."
proa__test__60,proa,statutory_private_rights,statutory_private_rights,No,"Each section of the petition shall be filed with the elections official of the county or city and county in which it was circulated, but all sections circulated in any county or city and county shall ..."
proa__test__61,proa,statutory_private_rights,statutory_private_rights,No,The application shall be completed upon the sworn oath of the applicant as provided in paragraph 5 of Section 1290.12 of this title. The application form shall be provided by the Oklahoma State Bureau...
proa__test__62,proa,statutory_private_rights,statutory_private_rights,No,A law enforcement officer effecting the arrest of a person without a warrant shall promptly complete an affidavit of probable cause supporting the arrest of the person and submit it to a magistrate.
proa__test__63,proa,statutory_private_rights,statutory_private_rights,No,A minor under fourteen (14) years of age may not be employed in any gainful occupation except as otherwise provided in § 50-5-107.
proa__test__64,proa,statutory_private_rights,statutory_private_rights,No,"If there is reasonable cause to believe that returning a firearm to the owner or possessor may endanger the victim, the person who reported the assault or threat or another person in the household, th..."
proa__test__65,proa,statutory_private_rights,statutory_private_rights,No,"The committee or administrator shall annually, not later than the fifteenth day of August, file with the board ofsupervisors an estimate of the several amounts necessary for the ensuing calendar year ..."
proa__test__66,proa,statutory_private_rights,statutory_private_rights,No,The commissioner shall determine whether such barriers or burdens have or may ultimately have an adverse impact upon New York producers or dealers generally and determine whether the public interest w...
proa__test__67,proa,statutory_private_rights,statutory_private_rights,No,"Any advertising structure erected or maintained adjacent to the right-of-way of the interstate or primary highway system after the effective date of this act as determined by through,and amendments th..."
proa__test__68,proa,statutory_private_rights,statutory_private_rights,No,"To abate the nuisance caused by illegal conduct involving an unlawful weapons or ammunition on real property, the city prosecutor or city attorney may file,in the name of the people, an action for unl..."
proa__test__69,proa,statutory_private_rights,statutory_private_rights,No,"When initiated in the family court, the family court has jurisdiction to determine, in accordance with subdivision one of section of the domestic relations law and with the same powers possessed by th..."
proa__test__70,proa,statutory_private_rights,statutory_private_rights,No,The term of office of each elective village officer shall commence at the start of the official year following his election.
proa__test__71,proa,statutory_private_rights,statutory_private_rights,No,"If, after considering the conclusions of a medical examination or medical reports from an employee's physician or other pertinent information, the trustees determine that the employee is unable to per..."
proa__test__72,proa,statutory_private_rights,statutory_private_rights,No,"Neither the state of Louisiana, its officers, employees, agents, contractors, nor the office of children and familyservices, child support enforcement section of the Department of Children andFamily S..."
proa__test__73,proa,statutory_private_rights,statutory_private_rights,No,The sheriff or the sheriff's designee shall maintain a permanent personnel file oneach department employee.
proa__test__74,proa,statutory_private_rights,statutory_private_rights,No,"The Attorney General shall enforce this provision of the Act by an action for mandamus, injunction, or other appropriate relief."
proa__test__75,proa,statutory_private_rights,statutory_private_rights,No,"In addition to criminal penalties, any person violating this section may be fined up to one thousand dollars ($1000) by the board for each violation. The board may sue, if necessary, to collect the fi..."
proa__test__76,proa,statutory_private_rights,statutory_private_rights,No,The attorney general or an attorney representing the state may bring an action for an injunction to prohibit a person from violating this chapter or a rule adopted under this chapter.
proa__test__77,proa,statutory_private_rights,statutory_private_rights,No,The superior court has jurisdiction of proceedings under this code concerning the administration of the decedent's estate.
proa__test__78,proa,statutory_private_rights,statutory_private_rights,No,All actions brought under this chapter relating to the use of the highways of this state by nonresident motorists shall be brought in the county in which the accident or injury occurred or the cause o...
proa__test__79,proa,statutory_private_rights,statutory_private_rights,No,"The court where the ward resides has concurrent jurisdiction with the court which appointed the guardian, or in which acceptance of a testamentary appointment was filed, over resignation, removal, acc..."
proa__test__80,proa,statutory_private_rights,statutory_private_rights,No,"Except as otherwise provided in subsections (b) and (c) of this section, venue for a judicial proceeding involving a trust is in the county of this state in which the trust's principal place of admini..."
proa__test__81,proa,statutory_private_rights,statutory_private_rights,No,The Secretary or a local health officer may bring an action to enjoin any person from committing any nuisance subject to this subtitle.
proa__test__82,proa,statutory_private_rights,statutory_private_rights,No,"Whenever the attorney general has probable cause to believe that any person has violated any provision of this chapter, the attorney general may bring a civil action for injunctive or other appropriat..."
proa__test__83,proa,statutory_private_rights,statutory_private_rights,No,"No person may bring suit to enjoin the assessment or collection of any taxes, interest, or penalties imposed by this chapter."
proa__test__84,proa,statutory_private_rights,statutory_private_rights,No,"An action for an injury proximately caused by the alleged negligence, wrongful act, or omission of a state employee occurring within the scope of the employee's employment must be brought against the ..."
proa__test__85,proa,statutory_private_rights,statutory_private_rights,No,Any person bringing a wrongful death or survival action in a court other than the probate court must notify the probate court of this action within ten days after the filing of the action. The provisi...
proa__test__86,proa,statutory_private_rights,statutory_private_rights,No,"A law enforcement officer may stop a person in a public place whom he reasonably suspects is committing, has committed, or is about to commit an offense and may demand of him his name, address, and an..."
proa__test__87,proa,statutory_private_rights,statutory_private_rights,No,"The attorney general may bring an action in for injunctive relief, costs, and attorney's fees and may impose on a manufacturer that violates this section a civil penalty of no more than $10,000.00 per..."
proa__test__88,proa,statutory_private_rights,statutory_private_rights,No,If a security freeze is in place on a consumer's credit report and credit score and if a third party applies to a consumer credit reporting agency to provide the third party with access to the consume...
proa__test__89,proa,statutory_private_rights,statutory_private_rights,No,"In any action brought by the Attorney General under this section, the Attorney General is entitled to recover the costs of the action for the use of the State."
proa__test__90,proa,statutory_private_rights,statutory_private_rights,No,"Whenever it is necessary, in the judgment of the director, the director may require any taxpayer, or person liable for the collection or deduction of tax at source, by notice served upon the taxpayer ..."
proa__test__91,proa,statutory_private_rights,statutory_private_rights,No,"In the construction of a pleading, for the purpose of determining its effect, its allegations must be liberally construed, with a view to substantial justice between the parties."
proa__test__92,proa,statutory_private_rights,statutory_private_rights,No,No application for parole shall be granted or denied except by a vote of the board at a meeting at which a quorum of its members are present. This paragraph shall not be applied to the denial of appli...
proa__test__93,proa,statutory_private_rights,statutory_private_rights,No,"Not less than 123 days before a primary election, the Secretary of State shall, with the advice and consent of the Attorney General, determine which parties are disqualified to participate in any prim..."
proa__test__94,proa,statutory_private_rights,statutory_private_rights,No,"In connection with proceedings in the Supreme Court under this section, the Legislature hereby declares its intent to create a speedy and expeditious method for judicial determination of the vital que..."
international_citizenship_questions__test__9,international_citizenship_questions,citizenship_status,citizenship_status,No,Consider the country of Afghanistan. Does the country require renunciation or loss of other citizenships for residence- based acquisition?
international_citizenship_questions__test__35,international_citizenship_questions,citizenship_status,citizenship_status,No,"Consider the country of Angola. Does the country provide for a child to acquire citizenship based on birth in the territory irrespective of the citizenship and birthplace of his/her parents and, if so..."
international_citizenship_questions__test__53,international_citizenship_questions,citizenship_status,citizenship_status,No,"Consider the country of Angola. Does the country provide for acquisition of citizenship by the spouse, child or grandchild of a former citizen and, if so, under which conditions?"
international_citizenship_questions__test__106,international_citizenship_questions,citizenship_status,citizenship_status,No,"Consider the country of United Arab Emirates. Does the country have a safeguard that provides for the grant of citizenship to an otherwise stateless child and, if so, under which conditions?"
international_citizenship_questions__test__117,international_citizenship_questions,citizenship_status,citizenship_status,Yes,"Consider the country of United Arab Emirates. Does the country provide for acquisition of citizenship by the spouse or registered partner of a person who is already a citizen and, if so, under which c..."
international_citizenship_questions__test__152,international_citizenship_questions,citizenship_status,citizenship_status,Yes,"Consider the country of Argentina. Does the country provide for acquisition of citizenship by the child of a person who has become a citizen (but the child did not do so at the same time) and, if so, ..."
international_citizenship_questions__test__188,international_citizenship_questions,citizenship_status,citizenship_status,Yes,"Consider the country of Armenia. Does the country provide for acquisition of citizenship by a relative other than the spouse or child of a person who is already a citizen and, if so, under which condi..."
international_citizenship_questions__test__241,international_citizenship_questions,citizenship_status,citizenship_status,Yes,"Consider the country of Australia. Does the country have a safeguard that provides for the grant of citizenship to a child of unknown parentage found in the territory and, if so, under which condition..."
international_citizenship_questions__test__319,international_citizenship_questions,citizenship_status,citizenship_status,Yes,"Consider the country of Azerbaijan. Does the country impose a requirement related to economic resources for residence-based acquisition, such as demonstrating income level, engagement in employment or..."
international_citizenship_questions__test__344,international_citizenship_questions,citizenship_status,citizenship_status,No,"Consider the country of Burundi. Does the country have a safeguard that provides for the grant of citizenship to an otherwise stateless child and, if so, under which conditions?"
international_citizenship_questions__test__409,international_citizenship_questions,citizenship_status,citizenship_status,No,"Consider the country of Benin. Does the country provide for a child to acquire citizenship based on birth in the territory irrespective of the citizenship and birthplace of his/her parents and, if so,..."
international_citizenship_questions__test__434,international_citizenship_questions,citizenship_status,citizenship_status,Yes,Consider the country of Benin. Does the country provide for citizen of a country in good acquisition or recognition of citizenship in case of a person who has acted as a citizen in good faith or was t...
international_citizenship_questions__test__488,international_citizenship_questions,citizenship_status,citizenship_status,Yes,Consider the country of Bangladesh. Does the country require the absence of certain crimes and/or offences or proof of moral character for residence- based acquisition?
international_citizenship_questions__test__514,international_citizenship_questions,citizenship_status,citizenship_status,Yes,"Consider the country of Bulgaria. Does the country have a safeguard that provides for the grant of citizenship to an otherwise stateless child and, if so, under which conditions?"
international_citizenship_questions__test__520,international_citizenship_questions,citizenship_status,citizenship_status,Yes,"Consider the country of Bulgaria. Does the country require knowledge of a national language, and at what level of competence, for residence- based acquisition?"
international_citizenship_questions__test__525,international_citizenship_questions,citizenship_status,citizenship_status,Yes,"Consider the country of Bulgaria. Does the country provide for acquisition of citizenship by the spouse or registered partner of a person who is already a citizen and, if so, under which conditions?"
international_citizenship_questions__test__651,international_citizenship_questions,citizenship_status,citizenship_status,No,"Consider the country of Belarus. Does the country provide for the acquisition of citizenship if parentage is established after birth and, if so, under which conditions?"
international_citizenship_questions__test__711,international_citizenship_questions,citizenship_status,citizenship_status,No,"Consider the country of Belize. Does the country provide for acquisition of citizenship by a person who is in the public service (including military service) and, if so, under which conditions?"
international_citizenship_questions__test__750,international_citizenship_questions,citizenship_status,citizenship_status,No,"Consider the country of Brazil. Does the country have a safeguard that provides for the grant of citizenship to a child of unknown parentage found in the territory and, if so, under which conditions?"
international_citizenship_questions__test__771,international_citizenship_questions,citizenship_status,citizenship_status,Yes,Consider the country of Brazil. Does the country provide for facilitated acquisition of citizenship (on easier terms than residence-based acquisition) by a person who is a citizen of a specific countr...
international_citizenship_questions__test__821,international_citizenship_questions,citizenship_status,citizenship_status,Yes,"Consider the country of Brunei. Does the country have a safeguard that provides for the grant of citizenship to an otherwise stateless child born in the country, and if so, under which conditions?"
international_citizenship_questions__test__828,international_citizenship_questions,citizenship_status,citizenship_status,Yes,"Consider the country of Brunei. Does the country impose a requirement related to economic resources for residence-based acquisition, such as demonstrating income level, engagement in employment or the..."
international_citizenship_questions__test__887,international_citizenship_questions,citizenship_status,citizenship_status,No,"Consider the country of Botswana. Does the country provide for the acquisition of citizenship if parentage is established after birth and, if so, under which conditions?"
international_citizenship_questions__test__916,international_citizenship_questions,citizenship_status,citizenship_status,Yes,"Consider the country of Central African Republic. Does the country permit a parent to confer his or her citizenship on a child born abroad and, if so, under which conditions?"
international_citizenship_questions__test__931,international_citizenship_questions,citizenship_status,citizenship_status,Yes,"Consider the country of Central African Republic. Does the country provide for acquisition of citizenship by the spouse or registered partner of a person who is already a citizen and, if so, under whi..."
international_citizenship_questions__test__936,international_citizenship_questions,citizenship_status,citizenship_status,No,"Consider the country of Central African Republic. Does the country provide for acquisition of citizenship by the spouse, child or grandchild of a deceased citizen and, if so, under which conditions?"
international_citizenship_questions__test__949,international_citizenship_questions,citizenship_status,citizenship_status,No,"Consider the country of Canada. Does the country permit a parent to confer his or her citizenship on a child born in the territory of the country of citizenship and, if so, under which conditions?"
international_citizenship_questions__test__958,international_citizenship_questions,citizenship_status,citizenship_status,Yes,Consider the country of Canada. Which residence conditions does the country provide for residence-based acquisition?
international_citizenship_questions__test__960,international_citizenship_questions,citizenship_status,citizenship_status,Yes,"Consider the country of Canada. Does the country require knowledge of a national language, and at what level of competence, for residence- based acquisition?"
international_citizenship_questions__test__964,international_citizenship_questions,citizenship_status,citizenship_status,Yes,"Consider the country of Canada. Does the country provide for acquisition of citizenship by a person who as a minor has had a certain period of residence or schooling in the country and, if so, under w..."
international_citizenship_questions__test__993,international_citizenship_questions,citizenship_status,citizenship_status,No,Consider the country of Switzerland. Does the country require renunciation or loss of other citizenships for residence- based acquisition?
international_citizenship_questions__test__998,international_citizenship_questions,citizenship_status,citizenship_status,No,"Consider the country of Switzerland. Does the country provide for acquisition of citizenship by a person who as a minor has had a certain period of residence or schooling in the country and, if so, un..."
international_citizenship_questions__test__1040,international_citizenship_questions,citizenship_status,citizenship_status,No,"Consider the country of Chile. Does the country provide for extending the acquisition of citizenship to the child of a person who is acquiring citizenship and, if so, under which conditions?"
international_citizenship_questions__test__1049,international_citizenship_questions,citizenship_status,citizenship_status,No,"Consider the country of Chile. Does the country provide for acquisition of citizenship by a person who is in the public service (including military service) and, if so, under which conditions?"
international_citizenship_questions__test__1084,international_citizenship_questions,citizenship_status,citizenship_status,No,"Consider the country of China. Does the country provide for acquisition of citizenship by a person who makes a specific payment or invests a substantial sum of money in the country and, if so, under w..."
international_citizenship_questions__test__1104,international_citizenship_questions,citizenship_status,citizenship_status,No,"Consider the country of Cote dIvoire. Does the country provide for acquisition of citizenship by a relative other than the spouse or child of a person who is already a citizen and, if so, under which ..."
international_citizenship_questions__test__1113,international_citizenship_questions,citizenship_status,citizenship_status,No,Consider the country of Cote dIvoire. Does the country provide for facilitated acquisition of citizenship (on easier terms than residence-based acquisition) by a person who has resided in the country ...
international_citizenship_questions__test__1122,international_citizenship_questions,citizenship_status,citizenship_status,Yes,"Consider the country of Cameroon. Does the country provide for a child to acquire citizenship based on birth in the territory if one parent was also born there, irrespective of his/her citizenship, an..."
international_citizenship_questions__test__1133,international_citizenship_questions,citizenship_status,citizenship_status,Yes,"Consider the country of Cameroon. Does the country impose a requirement related to economic resources for residence-based acquisition, such as demonstrating income level, engagement in employment or t..."
international_citizenship_questions__test__1139,international_citizenship_questions,citizenship_status,citizenship_status,No,"Consider the country of Cameroon. Does the country provide for acquisition of citizenship by the spouse, child or grandchild of a former citizen and, if so, under which conditions?"
international_citizenship_questions__test__1160,international_citizenship_questions,citizenship_status,citizenship_status,Yes,"Consider the country of Congo DRC. Does the country have a safeguard that provides for the grant of citizenship to an otherwise stateless child born in the country, and if so, under which conditions?"
international_citizenship_questions__test__1163,international_citizenship_questions,citizenship_status,citizenship_status,No,Consider the country of Congo DRC. Does the country require renunciation or loss of other citizenships for residence- based acquisition?
international_citizenship_questions__test__1169,international_citizenship_questions,citizenship_status,citizenship_status,Yes,"Consider the country of Congo DRC. Does the country provide for acquisition of citizenship by the spouse or registered partner of a person who is already a citizen and, if so, under which conditions?"
international_citizenship_questions__test__1188,international_citizenship_questions,citizenship_status,citizenship_status,Yes,"Consider the country of Congo Republic. Does the country permit a parent to confer his or her citizenship on a child born abroad and, if so, under which conditions?"
international_citizenship_questions__test__1200,international_citizenship_questions,citizenship_status,citizenship_status,Yes,Consider the country of Congo Republic. Does the country require the absence of certain crimes and/or offences or proof of moral character for residence- based acquisition?
international_citizenship_questions__test__1235,international_citizenship_questions,citizenship_status,citizenship_status,Yes,"Consider the country of Colombia. Does the country impose a requirement related to economic resources for residence-based acquisition, such as demonstrating income level, engagement in employment or t..."
international_citizenship_questions__test__1290,international_citizenship_questions,citizenship_status,citizenship_status,Yes,"Consider the country of Cape Verde. Does the country permit a parent to confer his or her citizenship on a child born abroad and, if so, under which conditions?"
international_citizenship_questions__test__1291,international_citizenship_questions,citizenship_status,citizenship_status,Yes,"Consider the country of Cape Verde. Does the country provide for a child to acquire citizenship based on birth in the territory irrespective of the citizenship and birthplace of his/her parents and, i..."
international_citizenship_questions__test__1307,international_citizenship_questions,citizenship_status,citizenship_status,Yes,"Consider the country of Cape Verde. Does the country provide for acquisition of citizenship by a person who is adopted by a citizen, or cared for by a similar legal arrangement, and, if so, under whic..."
international_citizenship_questions__test__1312,international_citizenship_questions,citizenship_status,citizenship_status,Yes,"Consider the country of Cape Verde. Does the country provide for extending the acquisition of citizenship to the child of a person who is acquiring citizenship and, if so, under which conditions?"
international_citizenship_questions__test__1343,international_citizenship_questions,citizenship_status,citizenship_status,No,"Consider the country of Costa Rica. Does the country provide for acquisition of citizenship by the spouse, child or grandchild of a former citizen and, if so, under which conditions?"
international_citizenship_questions__test__1403,international_citizenship_questions,citizenship_status,citizenship_status,Yes,Consider the country of Cyprus. Does the country require the demonstration of civic knowledge or cultural integration for residence-based acquisition?
international_citizenship_questions__test__1424,international_citizenship_questions,citizenship_status,citizenship_status,Yes,"Consider the country of Cyprus. Does the country provide for acquisition of citizenship by a person who makes a specific payment or invests a substantial sum of money in the country and, if so, under ..."
international_citizenship_questions__test__1489,international_citizenship_questions,citizenship_status,citizenship_status,Yes,Consider the country of Germany. Does the country provide specific conditions for the acquisition of citizenship by a person in its territory who is stateless or of undetermined citizenship (different...
international_citizenship_questions__test__1519,international_citizenship_questions,citizenship_status,citizenship_status,No,"Consider the country of Djibouti. Does the country provide for facilitated acquisition of citizenship (on easier terms than residence-based acquisition) by a person who has an affinity to its culture,..."
international_citizenship_questions__test__1528,international_citizenship_questions,citizenship_status,citizenship_status,Yes,"Consider the country of Dominica. Does the country permit a parent to confer his or her citizenship on a child born abroad and, if so, under which conditions?"
international_citizenship_questions__test__1535,international_citizenship_questions,citizenship_status,citizenship_status,Yes,Consider the country of Dominica. Does the country provide for period of residence in a residence-based acquisition?
international_citizenship_questions__test__1545,international_citizenship_questions,citizenship_status,citizenship_status,Yes,"Consider the country of Dominica. Does the country provide for acquisition of citizenship by a person who is adopted by a citizen, or cared for by a similar legal arrangement, and, if so, under which ..."
international_citizenship_questions__test__1584,international_citizenship_questions,citizenship_status,citizenship_status,Yes,"Consider the country of Denmark. Does the country provide for extending the acquisition of citizenship to the child of a person who is acquiring citizenship and, if so, under which conditions?"
international_citizenship_questions__test__1588,international_citizenship_questions,citizenship_status,citizenship_status,Yes,Consider the country of Denmark. Does the country provide for citizen of a country in good acquisition or recognition of citizenship in case of a person who has acted as a citizen in good faith or was...
international_citizenship_questions__test__1604,international_citizenship_questions,citizenship_status,citizenship_status,Yes,Consider the country of Dominican Republic. Which residence conditions does the country provide for residence-based acquisition?
international_citizenship_questions__test__1612,international_citizenship_questions,citizenship_status,citizenship_status,No,Consider the country of Dominican Republic. Does the country provide for acquisition of citizenship by the child of a person who has become a citizen (but the child did not do so at the same time) and...
international_citizenship_questions__test__1638,international_citizenship_questions,citizenship_status,citizenship_status,Yes,Consider the country of Algeria. Which residence conditions does the country provide for residence-based acquisition?
international_citizenship_questions__test__1654,international_citizenship_questions,citizenship_status,citizenship_status,No,Consider the country of Algeria. Does the country provide for facilitated acquisition of citizenship (on easier terms than residence-based acquisition) by a person who is a citizen of a specific count...
international_citizenship_questions__test__1674,international_citizenship_questions,citizenship_status,citizenship_status,No,"Consider the country of Ecuador. Does the country require knowledge of a national language, and at what level of competence, for residence- based acquisition?"
international_citizenship_questions__test__1679,international_citizenship_questions,citizenship_status,citizenship_status,Yes,"Consider the country of Ecuador. Does the country provide for acquisition of citizenship by the spouse or registered partner of a person who is already a citizen and, if so, under which conditions?"
international_citizenship_questions__test__1743,international_citizenship_questions,citizenship_status,citizenship_status,No,Consider the country of Eritrea. Does the country require the demonstration of civic knowledge or cultural integration for residence-based acquisition?
international_citizenship_questions__test__1790,international_citizenship_questions,citizenship_status,citizenship_status,Yes,Consider the country of Spain. Does the country provide for facilitated acquisition of citizenship (on easier terms than residence-based acquisition) by a person who is a citizen of a specific country...
international_citizenship_questions__test__1796,international_citizenship_questions,citizenship_status,citizenship_status,No,"Consider the country of Spain. Does the country provide for acquisition of citizenship by a person who has special achievements and, if so, under which conditions?"
international_citizenship_questions__test__1824,international_citizenship_questions,citizenship_status,citizenship_status,No,Consider the country of Estonia. Does the country provide for facilitated acquisition of citizenship (on easier terms than residence-based acquisition) by a person who is a citizen of a specific count...
international_citizenship_questions__test__1827,international_citizenship_questions,citizenship_status,citizenship_status,No,Consider the country of Estonia. Does the country provide for facilitated acquisition of citizenship (on easier terms than residence-based acquisition) by a person who has resided in the country for a...
international_citizenship_questions__test__1832,international_citizenship_questions,citizenship_status,citizenship_status,No,"Consider the country of Estonia. Does the country provide for acquisition of citizenship by a person who makes a specific payment or invests a substantial sum of money in the country and, if so, under..."
international_citizenship_questions__test__1876,international_citizenship_questions,citizenship_status,citizenship_status,Yes,Consider the country of Finland. Which residence conditions does the country provide for residence-based acquisition?
international_citizenship_questions__test__1964,international_citizenship_questions,citizenship_status,citizenship_status,Yes,Consider the country of France. Does the country provide specific conditions for the acquisition of citizenship by a refugee in its territory (different from those for residence- based acquisition) an...
international_citizenship_questions__test__1982,international_citizenship_questions,citizenship_status,citizenship_status,No,Consider the country of Micronesia. Does the country require the absence of certain crimes and/or offences or proof of moral character for residence- based acquisition?
international_citizenship_questions__test__2045,international_citizenship_questions,citizenship_status,citizenship_status,Yes,Consider the country of United Kingdom. Does the country provide for period of residence in a residence-based acquisition?
international_citizenship_questions__test__2060,international_citizenship_questions,citizenship_status,citizenship_status,No,"Consider the country of United Kingdom. Does the country provide for extending the acquisition of citizenship to the child of a person who is acquiring citizenship and, if so, under which conditions?"
international_citizenship_questions__test__2103,international_citizenship_questions,citizenship_status,citizenship_status,No,"Consider the country of Georgia. Does the country provide for acquisition of citizenship by a person who is in the public service (including military service) and, if so, under which conditions?"
international_citizenship_questions__test__2144,international_citizenship_questions,citizenship_status,citizenship_status,Yes,"Consider the country of Guinea. Does the country have a safeguard that provides for the grant of citizenship to an otherwise stateless child and, if so, under which conditions?"
international_citizenship_questions__test__2167,international_citizenship_questions,citizenship_status,citizenship_status,No,Consider the country of Guinea. Does the country provide for facilitated acquisition of citizenship (on easier terms than residence-based acquisition) by a person who has resided in the country for a ...
international_citizenship_questions__test__2170,international_citizenship_questions,citizenship_status,citizenship_status,Yes,"Consider the country of Guinea. Does the country provide for acquisition of citizenship by a person who has special achievements and, if so, under which conditions?"
international_citizenship_questions__test__2266,international_citizenship_questions,citizenship_status,citizenship_status,No,Consider the country of Equatorial Guinea. Does the country provide for facilitated acquisition of citizenship (on easier terms than residence-based acquisition) by a person who is a citizen of a spec...
international_citizenship_questions__test__2286,international_citizenship_questions,citizenship_status,citizenship_status,Yes,"Consider the country of Greece. Does the country require knowledge of a national language, and at what level of competence, for residence- based acquisition?"
international_citizenship_questions__test__2287,international_citizenship_questions,citizenship_status,citizenship_status,Yes,Consider the country of Greece. Does the country require the demonstration of civic knowledge or cultural integration for residence-based acquisition?
international_citizenship_questions__test__2296,international_citizenship_questions,citizenship_status,citizenship_status,No,"Consider the country of Greece. Does the country provide for acquisition of citizenship by the spouse, child or grandchild of a deceased citizen and, if so, under which conditions?"
international_citizenship_questions__test__2340,international_citizenship_questions,citizenship_status,citizenship_status,No,"Consider the country of Grenada. Does the country provide for acquisition of citizenship by a person who has special achievements and, if so, under which conditions?"
international_citizenship_questions__test__2504,international_citizenship_questions,citizenship_status,citizenship_status,No,Consider the country of Haiti. Does the country provide for facilitated acquisition of citizenship (on easier terms than residence-based acquisition) by a person who is a citizen of a specific country...
international_citizenship_questions__test__2536,international_citizenship_questions,citizenship_status,citizenship_status,No,"Consider the country of Hungary. Does the country provide for extending the acquisition of citizenship to the child of a person who is acquiring citizenship and, if so, under which conditions?"
international_citizenship_questions__test__2547,international_citizenship_questions,citizenship_status,citizenship_status,Yes,"Consider the country of Indonesia. Does the country permit a parent to confer his or her citizenship on a child born in the territory of the country of citizenship and, if so, under which conditions?"
international_citizenship_questions__test__2579,international_citizenship_questions,citizenship_status,citizenship_status,No,"Consider the country of Indonesia. Does the country provide for acquisition of citizenship by a person who is in the public service (including military service) and, if so, under which conditions?"
international_citizenship_questions__test__2591,international_citizenship_questions,citizenship_status,citizenship_status,Yes,Consider the country of India. Does the country require renunciation or loss of other citizenships for residence- based acquisition?
international_citizenship_questions__test__2615,international_citizenship_questions,citizenship_status,citizenship_status,Yes,"Consider the country of Ireland. Does the country permit a parent to confer his or her citizenship on a child born in the territory of the country of citizenship and, if so, under which conditions?"
international_citizenship_questions__test__2621,international_citizenship_questions,citizenship_status,citizenship_status,No,"Consider the country of Ireland. Does the country provide for the acquisition of citizenship if parentage is established after birth and, if so, under which conditions?"
international_citizenship_questions__test__2646,international_citizenship_questions,citizenship_status,citizenship_status,Yes,"Consider the country of Ireland. Does the country provide for acquisition of citizenship by a person who has special achievements and, if so, under which conditions?"
international_citizenship_questions__test__2664,international_citizenship_questions,citizenship_status,citizenship_status,No,"Consider the country of Iran. Does the country provide for acquisition of citizenship by a person who as a minor has had a certain period of residence or schooling in the country and, if so, under whi..."
international_citizenship_questions__test__2677,international_citizenship_questions,citizenship_status,citizenship_status,No,Consider the country of Iran. Does the country provide for facilitated acquisition of citizenship (on easier terms than residence-based acquisition) by a person who has resided in the country for a ve...
international_citizenship_questions__test__2697,international_citizenship_questions,citizenship_status,citizenship_status,Yes,"Consider the country of Iraq. Does the country impose a requirement related to economic resources for residence-based acquisition, such as demonstrating income level, engagement in employment or the a..."
international_citizenship_questions__test__2705,international_citizenship_questions,citizenship_status,citizenship_status,No,"Consider the country of Iraq. Does the country provide for extending the acquisition of citizenship to the spouse or registered partner of a person who is acquiring citizenship and, if so, under which..."
international_citizenship_questions__test__2724,international_citizenship_questions,citizenship_status,citizenship_status,No,"Consider the country of Iceland. Does the country have a safeguard that provides for the grant of citizenship to an otherwise stateless child born in the country, and if so, under which conditions?"
international_citizenship_questions__test__2803,international_citizenship_questions,citizenship_status,citizenship_status,Yes,"Consider the country of Italy. Does the country provide for acquisition of citizenship by a person who is adopted by a citizen, or cared for by a similar legal arrangement, and, if so, under which con..."
international_citizenship_questions__test__2927,international_citizenship_questions,citizenship_status,citizenship_status,No,"Consider the country of Kazakhstan. Does the country provide for the acquisition of citizenship if parentage is established after birth and, if so, under which conditions?"
international_citizenship_questions__test__3006,international_citizenship_questions,citizenship_status,citizenship_status,Yes,"Consider the country of Kyrgyzstan. Does the country provide for acquisition of citizenship by the child of a person who has become a citizen (but the child did not do so at the same time) and, if so,..."
international_citizenship_questions__test__3044,international_citizenship_questions,citizenship_status,citizenship_status,No,"Consider the country of Cambodia. Does the country provide for acquisition of citizenship by the spouse, child or grandchild of a deceased citizen and, if so, under which conditions?"
international_citizenship_questions__test__3111,international_citizenship_questions,citizenship_status,citizenship_status,No,"Consider the country of Saint Kitts and Nevis. Does the country provide for acquisition of citizenship by the spouse, child or grandchild of a former citizen and, if so, under which conditions?"
international_citizenship_questions__test__3116,international_citizenship_questions,citizenship_status,citizenship_status,Yes,Consider the country of Saint Kitts and Nevis. Does the country provide for facilitated acquisition of citizenship (on easier terms than residence-based acquisition) by a person who is a citizen of a ...
international_citizenship_questions__test__3119,international_citizenship_questions,citizenship_status,citizenship_status,No,Consider the country of Saint Kitts and Nevis. Does the country provide for facilitated acquisition of citizenship (on easier terms than residence-based acquisition) by a person who has resided in the...
international_citizenship_questions__test__3139,international_citizenship_questions,citizenship_status,citizenship_status,Yes,"Consider the country of South Korea. Does the country impose a requirement related to economic resources for residence-based acquisition, such as demonstrating income level, engagement in employment o..."
international_citizenship_questions__test__3150,international_citizenship_questions,citizenship_status,citizenship_status,No,Consider the country of South Korea. Does the country provide for facilitated acquisition of citizenship (on easier terms than residence-based acquisition) by a person who is a citizen of a specific c...
international_citizenship_questions__test__3257,international_citizenship_questions,citizenship_status,citizenship_status,No,Consider the country of Lebanon. Does the country provide specific conditions for the acquisition of citizenship by a person in its territory who is stateless or of undetermined citizenship (different...
international_citizenship_questions__test__3258,international_citizenship_questions,citizenship_status,citizenship_status,No,"Consider the country of Lebanon. Does the country provide for acquisition of citizenship by a person who has special achievements and, if so, under which conditions?"
international_citizenship_questions__test__3295,international_citizenship_questions,citizenship_status,citizenship_status,Yes,"Consider the country of Libya. Does the country permit a parent to confer his or her citizenship on a child born in the territory of the country of citizenship and, if so, under which conditions?"
international_citizenship_questions__test__3346,international_citizenship_questions,citizenship_status,citizenship_status,Yes,"Consider the country of Saint Lucia. Does the country provide for acquisition of citizenship by the child of a person who has become a citizen (but the child did not do so at the same time) and, if so..."
international_citizenship_questions__test__3432,international_citizenship_questions,citizenship_status,citizenship_status,Yes,"Consider the country of Lesotho. Does the country permit a parent to confer his or her citizenship on a child born abroad and, if so, under which conditions?"
international_citizenship_questions__test__3456,international_citizenship_questions,citizenship_status,citizenship_status,No,Consider the country of Lesotho. Does the country provide for facilitated acquisition of citizenship (on easier terms than residence-based acquisition) by a person who is a citizen of a specific count...
international_citizenship_questions__test__3470,international_citizenship_questions,citizenship_status,citizenship_status,Yes,"Consider the country of Lithuania. Does the country have a safeguard that provides for the grant of citizenship to an otherwise stateless child and, if so, under which conditions?"
international_citizenship_questions__test__3483,international_citizenship_questions,citizenship_status,citizenship_status,Yes,"Consider the country of Lithuania. Does the country provide for acquisition of citizenship by a person who is adopted by a citizen, or cared for by a similar legal arrangement, and, if so, under which..."
international_citizenship_questions__test__3492,international_citizenship_questions,citizenship_status,citizenship_status,No,Consider the country of Lithuania. Does the country provide for citizen of a country in good acquisition or recognition of citizenship in case of a person who has acted as a citizen in good faith or w...
international_citizenship_questions__test__3502,international_citizenship_questions,citizenship_status,citizenship_status,Yes,"Consider the country of Luxembourg. Does the country provide for a child to acquire citizenship based on birth in the territory if one parent was also born there, irrespective of his/her citizenship, ..."
international_citizenship_questions__test__3510,international_citizenship_questions,citizenship_status,citizenship_status,Yes,"Consider the country of Luxembourg. Does the country require knowledge of a national language, and at what level of competence, for residence- based acquisition?"
international_citizenship_questions__test__3527,international_citizenship_questions,citizenship_status,citizenship_status,No,Consider the country of Luxembourg. Does the country provide for facilitated acquisition of citizenship (on easier terms than residence-based acquisition) by a person who has resided in the country fo...
international_citizenship_questions__test__3566,international_citizenship_questions,citizenship_status,citizenship_status,No,"Consider the country of Latvia. Does the country provide for acquisition of citizenship by a person who makes a specific payment or invests a substantial sum of money in the country and, if so, under ..."
international_citizenship_questions__test__3582,international_citizenship_questions,citizenship_status,citizenship_status,No,"Consider the country of Morocco. Does the country provide for acquisition of citizenship by a person who as a minor has had a certain period of residence or schooling in the country and, if so, under ..."
international_citizenship_questions__test__3593,international_citizenship_questions,citizenship_status,citizenship_status,No,"Consider the country of Morocco. Does the country provide for facilitated acquisition of citizenship (on easier terms than residence-based acquisition) by a person who has an affinity to its culture, ..."
international_citizenship_questions__test__3598,international_citizenship_questions,citizenship_status,citizenship_status,Yes,"Consider the country of Morocco. Does the country provide for acquisition of citizenship by a person who has special achievements and, if so, under which conditions?"
international_citizenship_questions__test__3608,international_citizenship_questions,citizenship_status,citizenship_status,Yes,"Consider the country of Moldova. Does the country have a safeguard that provides for the grant of citizenship to an otherwise stateless child born in the country, and if so, under which conditions?"
international_citizenship_questions__test__3611,international_citizenship_questions,citizenship_status,citizenship_status,No,Consider the country of Moldova. Does the country require renunciation or loss of other citizenships for residence- based acquisition?
international_citizenship_questions__test__3657,international_citizenship_questions,citizenship_status,citizenship_status,Yes,"Consider the country of Madagascar. Does the country provide for extending the acquisition of citizenship to the spouse or registered partner of a person who is acquiring citizenship and, if so, under..."
international_citizenship_questions__test__3681,international_citizenship_questions,citizenship_status,citizenship_status,Yes,Consider the country of Mexico. Does the country require the demonstration of civic knowledge or cultural integration for residence-based acquisition?
international_citizenship_questions__test__3733,international_citizenship_questions,citizenship_status,citizenship_status,No,Consider the country of Marshall Islands. Does the country provide specific conditions for the acquisition of citizenship by a person in its territory who is stateless or of undetermined citizenship (...
international_citizenship_questions__test__3750,international_citizenship_questions,citizenship_status,citizenship_status,Yes,Consider the country of Macedonia. Does the country require the absence of certain crimes and/or offences or proof of moral character for residence- based acquisition?
international_citizenship_questions__test__3752,international_citizenship_questions,citizenship_status,citizenship_status,No,"Consider the country of Macedonia. Does the country provide for acquisition of citizenship by a person who as a minor has had a certain period of residence or schooling in the country and, if so, unde..."
international_citizenship_questions__test__3770,international_citizenship_questions,citizenship_status,citizenship_status,Yes,"Consider the country of Macedonia. Does the country provide for acquisition of citizenship by a person who makes a specific payment or invests a substantial sum of money in the country and, if so, und..."
international_citizenship_questions__test__3811,international_citizenship_questions,citizenship_status,citizenship_status,No,"Consider the country of Malta. Does the country provide for the acquisition of citizenship if parentage is established after birth and, if so, under which conditions?"
international_citizenship_questions__test__3814,international_citizenship_questions,citizenship_status,citizenship_status,Yes,Consider the country of Malta. Which residence conditions does the country provide for residence-based acquisition?
international_citizenship_questions__test__3853,international_citizenship_questions,citizenship_status,citizenship_status,No,"Consider the country of Myanmar. Does the country impose a requirement related to economic resources for residence-based acquisition, such as demonstrating income level, engagement in employment or th..."
international_citizenship_questions__test__3872,international_citizenship_questions,citizenship_status,citizenship_status,No,"Consider the country of Myanmar. Does the country provide for acquisition of citizenship by a person who makes a specific payment or invests a substantial sum of money in the country and, if so, under..."
international_citizenship_questions__test__3899,international_citizenship_questions,citizenship_status,citizenship_status,No,Consider the country of Montenegro. Does the country provide for facilitated acquisition of citizenship (on easier terms than residence-based acquisition) by a person who has an affinity to its cultur...
international_citizenship_questions__test__3910,international_citizenship_questions,citizenship_status,citizenship_status,No,"Consider the country of Mongolia. Does the country provide for a child to acquire citizenship based on birth in the territory if one parent was also born there, irrespective of his/her citizenship, an..."
international_citizenship_questions__test__3923,international_citizenship_questions,citizenship_status,citizenship_status,No,"Consider the country of Mongolia. Does the country provide for acquisition of citizenship by the spouse or registered partner of a person who is already a citizen and, if so, under which conditions?"
international_citizenship_questions__test__3946,international_citizenship_questions,citizenship_status,citizenship_status,Yes,"Consider the country of Mozambique. Does the country have a safeguard that provides for the grant of citizenship to an otherwise stateless child and, if so, under which conditions?"
international_citizenship_questions__test__3981,international_citizenship_questions,citizenship_status,citizenship_status,No,"Consider the country of Mauritania. Does the country provide for the acquisition of citizenship if parentage is established after birth and, if so, under which conditions?"
international_citizenship_questions__test__4010,international_citizenship_questions,citizenship_status,citizenship_status,Yes,"Consider the country of Mauritius. Does the country permit a parent to confer his or her citizenship on a child born abroad and, if so, under which conditions?"
international_citizenship_questions__test__4012,international_citizenship_questions,citizenship_status,citizenship_status,No,"Consider the country of Mauritius. Does the country provide for a child to acquire citizenship based on birth in the territory if one parent was also born there, irrespective of his/her citizenship, a..."
international_citizenship_questions__test__4033,international_citizenship_questions,citizenship_status,citizenship_status,Yes,"Consider the country of Mauritius. Does the country provide for reacquisition of citizenship by a former citizen, and, if so, under which conditions?"
international_citizenship_questions__test__4040,international_citizenship_questions,citizenship_status,citizenship_status,No,"Consider the country of Mauritius. Does the country provide for acquisition of citizenship by a person who has special achievements and, if so, under which conditions?"
international_citizenship_questions__test__4061,international_citizenship_questions,citizenship_status,citizenship_status,No,"Consider the country of Malawi. Does the country provide for acquisition of citizenship by a person who is adopted by a citizen, or cared for by a similar legal arrangement, and, if so, under which co..."
international_citizenship_questions__test__4073,international_citizenship_questions,citizenship_status,citizenship_status,No,Consider the country of Malawi. Does the country provide specific conditions for the acquisition of citizenship by a person in its territory who is stateless or of undetermined citizenship (different ...
international_citizenship_questions__test__4092,international_citizenship_questions,citizenship_status,citizenship_status,No,"Consider the country of Malaysia. Does the country provide for acquisition of citizenship by a person who as a minor has had a certain period of residence or schooling in the country and, if so, under..."
international_citizenship_questions__test__4119,international_citizenship_questions,citizenship_status,citizenship_status,Yes,Consider the country of Namibia. Does the country provide for period of residence in a residence-based acquisition?
international_citizenship_questions__test__4272,international_citizenship_questions,citizenship_status,citizenship_status,No,Consider the country of Netherlands. Does the country provide for facilitated acquisition of citizenship (on easier terms than residence-based acquisition) by a person who is a citizen of a specific c...
international_citizenship_questions__test__4304,international_citizenship_questions,citizenship_status,citizenship_status,Yes,"Consider the country of Norway. Does the country provide for extending the acquisition of citizenship to the child of a person who is acquiring citizenship and, if so, under which conditions?"
international_citizenship_questions__test__4315,international_citizenship_questions,citizenship_status,citizenship_status,Yes,"Consider the country of Nepal. Does the country permit a parent to confer his or her citizenship on a child born in the territory of the country of citizenship and, if so, under which conditions?"
international_citizenship_questions__test__4333,international_citizenship_questions,citizenship_status,citizenship_status,No,"Consider the country of Nepal. Does the country provide for acquisition of citizenship by a person who is adopted by a citizen, or cared for by a similar legal arrangement, and, if so, under which con..."
international_citizenship_questions__test__4339,international_citizenship_questions,citizenship_status,citizenship_status,Yes,"Consider the country of Nepal. Does the country provide for reacquisition of citizenship by a former citizen, and, if so, under which conditions?"
international_citizenship_questions__test__4342,international_citizenship_questions,citizenship_status,citizenship_status,No,Consider the country of Nepal. Does the country provide for citizen of a country in good acquisition or recognition of citizenship in case of a person who has acted as a citizen in good faith or was t...
international_citizenship_questions__test__4345,international_citizenship_questions,citizenship_status,citizenship_status,No,Consider the country of Nepal. Does the country provide specific conditions for the acquisition of citizenship by a person in its territory who is stateless or of undetermined citizenship (different f...
international_citizenship_questions__test__4351,international_citizenship_questions,citizenship_status,citizenship_status,No,"Consider the country of Nauru. Does the country provide for a child to acquire citizenship based on birth in the territory irrespective of the citizenship and birthplace of his/her parents and, if so,..."
international_citizenship_questions__test__4371,international_citizenship_questions,citizenship_status,citizenship_status,No,"Consider the country of Nauru. Does the country provide for extending the acquisition of citizenship to the spouse or registered partner of a person who is acquiring citizenship and, if so, under whic..."
international_citizenship_questions__test__4374,international_citizenship_questions,citizenship_status,citizenship_status,No,Consider the country of Nauru. Does the country provide for facilitated acquisition of citizenship (on easier terms than residence-based acquisition) by a person who is a citizen of a specific country...
international_citizenship_questions__test__4386,international_citizenship_questions,citizenship_status,citizenship_status,No,"Consider the country of New Zealand. Does the country provide for a child to acquire citizenship based on birth in the territory if one parent was also born there, irrespective of his/her citizenship,..."
international_citizenship_questions__test__4422,international_citizenship_questions,citizenship_status,citizenship_status,No,"Consider the country of Oman. Does the country have a safeguard that provides for the grant of citizenship to an otherwise stateless child and, if so, under which conditions?"
international_citizenship_questions__test__4506,international_citizenship_questions,citizenship_status,citizenship_status,No,"Consider the country of Panama. Does the country provide for acquisition of citizenship by the spouse, child or grandchild of a deceased citizen and, if so, under which conditions?"
international_citizenship_questions__test__4552,international_citizenship_questions,citizenship_status,citizenship_status,No,"Consider the country of Peru. Does the country provide for acquisition of citizenship by a person who makes a specific payment or invests a substantial sum of money in the country and, if so, under wh..."
international_citizenship_questions__test__4554,international_citizenship_questions,citizenship_status,citizenship_status,Yes,"Consider the country of Philippines. Does the country permit a parent to confer his or her citizenship on a child born abroad and, if so, under which conditions?"
international_citizenship_questions__test__4557,international_citizenship_questions,citizenship_status,citizenship_status,No,"Consider the country of Philippines. Does the country have a safeguard that provides for the grant of citizenship to a child of unknown parentage found in the territory and, if so, under which conditi..."
international_citizenship_questions__test__4562,international_citizenship_questions,citizenship_status,citizenship_status,Yes,Consider the country of Philippines. Which residence conditions does the country provide for residence-based acquisition?
international_citizenship_questions__test__4563,international_citizenship_questions,citizenship_status,citizenship_status,No,Consider the country of Philippines. Does the country require renunciation or loss of other citizenships for residence- based acquisition?
international_citizenship_questions__test__4673,international_citizenship_questions,citizenship_status,citizenship_status,Yes,"Consider the country of Poland. Does the country provide for acquisition of citizenship by a person who is adopted by a citizen, or cared for by a similar legal arrangement, and, if so, under which co..."
international_citizenship_questions__test__4741,international_citizenship_questions,citizenship_status,citizenship_status,Yes,"Consider the country of Portugal. Does the country provide for acquisition of citizenship by a person who is adopted by a citizen, or cared for by a similar legal arrangement, and, if so, under which ..."
international_citizenship_questions__test__4803,international_citizenship_questions,citizenship_status,citizenship_status,No,Consider the country of Qatar. Does the country require the demonstration of civic knowledge or cultural integration for residence-based acquisition?
international_citizenship_questions__test__4808,international_citizenship_questions,citizenship_status,citizenship_status,Yes,"Consider the country of Qatar. Does the country provide for acquisition of citizenship by the child of a person who has become a citizen (but the child did not do so at the same time) and, if so, unde..."
international_citizenship_questions__test__4861,international_citizenship_questions,citizenship_status,citizenship_status,No,"Consider the country of Russia. Does the country provide for a child to acquire citizenship based on birth in the territory irrespective of the citizenship and birthplace of his/her parents and, if so..."
international_citizenship_questions__test__4889,international_citizenship_questions,citizenship_status,citizenship_status,Yes,Consider the country of Russia. Does the country provide specific conditions for the acquisition of citizenship by a person in its territory who is stateless or of undetermined citizenship (different ...
international_citizenship_questions__test__4915,international_citizenship_questions,citizenship_status,citizenship_status,No,"Consider the country of Rwanda. Does the country provide for extending the acquisition of citizenship to the spouse or registered partner of a person who is acquiring citizenship and, if so, under whi..."
international_citizenship_questions__test__5038,international_citizenship_questions,citizenship_status,citizenship_status,Yes,Consider the country of Singapore. Which residence conditions does the country provide for residence-based acquisition?
international_citizenship_questions__test__5107,international_citizenship_questions,citizenship_status,citizenship_status,No,Consider the country of Sierra Leone. Does the country require renunciation or loss of other citizenships for residence- based acquisition?
international_citizenship_questions__test__5138,international_citizenship_questions,citizenship_status,citizenship_status,No,"Consider the country of El Salvador. Does the country have a safeguard that provides for the grant of citizenship to an otherwise stateless child born in the country, and if so, under which conditions..."
international_citizenship_questions__test__5147,international_citizenship_questions,citizenship_status,citizenship_status,Yes,"Consider the country of El Salvador. Does the country provide for acquisition of citizenship by the spouse or registered partner of a person who is already a citizen and, if so, under which conditions..."
international_citizenship_questions__test__5155,international_citizenship_questions,citizenship_status,citizenship_status,Yes,"Consider the country of El Salvador. Does the country provide for reacquisition of citizenship by a former citizen, and, if so, under which conditions?"
international_citizenship_questions__test__5168,international_citizenship_questions,citizenship_status,citizenship_status,No,"Consider the country of Somalia. Does the country provide for a child to acquire citizenship based on birth in the territory if one parent was also born there, irrespective of his/her citizenship, and..."
international_citizenship_questions__test__5180,international_citizenship_questions,citizenship_status,citizenship_status,No,"Consider the country of Somalia. Does the country provide for acquisition of citizenship by a person who as a minor has had a certain period of residence or schooling in the country and, if so, under ..."
international_citizenship_questions__test__5183,international_citizenship_questions,citizenship_status,citizenship_status,No,"Consider the country of Somalia. Does the country provide for acquisition of citizenship by a person who is adopted by a citizen, or cared for by a similar legal arrangement, and, if so, under which c..."
international_citizenship_questions__test__5310,international_citizenship_questions,citizenship_status,citizenship_status,Yes,Consider the country of Suriname. Which residence conditions does the country provide for residence-based acquisition?
international_citizenship_questions__test__5313,international_citizenship_questions,citizenship_status,citizenship_status,No,Consider the country of Suriname. Does the country require the demonstration of civic knowledge or cultural integration for residence-based acquisition?
international_citizenship_questions__test__5413,international_citizenship_questions,citizenship_status,citizenship_status,No,Consider the country of Sweden. Does the country require renunciation or loss of other citizenships for residence- based acquisition?
international_citizenship_questions__test__5514,international_citizenship_questions,citizenship_status,citizenship_status,Yes,Consider the country of Syria. Which residence conditions does the country provide for residence-based acquisition?
international_citizenship_questions__test__5539,international_citizenship_questions,citizenship_status,citizenship_status,Yes,"Consider the country of Chad. Does the country permit a parent to confer his or her citizenship on a child born in the territory of the country of citizenship and, if so, under which conditions?"
international_citizenship_questions__test__5559,international_citizenship_questions,citizenship_status,citizenship_status,No,"Consider the country of Chad. Does the country provide for acquisition of citizenship by the spouse, child or grandchild of a former citizen and, if so, under which conditions?"
international_citizenship_questions__test__5573,international_citizenship_questions,citizenship_status,citizenship_status,Yes,"Consider the country of Togo. Does the country permit a parent to confer his or her citizenship on a child born in the territory of the country of citizenship and, if so, under which conditions?"
international_citizenship_questions__test__5574,international_citizenship_questions,citizenship_status,citizenship_status,Yes,"Consider the country of Togo. Does the country permit a parent to confer his or her citizenship on a child born abroad and, if so, under which conditions?"
international_citizenship_questions__test__5635,international_citizenship_questions,citizenship_status,citizenship_status,No,Consider the country of Tajikistan. Does the country provide for facilitated acquisition of citizenship (on easier terms than residence-based acquisition) by a person who has resided in the country fo...
international_citizenship_questions__test__5804,international_citizenship_questions,citizenship_status,citizenship_status,No,Consider the country of Tunisia. Does the country provide for citizen of a country in good acquisition or recognition of citizenship in case of a person who has acted as a citizen in good faith or was...
international_citizenship_questions__test__5820,international_citizenship_questions,citizenship_status,citizenship_status,Yes,Consider the country of Turkey. Which residence conditions does the country provide for residence-based acquisition?
international_citizenship_questions__test__5881,international_citizenship_questions,citizenship_status,citizenship_status,No,"Consider the country of Taiwan. Does the country provide for a child to acquire citizenship based on birth in the territory irrespective of the citizenship and birthplace of his/her parents and, if so..."
international_citizenship_questions__test__5925,international_citizenship_questions,citizenship_status,citizenship_status,No,Consider the country of Tanzania. Does the country require the demonstration of civic knowledge or cultural integration for residence-based acquisition?
international_citizenship_questions__test__5930,international_citizenship_questions,citizenship_status,citizenship_status,Yes,"Consider the country of Tanzania. Does the country provide for acquisition of citizenship by the child of a person who has become a citizen (but the child did not do so at the same time) and, if so, u..."
international_citizenship_questions__test__5947,international_citizenship_questions,citizenship_status,citizenship_status,Yes,"Consider the country of Uganda. Does the country permit a parent to confer his or her citizenship on a child born in the territory of the country of citizenship and, if so, under which conditions?"
international_citizenship_questions__test__5977,international_citizenship_questions,citizenship_status,citizenship_status,No,Consider the country of Uganda. Does the country provide specific conditions for the acquisition of citizenship by a person in its territory who is stateless or of undetermined citizenship (different ...
international_citizenship_questions__test__6065,international_citizenship_questions,citizenship_status,citizenship_status,Yes,"Consider the country of United States of America. Does the country provide for acquisition of citizenship by the spouse or registered partner of a person who is already a citizen and, if so, under whi..."
international_citizenship_questions__test__6118,international_citizenship_questions,citizenship_status,citizenship_status,Yes,"Consider the country of Saint Vincent and the Grenadines. Does the country permit a parent to confer his or her citizenship on a child born abroad and, if so, under which conditions?"
international_citizenship_questions__test__6126,international_citizenship_questions,citizenship_status,citizenship_status,Yes,Consider the country of Saint Vincent and the Grenadines. Which residence conditions does the country provide for residence-based acquisition?
international_citizenship_questions__test__6201,international_citizenship_questions,citizenship_status,citizenship_status,Yes,"Consider the country of Vietnam. Does the country provide for acquisition of citizenship by the spouse or registered partner of a person who is already a citizen and, if so, under which conditions?"
international_citizenship_questions__test__6209,international_citizenship_questions,citizenship_status,citizenship_status,Yes,"Consider the country of Vietnam. Does the country provide for reacquisition of citizenship by a former citizen, and, if so, under which conditions?"
international_citizenship_questions__test__6216,international_citizenship_questions,citizenship_status,citizenship_status,Yes,"Consider the country of Vietnam. Does the country provide for acquisition of citizenship by a person who has special achievements and, if so, under which conditions?"
international_citizenship_questions__test__6224,international_citizenship_questions,citizenship_status,citizenship_status,No,"Consider the country of Vanuatu. Does the country have a safeguard that provides for the grant of citizenship to an otherwise stateless child and, if so, under which conditions?"
international_citizenship_questions__test__6227,international_citizenship_questions,citizenship_status,citizenship_status,Yes,Consider the country of Vanuatu. Does the country provide for period of residence in a residence-based acquisition?
international_citizenship_questions__test__6252,international_citizenship_questions,citizenship_status,citizenship_status,Yes,"Consider the country of Vanuatu. Does the country provide for acquisition of citizenship by a person who makes a specific payment or invests a substantial sum of money in the country and, if so, under..."
international_citizenship_questions__test__6304,international_citizenship_questions,citizenship_status,citizenship_status,No,"Consider the country of Kosovo. Does the country provide for acquisition of citizenship by the child of a person who has become a citizen (but the child did not do so at the same time) and, if so, und..."
international_citizenship_questions__test__6396,international_citizenship_questions,citizenship_status,citizenship_status,Yes,"Consider the country of Zambia. Does the country have a safeguard that provides for the grant of citizenship to an otherwise stateless child born in the country, and if so, under which conditions?"
international_citizenship_questions__test__6482,international_citizenship_questions,citizenship_status,citizenship_status,No,"Consider the country of Angola. Does the country provide for involuntary loss of citizenship by a person one or both of whose parents lose citizenship of the country and, if so, under which conditions..."
international_citizenship_questions__test__6484,international_citizenship_questions,citizenship_status,citizenship_status,No,"Consider the country of Angola. Does the country provide for involuntary loss of citizenship by a person whose descent from a citizen is annulled and, if so, under which conditions?"
international_citizenship_questions__test__6537,international_citizenship_questions,citizenship_status,citizenship_status,No,Consider the country of Armenia. Does the country provide for involuntary loss of citizenship by a person who acquired citizenship at birth and does not renounce another citizenship also acquired at b...
international_citizenship_questions__test__6543,international_citizenship_questions,citizenship_status,citizenship_status,No,"Consider the country of Armenia. Does the country provide for involuntary loss of citizenship by a person whose spouse or registered partner loses citizenship of the country and, if so, under which co..."
international_citizenship_questions__test__6570,international_citizenship_questions,citizenship_status,citizenship_status,Yes,Consider the country of Australia. Does the country provide for involuntary loss of citizenship by a person who has acquired citizenship or been recognised as a citizen as a result of fraud or misrepr...
international_citizenship_questions__test__6572,international_citizenship_questions,citizenship_status,citizenship_status,Yes,"Consider the country of Australia. Does the country provide for involuntary loss of citizenship by a person one or both of whose parents lose citizenship of the country and, if so, under which conditi..."
international_citizenship_questions__test__6596,international_citizenship_questions,citizenship_status,citizenship_status,Yes,"Consider the country of Azerbaijan. Does the country provide for involuntary loss of citizenship by a person who acquires a foreign citizenship and, if so, under which conditions?"
international_citizenship_questions__test__6615,international_citizenship_questions,citizenship_status,citizenship_status,Yes,Consider the country of Burundi. Does the country provide for involuntary loss of citizenship by a person who has acquired citizenship or been recognised as a citizen as a result of fraud or misrepres...
international_citizenship_questions__test__6658,international_citizenship_questions,citizenship_status,citizenship_status,Yes,"Consider the country of Burkina Faso. Does the country provide for involuntary loss of citizenship by a person who is disloyal to the country, whose conduct is considered treasonous or whose loss of c..."
international_citizenship_questions__test__6669,international_citizenship_questions,citizenship_status,citizenship_status,No,"Consider the country of Bangladesh. Does the country provide for involuntary loss of citizenship by a person who renders military service to a foreign country and, if so, under which conditions?"
international_citizenship_questions__test__6735,international_citizenship_questions,citizenship_status,citizenship_status,Yes,Consider the country of Bosnia and Herzegovina. Does the country provide for involuntary loss of citizenship by a person who has acquired citizenship or been recognised as a citizen as a result of fra...
international_citizenship_questions__test__6868,international_citizenship_questions,citizenship_status,citizenship_status,Yes,"Consider the country of Central African Republic. Does the country provide for involuntary loss of citizenship by a person who is disloyal to the country, whose conduct is considered treasonous or who..."
international_citizenship_questions__test__6873,international_citizenship_questions,citizenship_status,citizenship_status,No,"Consider the country of Central African Republic. Does the country provide for involuntary loss of citizenship by a person whose spouse or registered partner loses citizenship of the country and, if s..."
international_citizenship_questions__test__6912,international_citizenship_questions,citizenship_status,citizenship_status,No,Consider the country of Chile. Does the country provide for involuntary loss of citizenship by a person who acquired citizenship at birth and does not renounce another citizenship also acquired at bir...
international_citizenship_questions__test__6916,international_citizenship_questions,citizenship_status,citizenship_status,No,Consider the country of Chile. Does the country provide for involuntary loss of citizenship by a person who acquired or retained citizenship on the condition that he or she renounced another citizensh...
international_citizenship_questions__test__6924,international_citizenship_questions,citizenship_status,citizenship_status,No,"Consider the country of China. Does the country provide for involuntary loss of citizenship by a person who renders military service to a foreign country and, if so, under which conditions?"
international_citizenship_questions__test__6930,international_citizenship_questions,citizenship_status,citizenship_status,No,Consider the country of China. Does the country provide for involuntary loss of citizenship by a person who has acquired citizenship or been recognised as a citizen as a result of fraud or misrepresen...
international_citizenship_questions__test__6932,international_citizenship_questions,citizenship_status,citizenship_status,No,"Consider the country of China. Does the country provide for involuntary loss of citizenship by a person one or both of whose parents lose citizenship of the country and, if so, under which conditions?"
international_citizenship_questions__test__6939,international_citizenship_questions,citizenship_status,citizenship_status,No,"Consider the country of Cote dIvoire. Does the country provide for involuntary loss of citizenship by a person who renders military service to a foreign country and, if so, under which conditions?"
international_citizenship_questions__test__7019,international_citizenship_questions,citizenship_status,citizenship_status,Yes,"Consider the country of Comoros. Does the country provide for involuntary loss of citizenship by a person who commits (criminal) offences (other than those covered in L07) and, if so, under which cond..."
international_citizenship_questions__test__7062,international_citizenship_questions,citizenship_status,citizenship_status,No,Consider the country of Cuba. Does the country provide for involuntary loss of citizenship by a person who acquired citizenship at birth and does not renounce another citizenship also acquired at birt...
international_citizenship_questions__test__7123,international_citizenship_questions,citizenship_status,citizenship_status,Yes,"Consider the country of Djibouti. Does the country provide for involuntary loss of citizenship by a person who is disloyal to the country, whose conduct is considered treasonous or whose loss of citiz..."
international_citizenship_questions__test__7177,international_citizenship_questions,citizenship_status,citizenship_status,Yes,"Consider the country of Algeria. Does the country provide for a citizen to voluntarily renounce his/her citizenship and, if so, under which conditions?"
international_citizenship_questions__test__7260,international_citizenship_questions,citizenship_status,citizenship_status,Yes,Consider the country of Estonia. Does the country provide for involuntary loss of citizenship by a person who has acquired citizenship or been recognised as a citizen as a result of fraud or misrepres...
international_citizenship_questions__test__7350,international_citizenship_questions,citizenship_status,citizenship_status,Yes,Consider the country of Gabon. Does the country provide for involuntary loss of citizenship by a person who has acquired citizenship or been recognised as a citizen as a result of fraud or misrepresen...
international_citizenship_questions__test__7359,international_citizenship_questions,citizenship_status,citizenship_status,No,"Consider the country of United Kingdom. Does the country provide for involuntary loss of citizenship by a person who renders military service to a foreign country and, if so, under which conditions?"
international_citizenship_questions__test__7397,international_citizenship_questions,citizenship_status,citizenship_status,No,"Consider the country of Ghana. Does the country provide for involuntary loss of citizenship by a person one or both of whose parents lose citizenship of the country and, if so, under which conditions?"
international_citizenship_questions__test__7428,international_citizenship_questions,citizenship_status,citizenship_status,No,"Consider the country of Gambia. Does the country provide for involuntary loss of citizenship by a person whose spouse or registered partner loses citizenship of the country and, if so, under which con..."
international_citizenship_questions__test__7433,international_citizenship_questions,citizenship_status,citizenship_status,No,"Consider the country of Guinea Bissau. Does the country provide for involuntary loss of citizenship because of residence abroad and, if so, under which conditions?"
international_citizenship_questions__test__7454,international_citizenship_questions,citizenship_status,citizenship_status,Yes,"Consider the country of Equatorial Guinea. Does the country provide for involuntary loss of citizenship by a person who commits (criminal) offences (other than those covered in L07) and, if so, under ..."
international_citizenship_questions__test__7491,international_citizenship_questions,citizenship_status,citizenship_status,No,"Consider the country of Grenada. Does the country provide for involuntary loss of citizenship by a person who acquired citizenship as a foundling, on the basis of apparent status as a citizen, or as a..."
international_citizenship_questions__test__7508,international_citizenship_questions,citizenship_status,citizenship_status,No,"Consider the country of Guyana. Does the country provide for involuntary loss of citizenship because of residence abroad and, if so, under which conditions?"
international_citizenship_questions__test__7517,international_citizenship_questions,citizenship_status,citizenship_status,No,"Consider the country of Guyana. Does the country provide for involuntary loss of citizenship by a person one or both of whose parents lose citizenship of the country and, if so, under which conditions..."
international_citizenship_questions__test__7527,international_citizenship_questions,citizenship_status,citizenship_status,No,Consider the country of Honduras. Does the country provide for involuntary loss of citizenship by a person who acquired citizenship at birth and does not renounce another citizenship also acquired at ...
international_citizenship_questions__test__7573,international_citizenship_questions,citizenship_status,citizenship_status,No,"Consider the country of Hungary. Does the country provide for involuntary loss of citizenship by a person who is disloyal to the country, whose conduct is considered treasonous or whose loss of citize..."
international_citizenship_questions__test__7579,international_citizenship_questions,citizenship_status,citizenship_status,No,"Consider the country of Hungary. Does the country provide for involuntary loss of citizenship by a person whose descent from a citizen is annulled and, if so, under which conditions?"
international_citizenship_questions__test__7651,international_citizenship_questions,citizenship_status,citizenship_status,No,Consider the country of Iraq. Does the country provide for involuntary loss of citizenship by a person who acquired or retained citizenship on the condition that he or she renounced another citizenshi...
international_citizenship_questions__test__7668,international_citizenship_questions,citizenship_status,citizenship_status,No,"Consider the country of Iceland. Does the country provide for involuntary loss of citizenship by a person whose spouse or registered partner loses citizenship of the country and, if so, under which co..."
international_citizenship_questions__test__7744,international_citizenship_questions,citizenship_status,citizenship_status,No,"Consider the country of Japan. Does the country provide for involuntary loss of citizenship by a person whose descent from a citizen is annulled and, if so, under which conditions?"
international_citizenship_questions__test__7749,international_citizenship_questions,citizenship_status,citizenship_status,Yes,"Consider the country of Kazakhstan. Does the country provide for involuntary loss of citizenship by a person who renders military service to a foreign country and, if so, under which conditions?"
international_citizenship_questions__test__7787,international_citizenship_questions,citizenship_status,citizenship_status,No,"Consider the country of Kyrgyzstan. Does the country provide for involuntary loss of citizenship by a person one or both of whose parents lose citizenship of the country and, if so, under which condit..."
international_citizenship_questions__test__7811,international_citizenship_questions,citizenship_status,citizenship_status,Yes,"Consider the country of Kiribati. Does the country provide for involuntary loss of citizenship by a person who acquires a foreign citizenship and, if so, under which conditions?"
international_citizenship_questions__test__7886,international_citizenship_questions,citizenship_status,citizenship_status,No,"Consider the country of Lebanon. Does the country provide for involuntary loss of citizenship by a person who acquires a foreign citizenship and, if so, under which conditions?"
international_citizenship_questions__test__7953,international_citizenship_questions,citizenship_status,citizenship_status,No,"Consider the country of Liechtenstein. Does the country provide for involuntary loss of citizenship by a person whose spouse or registered partner loses citizenship of the country and, if so, under wh..."
international_citizenship_questions__test__7956,international_citizenship_questions,citizenship_status,citizenship_status,No,"Consider the country of Liechtenstein. Does the country provide for involuntary loss of citizenship by a person who acquired citizenship as a foundling, on the basis of apparent status as a citizen, o..."
international_citizenship_questions__test__7962,international_citizenship_questions,citizenship_status,citizenship_status,Yes,Consider the country of Sri Lanka. Does the country provide for involuntary loss of citizenship by a person who acquired citizenship at birth and does not renounce another citizenship also acquired at...
international_citizenship_questions__test__7973,international_citizenship_questions,citizenship_status,citizenship_status,Yes,"Consider the country of Lesotho. Does the country provide for involuntary loss of citizenship because of residence abroad and, if so, under which conditions?"
international_citizenship_questions__test__8005,international_citizenship_questions,citizenship_status,citizenship_status,No,"Consider the country of Luxembourg. Does the country provide for involuntary loss of citizenship by a person who renders (non- military) services to a foreign country and, if so, under which condition..."
international_citizenship_questions__test__8085,international_citizenship_questions,citizenship_status,citizenship_status,Yes,Consider the country of Mexico. Does the country provide for involuntary loss of citizenship by a person who has acquired citizenship or been recognised as a citizen as a result of fraud or misreprese...
international_citizenship_questions__test__8179,international_citizenship_questions,citizenship_status,citizenship_status,Yes,"Consider the country of Montenegro. Does the country provide for involuntary loss of citizenship by a person whose descent from a citizen is annulled and, if so, under which conditions?"
international_citizenship_questions__test__8201,international_citizenship_questions,citizenship_status,citizenship_status,No,"Consider the country of Mozambique. Does the country provide for involuntary loss of citizenship by a person who acquires a foreign citizenship and, if so, under which conditions?"
international_citizenship_questions__test__8238,international_citizenship_questions,citizenship_status,citizenship_status,No,"Consider the country of Mauritius. Does the country provide for involuntary loss of citizenship by a person whose spouse or registered partner loses citizenship of the country and, if so, under which ..."
international_citizenship_questions__test__8279,international_citizenship_questions,citizenship_status,citizenship_status,Yes,"Consider the country of Namibia. Does the country provide for involuntary loss of citizenship by a person who commits (criminal) offences (other than those covered in L07) and, if so, under which cond..."
international_citizenship_questions__test__8288,international_citizenship_questions,citizenship_status,citizenship_status,No,"Consider the country of Niger. Does the country provide for involuntary loss of citizenship because of residence abroad and, if so, under which conditions?"
international_citizenship_questions__test__8317,international_citizenship_questions,citizenship_status,citizenship_status,No,"Consider the country of Nicaragua. Does the country provide for a citizen to voluntarily renounce his/her citizenship and, if so, under which conditions?"
international_citizenship_questions__test__8320,international_citizenship_questions,citizenship_status,citizenship_status,No,"Consider the country of Nicaragua. Does the country provide for involuntary loss of citizenship by a person who renders (non- military) services to a foreign country and, if so, under which conditions..."
international_citizenship_questions__test__8348,international_citizenship_questions,citizenship_status,citizenship_status,Yes,"Consider the country of Norway. Does the country provide for involuntary loss of citizenship because of residence abroad and, if so, under which conditions?"
international_citizenship_questions__test__8423,international_citizenship_questions,citizenship_status,citizenship_status,Yes,"Consider the country of Pakistan. Does the country provide for involuntary loss of citizenship because of residence abroad and, if so, under which conditions?"
international_citizenship_questions__test__8479,international_citizenship_questions,citizenship_status,citizenship_status,No,"Consider the country of Philippines. Does the country provide for involuntary loss of citizenship by a person whose descent from a citizen is annulled and, if so, under which conditions?"
international_citizenship_questions__test__8565,international_citizenship_questions,citizenship_status,citizenship_status,No,Consider the country of Paraguay. Does the country provide for involuntary loss of citizenship by a person who has acquired citizenship or been recognised as a citizen as a result of fraud or misrepre...
international_citizenship_questions__test__8645,international_citizenship_questions,citizenship_status,citizenship_status,No,"Consider the country of Saudi Arabia. Does the country provide for involuntary loss of citizenship by a person who is adopted by or in legal guardianship of a citizen of another country and, if so, un..."
international_citizenship_questions__test__8669,international_citizenship_questions,citizenship_status,citizenship_status,Yes,"Consider the country of Senegal. Does the country provide for involuntary loss of citizenship by a person who commits (criminal) offences (other than those covered in L07) and, if so, under which cond..."
international_citizenship_questions__test__8689,international_citizenship_questions,citizenship_status,citizenship_status,No,"Consider the country of Singapore. Does the country provide for involuntary loss of citizenship by a person whose descent from a citizen is annulled and, if so, under which conditions?"
international_citizenship_questions__test__8701,international_citizenship_questions,citizenship_status,citizenship_status,No,Consider the country of Solomon Islands. Does the country provide for involuntary loss of citizenship by a person who acquired or retained citizenship on the condition that he or she renounced another...
international_citizenship_questions__test__8727,international_citizenship_questions,citizenship_status,citizenship_status,No,Consider the country of El Salvador. Does the country provide for involuntary loss of citizenship by a person who acquired citizenship at birth and does not renounce another citizenship also acquired ...
international_citizenship_questions__test__8751,international_citizenship_questions,citizenship_status,citizenship_status,No,"Consider the country of Somalia. Does the country provide for involuntary loss of citizenship by a person who acquired citizenship as a foundling, on the basis of apparent status as a citizen, or as a..."
international_citizenship_questions__test__8785,international_citizenship_questions,citizenship_status,citizenship_status,Yes,"Consider the country of Sao Tome and Principe. Does the country provide for involuntary loss of citizenship by a person who renders (non- military) services to a foreign country and, if so, under whic..."
international_citizenship_questions__test__8786,international_citizenship_questions,citizenship_status,citizenship_status,No,"Consider the country of Sao Tome and Principe. Does the country provide for involuntary loss of citizenship by a person who acquires a foreign citizenship and, if so, under which conditions?"
international_citizenship_questions__test__8797,international_citizenship_questions,citizenship_status,citizenship_status,Yes,"Consider the country of Suriname. Does the country provide for a citizen to voluntarily renounce his/her citizenship and, if so, under which conditions?"
international_citizenship_questions__test__8808,international_citizenship_questions,citizenship_status,citizenship_status,No,"Consider the country of Suriname. Does the country provide for involuntary loss of citizenship by a person whose spouse or registered partner loses citizenship of the country and, if so, under which c..."
international_citizenship_questions__test__8830,international_citizenship_questions,citizenship_status,citizenship_status,No,"Consider the country of Slovenia. Does the country provide for involuntary loss of citizenship by a person who renders (non- military) services to a foreign country and, if so, under which conditions?"
international_citizenship_questions__test__8834,international_citizenship_questions,citizenship_status,citizenship_status,No,"Consider the country of Slovenia. Does the country provide for involuntary loss of citizenship by a person who commits (criminal) offences (other than those covered in L07) and, if so, under which con..."
international_citizenship_questions__test__8835,international_citizenship_questions,citizenship_status,citizenship_status,Yes,Consider the country of Slovenia. Does the country provide for involuntary loss of citizenship by a person who has acquired citizenship or been recognised as a citizen as a result of fraud or misrepre...
international_citizenship_questions__test__8837,international_citizenship_questions,citizenship_status,citizenship_status,Yes,"Consider the country of Slovenia. Does the country provide for involuntary loss of citizenship by a person one or both of whose parents lose citizenship of the country and, if so, under which conditio..."
international_citizenship_questions__test__8856,international_citizenship_questions,citizenship_status,citizenship_status,Yes,"Consider the country of Sweden. Does the country provide for involuntary loss of citizenship by a person who acquired citizenship as a foundling, on the basis of apparent status as a citizen, or as a ..."
international_citizenship_questions__test__8883,international_citizenship_questions,citizenship_status,citizenship_status,No,"Consider the country of Seychelles. Does the country provide for involuntary loss of citizenship by a person whose spouse or registered partner loses citizenship of the country and, if so, under which..."
international_citizenship_questions__test__8928,international_citizenship_questions,citizenship_status,citizenship_status,No,"Consider the country of Togo. Does the country provide for involuntary loss of citizenship by a person whose spouse or registered partner loses citizenship of the country and, if so, under which condi..."
international_citizenship_questions__test__8935,international_citizenship_questions,citizenship_status,citizenship_status,Yes,"Consider the country of Tajikistan. Does the country provide for involuntary loss of citizenship by a person who renders (non- military) services to a foreign country and, if so, under which condition..."
international_citizenship_questions__test__9007,international_citizenship_questions,citizenship_status,citizenship_status,No,"Consider the country of Tunisia. Does the country provide for a citizen to voluntarily renounce his/her citizenship and, if so, under which conditions?"
international_citizenship_questions__test__9016,international_citizenship_questions,citizenship_status,citizenship_status,No,Consider the country of Tunisia. Does the country provide for involuntary loss of citizenship by a person who acquired or retained citizenship on the condition that he or she renounced another citizen...
international_citizenship_questions__test__9044,international_citizenship_questions,citizenship_status,citizenship_status,No,"Consider the country of Tuvalu. Does the country provide for involuntary loss of citizenship by a person who commits (criminal) offences (other than those covered in L07) and, if so, under which condi..."
international_citizenship_questions__test__9064,international_citizenship_questions,citizenship_status,citizenship_status,No,"Consider the country of Taiwan. Does the country provide for involuntary loss of citizenship by a person whose descent from a citizen is annulled and, if so, under which conditions?"
international_citizenship_questions__test__9075,international_citizenship_questions,citizenship_status,citizenship_status,Yes,Consider the country of Tanzania. Does the country provide for involuntary loss of citizenship by a person who has acquired citizenship or been recognised as a citizen as a result of fraud or misrepre...
international_citizenship_questions__test__9105,international_citizenship_questions,citizenship_status,citizenship_status,Yes,Consider the country of Ukraine. Does the country provide for involuntary loss of citizenship by a person who has acquired citizenship or been recognised as a citizen as a result of fraud or misrepres...
international_citizenship_questions__test__9125,international_citizenship_questions,citizenship_status,citizenship_status,No,"Consider the country of Uruguay. Does the country provide for involuntary loss of citizenship by a person who is adopted by or in legal guardianship of a citizen of another country and, if so, under w..."
international_citizenship_questions__test__9195,international_citizenship_questions,citizenship_status,citizenship_status,Yes,Consider the country of Vietnam. Does the country provide for involuntary loss of citizenship by a person who has acquired citizenship or been recognised as a citizen as a result of fraud or misrepres...
international_citizenship_questions__test__9197,international_citizenship_questions,citizenship_status,citizenship_status,Yes,"Consider the country of Vietnam. Does the country provide for involuntary loss of citizenship by a person one or both of whose parents lose citizenship of the country and, if so, under which condition..."
international_citizenship_questions__test__9224,international_citizenship_questions,citizenship_status,citizenship_status,Yes,"Consider the country of Samoa. Does the country provide for involuntary loss of citizenship by a person who commits (criminal) offences (other than those covered in L07) and, if so, under which condit..."
international_citizenship_questions__test__9260,international_citizenship_questions,citizenship_status,citizenship_status,No,"Consider the country of Yemen. Does the country provide for involuntary loss of citizenship by a person who is adopted by or in legal guardianship of a citizen of another country and, if so, under whi..."
international_citizenship_questions__test__9292,international_citizenship_questions,citizenship_status,citizenship_status,Yes,"Consider the country of Zimbabwe. Does the country provide for a citizen to voluntarily renounce his/her citizenship and, if so, under which conditions?"
international_citizenship_questions__test__9295,international_citizenship_questions,citizenship_status,citizenship_status,No,"Consider the country of Zimbabwe. Does the country provide for involuntary loss of citizenship by a person who renders (non- military) services to a foreign country and, if so, under which conditions?"
nys_judicial_ethics__test__5,nys_judicial_ethics,judicial_ethics,judicial_ethics,Yes,Is the application of a US Supreme Court decision to a judge's plea allocution practices a question of law beyond the Committee's statutory authority?
nys_judicial_ethics__test__6,nys_judicial_ethics,judicial_ethics,judicial_ethics,Yes,Can a judge serve as a consultant to a professor for a research project concerning jurors' memories if they follow certain guidelines?
nys_judicial_ethics__test__7,nys_judicial_ethics,judicial_ethics,judicial_ethics,Yes,Can a town judge permit the town court clerk to serve as a town election inspector/poll manager if the judge's name appears on the ballot?
nys_judicial_ethics__test__8,nys_judicial_ethics,judicial_ethics,judicial_ethics,No,Can a judge sign a roster of attorneys supporting a particular candidate for judicial office or express an opinion about the qualifications of a judicial candidate?
nys_judicial_ethics__test__9,nys_judicial_ethics,judicial_ethics,judicial_ethics,Yes,Can a judge convey objective factual information to an attorney in a custody case without advocating for any party?
nys_judicial_ethics__test__10,nys_judicial_ethics,judicial_ethics,judicial_ethics,No,Is a judge allowed to advocate for a party in a custody case while conveying objective factual information to an attorney?
nys_judicial_ethics__test__11,nys_judicial_ethics,judicial_ethics,judicial_ethics,Yes,Is a town justice permitted to furnish advance copies of the court's criminal calendar to the District Attorney and Public Defender if reasonable requests are complied with?
nys_judicial_ethics__test__12,nys_judicial_ethics,judicial_ethics,judicial_ethics,No,Can a town justice refuse to comply with reasonable requests for the court's criminal calendar while providing advance copies to the District Attorney and Public Defender?
nys_judicial_ethics__test__13,nys_judicial_ethics,judicial_ethics,judicial_ethics,Yes,Should a judge who is a candidate for judicial office disqualify themselves from presiding in a case involving an attorney from the political party's screening panel?
nys_judicial_ethics__test__14,nys_judicial_ethics,judicial_ethics,judicial_ethics,No,Can a judge who is a candidate for judicial office preside over a case involving an attorney from the political party's screening panel without disqualification?
nys_judicial_ethics__test__15,nys_judicial_ethics,judicial_ethics,judicial_ethics,Yes,Is a judge required to disqualify themselves from cases involving an attorney they reported for a violation of the Rules of Professional Conduct?
nys_judicial_ethics__test__16,nys_judicial_ethics,judicial_ethics,judicial_ethics,Yes,Is a judge required to take appropriate action if there's a substantial likelihood that an attorney has committed a substantial violation of the Rules of Professional Conduct?
nys_judicial_ethics__test__17,nys_judicial_ethics,judicial_ethics,judicial_ethics,Yes,Should a village justice insulate the court clerk from any matter involving a law firm that employs the court clerk's non-lawyer child as a paralegal?
nys_judicial_ethics__test__18,nys_judicial_ethics,judicial_ethics,judicial_ethics,Yes,Can a part-time village justice mandate that youthful offenders attend a specific defensive driving program without special circumstances creating an appearance of impropriety?
nys_judicial_ethics__test__19,nys_judicial_ethics,judicial_ethics,judicial_ethics,Yes,"Can a judge refer defendants to a defensive driving program if their spouse is an instructor, provided that the spouse will not instruct any defendants referred by the judge?"
nys_judicial_ethics__test__20,nys_judicial_ethics,judicial_ethics,judicial_ethics,Yes,"Must a judge disqualify themselves, subject to remittal, in cases where their spouse testifies as a witness concerning a defendant's participation in a defensive driving program employing the judge's ..."
nys_judicial_ethics__test__21,nys_judicial_ethics,judicial_ethics,judicial_ethics,No,"Can a judge preside over a case where their spouse testifies as a witness concerning a defendant's participation in a defensive driving program employing the judge's spouse, without disqualifying them..."
nys_judicial_ethics__test__22,nys_judicial_ethics,judicial_ethics,judicial_ethics,Yes,Can a judge's partners and associates continue to appear before all other judges of the City Court when the judge is temporarily assigned to serve in the City Court?
nys_judicial_ethics__test__23,nys_judicial_ethics,judicial_ethics,judicial_ethics,No,Must a judge's partners and associates stop appearing before all other judges of the City Court when the judge is temporarily assigned to serve in the City Court?
nys_judicial_ethics__test__24,nys_judicial_ethics,judicial_ethics,judicial_ethics,No,Can a part-time judge accept employment as a process server and provide services in matters that will be heard in his/her court?
nys_judicial_ethics__test__25,nys_judicial_ethics,judicial_ethics,judicial_ethics,Yes,Can a part-time judge accept employment as a process server and provide services in matters that will not be heard in his/her court?
nys_judicial_ethics__test__26,nys_judicial_ethics,judicial_ethics,judicial_ethics,No,Is a judge allowed to display a slogan adopted by a partisan political party on his/her vehicle?
nys_judicial_ethics__test__27,nys_judicial_ethics,judicial_ethics,judicial_ethics,Yes,Is a judge allowed to display a non-political slogan on his/her vehicle?
nys_judicial_ethics__test__28,nys_judicial_ethics,judicial_ethics,judicial_ethics,No,Should a judge meet with the Chief of Police and the Commissioner of Public Works to discuss the judge's decisions to dismiss parking tickets?
nys_judicial_ethics__test__29,nys_judicial_ethics,judicial_ethics,judicial_ethics,Yes,Should a judge avoid meeting with the Chief of Police and the Commissioner of Public Works to discuss the judge's decisions to dismiss parking tickets?
nys_judicial_ethics__test__30,nys_judicial_ethics,judicial_ethics,judicial_ethics,Yes,Can a full-time judge serve on the Board of Directors of a not-for-profit organization promoting safety standards and administrative reform in the sport of boxing?
nys_judicial_ethics__test__31,nys_judicial_ethics,judicial_ethics,judicial_ethics,No,Can a full-time judge meet with members of the State Legislature to promote the legislative agenda of a not-for-profit organization he/she serves on?
nys_judicial_ethics__test__32,nys_judicial_ethics,judicial_ethics,judicial_ethics,Yes,Can a judge donate a photograph they created to a not-for-profit organization without being identified as the donor?
nys_judicial_ethics__test__33,nys_judicial_ethics,judicial_ethics,judicial_ethics,No,Can a judge donate a photograph they created to a not-for-profit organization and allow themselves to be identified as the donor?
nys_judicial_ethics__test__34,nys_judicial_ethics,judicial_ethics,judicial_ethics,Yes,Is it prohibited for a judge to serve on a panel discussing legislative redistricting due to its political nature?
nys_judicial_ethics__test__35,nys_judicial_ethics,judicial_ethics,judicial_ethics,No,Can a judge serve on a panel discussing legislative redistricting without any concerns about its political nature?
nys_judicial_ethics__test__36,nys_judicial_ethics,judicial_ethics,judicial_ethics,Yes,"Can a judge continue to preside over a case if they believe they can be impartial, despite having prior connections with an attorney or learning about campaign donors?"
nys_judicial_ethics__test__37,nys_judicial_ethics,judicial_ethics,judicial_ethics,No,"Should a judge always disqualify themselves in cases with prior connections to an attorney or knowledge of campaign donors, regardless of their belief in their impartiality?"
nys_judicial_ethics__test__38,nys_judicial_ethics,judicial_ethics,judicial_ethics,Yes,Is it prohibited for a judge to accept a leadership position in a not-for-profit organization responsible for increasing membership?
nys_judicial_ethics__test__39,nys_judicial_ethics,judicial_ethics,judicial_ethics,No,Can a judge accept a leadership position in a not-for-profit organization responsible for increasing membership?
nys_judicial_ethics__test__40,nys_judicial_ethics,judicial_ethics,judicial_ethics,Yes,Is a judge required to report to the Commission on Judicial Conduct if another judge offers to have a police officer destroy a traffic ticket issued to their relative?
nys_judicial_ethics__test__41,nys_judicial_ethics,judicial_ethics,judicial_ethics,No,Can a judge ignore another judge's offer to have a police officer destroy a traffic ticket issued to their relative without reporting it?
nys_judicial_ethics__test__42,nys_judicial_ethics,judicial_ethics,judicial_ethics,Yes,Should a Town Justice disqualify themselves when their siblings appear in their court or when the Town is a party in a case because a sibling is the Town Supervisor?
nys_judicial_ethics__test__43,nys_judicial_ethics,judicial_ethics,judicial_ethics,No,Is it acceptable for a Town Justice not to disqualify themselves when their siblings appear in their court or when the Town is a party in a case because a sibling is the Town Supervisor?
nys_judicial_ethics__test__44,nys_judicial_ethics,judicial_ethics,judicial_ethics,Yes,Is it prohibited for a judge who is a member or officer of a house of worship to personally solicit contributions by preaching a sermon on tithing?
nys_judicial_ethics__test__45,nys_judicial_ethics,judicial_ethics,judicial_ethics,No,Can a judge who is a member or officer of a house of worship personally solicit contributions by preaching a sermon on tithing?
nys_judicial_ethics__test__46,nys_judicial_ethics,judicial_ethics,judicial_ethics,Yes,"Can a part-time judge who practices law apply for certificates of occupancy and building permits on behalf of clients in the village where they preside, as long as the application is ministerial and n..."
nys_judicial_ethics__test__47,nys_judicial_ethics,judicial_ethics,judicial_ethics,Yes,Is it acceptable for a judge who believes they can be fair and impartial to preside when the court clerk testifies about the defendant's proof of compliance with a condition of their sentence?
nys_judicial_ethics__test__48,nys_judicial_ethics,judicial_ethics,judicial_ethics,No,Must a judge who believes they can be fair and impartial recuse themselves when the court clerk testifies about the defendant's proof of compliance with a condition of their sentence?
nys_judicial_ethics__test__49,nys_judicial_ethics,judicial_ethics,judicial_ethics,Yes,Can a judge preside over a tax certiorari case even if they reside in the town or school district where the tax refund is sought?
nys_judicial_ethics__test__50,nys_judicial_ethics,judicial_ethics,judicial_ethics,No,Is a judge disqualified from a tax certiorari case if they reside in the town or school district where the tax refund is sought?
nys_judicial_ethics__test__51,nys_judicial_ethics,judicial_ethics,judicial_ethics,Yes,Can a judge write a column for a bar association's newsletter about evidentiary issues related to a red light camera program?
nys_judicial_ethics__test__52,nys_judicial_ethics,judicial_ethics,judicial_ethics,No,Is a judge allowed to express personal opinions about the red light camera program in the bar association's newsletter?
nys_judicial_ethics__test__53,nys_judicial_ethics,judicial_ethics,judicial_ethics,No,Can a village court clerk serve as a clerk for the same village and as a receptionist for the village police department?
nys_judicial_ethics__test__54,nys_judicial_ethics,judicial_ethics,judicial_ethics,Yes,Is a village justice allowed to have the Village Clerk assist the village court clerk in verifying court bank deposits?
nys_judicial_ethics__test__55,nys_judicial_ethics,judicial_ethics,judicial_ethics,Yes,Is a judge required to determine if disqualification is necessary due to a relationship with a former colleague?
nys_judicial_ethics__test__56,nys_judicial_ethics,judicial_ethics,judicial_ethics,No,Can a judge ignore their relationship with a former colleague when deciding on disqualification?
nys_judicial_ethics__test__57,nys_judicial_ethics,judicial_ethics,judicial_ethics,Yes,Can a Support Magistrate speak as a private citizen at public hearings about natural gas drilling in their county?
nys_judicial_ethics__test__58,nys_judicial_ethics,judicial_ethics,judicial_ethics,No,Is a Support Magistrate allowed to use official stationery when writing to elected officials about natural gas drilling?
nys_judicial_ethics__test__59,nys_judicial_ethics,judicial_ethics,judicial_ethics,Yes,Should a part-time town justice disclose a recent funeral service provided to an attorney appearing in their court?
nys_judicial_ethics__test__60,nys_judicial_ethics,judicial_ethics,judicial_ethics,No,Can a part-time town justice avoid disqualification when a self-represented party is involved during the two-year period?
nys_judicial_ethics__test__61,nys_judicial_ethics,judicial_ethics,judicial_ethics,Yes,Is a part-time judge disqualified from cases involving an attorney to whom they rent office space?
nys_judicial_ethics__test__62,nys_judicial_ethics,judicial_ethics,judicial_ethics,No,Can a part-time judge preside over a case involving an attorney renting office space from the judge without disqualification?
nys_judicial_ethics__test__63,nys_judicial_ethics,judicial_ethics,judicial_ethics,Yes,Can a part-time judge who owns a consulting company provide consulting services to village officials in a neighboring county regarding establishing a village court?
nys_judicial_ethics__test__64,nys_judicial_ethics,judicial_ethics,judicial_ethics,No,Can a part-time judge who owns a consulting company provide consulting services to village officials in the same county regarding establishing a village court?
nys_judicial_ethics__test__65,nys_judicial_ethics,judicial_ethics,judicial_ethics,Yes,Can a judge nominate a probation department employee for an award acknowledging significant assistance in court administration?
nys_judicial_ethics__test__66,nys_judicial_ethics,judicial_ethics,judicial_ethics,No,Can a judge nominate a probation department employee for an award acknowledging personal achievements unrelated to court administration?
nys_judicial_ethics__test__67,nys_judicial_ethics,judicial_ethics,judicial_ethics,Yes,Must a judge disqualify themselves from cases involving their spouse's attorney when their spouse is considering making a claim against a municipality for personal injuries?
nys_judicial_ethics__test__68,nys_judicial_ethics,judicial_ethics,judicial_ethics,No,Can a judge continue to preside over cases involving their spouse's attorney when their spouse is considering making a claim against a municipality for personal injuries?
nys_judicial_ethics__test__69,nys_judicial_ethics,judicial_ethics,judicial_ethics,No,Can a part-time town justice serve as a character reference for a friend applying for a pistol permit?
nys_judicial_ethics__test__70,nys_judicial_ethics,judicial_ethics,judicial_ethics,Yes,Can a part-time town justice serve as a character reference for a friend applying for a job unrelated to firearms?
nys_judicial_ethics__test__71,nys_judicial_ethics,judicial_ethics,judicial_ethics,Yes,Can a full-time judge teach a law school clinic related to legislation on racially motivated crimes?
nys_judicial_ethics__test__72,nys_judicial_ethics,judicial_ethics,judicial_ethics,Yes,Is it allowed for a full-time judge to discuss a possible TV show involving the criminal justice system with producers?
nys_judicial_ethics__test__73,nys_judicial_ethics,judicial_ethics,judicial_ethics,Yes,Can a part-time judge work at a child advocacy center in a different county and serve as treasurer of a volunteer fire department?
nys_judicial_ethics__test__74,nys_judicial_ethics,judicial_ethics,judicial_ethics,Yes,Can a part-time town justice serve as a part-time assistant conflict defender in the same county as their court?
nys_judicial_ethics__test__75,nys_judicial_ethics,judicial_ethics,judicial_ethics,No,Is it unethical for a court to provide a simplified form informing defendants of all their options in Vehicle and Traffic Law violations cases?
nys_judicial_ethics__test__76,nys_judicial_ethics,judicial_ethics,judicial_ethics,No,Is the Advisory Committee on Judicial Ethics able to resolve legal or administrative questions?
nys_judicial_ethics__test__77,nys_judicial_ethics,judicial_ethics,judicial_ethics,Yes,Is a judge ordinarily disqualified from all matters involving the police department where their sibling is the Police Chief?
nys_judicial_ethics__test__78,nys_judicial_ethics,judicial_ethics,judicial_ethics,Yes,"When a judge is disqualified from all matters involving the police department where their sibling is the Police Chief, is the disqualification be subject to remittal if the judge's sibling is unlikely..."
nys_judicial_ethics__test__79,nys_judicial_ethics,judicial_ethics,judicial_ethics,Yes,Can a judge preside over a trial-ready case involving the police department if a police officer is unlikely to be called in the matter and the judge does not decide any issues concerning the conduct o...
nys_judicial_ethics__test__80,nys_judicial_ethics,judicial_ethics,judicial_ethics,No,"Is a judge disqualified from a trial-ready case involving the police department if a police officer is called as a witness, even if their sibling is unlikely to personally appear in the courtroom and ..."
nys_judicial_ethics__test__81,nys_judicial_ethics,judicial_ethics,judicial_ethics,Yes,Can a full-time judge participate in a group organized by the Governor's office and the Department of Motor Vehicles to propose simpler verbiage and more logical organization for the Vehicle and Traff...
nys_judicial_ethics__test__82,nys_judicial_ethics,judicial_ethics,judicial_ethics,No,Is a full-time judge allowed to be compensated for work performed on behalf of the group that proposes simpler verbiage and more logical organization for the Vehicle and Traffic Law?
nys_judicial_ethics__test__83,nys_judicial_ethics,judicial_ethics,judicial_ethics,Yes,"Must a judge disclose their former marital relationship with a law enforcement officer who issued the accusatory instrument for a Vehicle and Traffic Law charge, even if any financial obligations betw..."
nys_judicial_ethics__test__84,nys_judicial_ethics,judicial_ethics,judicial_ethics,No,Is a full-time judge required to report their mortgage interest income to the clerk of the court under Section 100.4(H)(2)?
nys_judicial_ethics__test__85,nys_judicial_ethics,judicial_ethics,judicial_ethics,No,Is a candidate for elective judicial office allowed to provide free notary services to the public to promote their campaign?
nys_judicial_ethics__test__86,nys_judicial_ethics,judicial_ethics,judicial_ethics,No,Must a part-time non-attorney judge resign from the board of directors of a property owners association in another county if the association may take delinquent owners to small claims court to recover...
nys_judicial_ethics__test__87,nys_judicial_ethics,judicial_ethics,judicial_ethics,Yes,"Is a judicial candidate or their campaign committee allowed to post photographs on social media of the candidate together with sitting judges at a public or professional event, if the photograph was p..."
nys_judicial_ethics__test__88,nys_judicial_ethics,judicial_ethics,judicial_ethics,No,"Can the Committee address legal/administrative issues relating to the court system's vaccination policies, such as whether a judge may delay vaccination beyond the deadline after denial of their exemp..."
nys_judicial_ethics__test__89,nys_judicial_ethics,judicial_ethics,judicial_ethics,Yes,"Can a judge communicate their opposition to court administrators deeming them ""unfit for service"" if they do not comply with vaccination policies, provided that the communication comports with the dig..."
nys_judicial_ethics__test__90,nys_judicial_ethics,judicial_ethics,judicial_ethics,Yes,Can a full-time judge who previously served as a supervising ALJ and Chief ALJ with the Board of Parole Revocation Bureau preside over the criminal matters of defendants for whom a revocation proceedi...
nys_judicial_ethics__test__91,nys_judicial_ethics,judicial_ethics,judicial_ethics,No,Can a full-time judge who previously served as a supervising ALJ and Chief ALJ with the Board of Parole Revocation Bureau preside over the criminal matters of individuals for whom a revocation proceed...
nys_judicial_ethics__test__92,nys_judicial_ethics,judicial_ethics,judicial_ethics,Yes,"Can a full-time judge share their observations of agency operations and procedures used when removing children from their homes with the head of a children's services agency, subject to certain limita..."
nys_judicial_ethics__test__93,nys_judicial_ethics,judicial_ethics,judicial_ethics,Yes,"Can a part-time judge serve as an applications systems analyst for the university police of a private, not-for-profit university in another county?"
nys_judicial_ethics__test__94,nys_judicial_ethics,judicial_ethics,judicial_ethics,Yes,May a full-time judge volunteer as a rescue diver for a county’s water rescue/scuba team?
nys_judicial_ethics__test__95,nys_judicial_ethics,judicial_ethics,judicial_ethics,Yes,Can a new full-time judge make a modest donation to an animal shelter on behalf of a former client?
nys_judicial_ethics__test__96,nys_judicial_ethics,judicial_ethics,judicial_ethics,No,Must a new full-time judge file a disclosure with the court clerk under 22 NYCRR 100.4(H) for income earned before assuming the bench?
nys_judicial_ethics__test__97,nys_judicial_ethics,judicial_ethics,judicial_ethics,Yes,Can a new full-time judge give another judge an artwork created by a former client?
nys_judicial_ethics__test__98,nys_judicial_ethics,judicial_ethics,judicial_ethics,Yes,Can a part-time judge serve as a deputy district executive in the same judicial district?
nys_judicial_ethics__test__99,nys_judicial_ethics,judicial_ethics,judicial_ethics,No,May a JHO direct the attorneys to investigate whether an apparent variance in installation presents a potential safety issue?
nys_judicial_ethics__test__100,nys_judicial_ethics,judicial_ethics,judicial_ethics,Yes,Can a part-time town justice serve as the chief administrative law judge for a town code administrative bureau in the same town?
nys_judicial_ethics__test__101,nys_judicial_ethics,judicial_ethics,judicial_ethics,Yes,Can a judge donate their remaining unexpended campaign funds to a not-for-profit entity that operates a childcare program?
nys_judicial_ethics__test__102,nys_judicial_ethics,judicial_ethics,judicial_ethics,No,Can a town judge accompany town board members and/or engineers to visit property owners and provide information about a project that benefits the judge’s outside employer?
nys_judicial_ethics__test__103,nys_judicial_ethics,judicial_ethics,judicial_ethics,No,"Can a judge be advertised as the ""run leader"" for the bar association's free run/walk?"
nys_judicial_ethics__test__104,nys_judicial_ethics,judicial_ethics,judicial_ethics,Yes,Can a judge lead the bar association's free run/walk unannounced?
nys_judicial_ethics__test__105,nys_judicial_ethics,judicial_ethics,judicial_ethics,Yes,Can a part-time judge engage in consulting services on workplace violence prevention strategies outside the county they preside in?
nys_judicial_ethics__test__106,nys_judicial_ethics,judicial_ethics,judicial_ethics,No,Can a part-time judge serve on a selection committee organized by the sheriff's office to interview and select current corrections officers and supervisors for promotion opportunities?
nys_judicial_ethics__test__107,nys_judicial_ethics,judicial_ethics,judicial_ethics,Yes,Must a judge disqualify themselves from matters involving the law firm partners and associates of an attorney who testified on the judge's behalf in a disciplinary proceeding?
nys_judicial_ethics__test__108,nys_judicial_ethics,judicial_ethics,judicial_ethics,No,Does a judge who reports another judge's alleged misconduct to an administrative judge have further ethical obligations?
nys_judicial_ethics__test__109,nys_judicial_ethics,judicial_ethics,judicial_ethics,No,Can a judge's law clerk assist the judge with any election-related matters during a general election when the judge is on-call?
nys_judicial_ethics__test__110,nys_judicial_ethics,judicial_ethics,judicial_ethics,Yes,"Must a judge report another judge who publicly praised a law enforcement agency for ""solving"" a crime, if they know the arrested individual will likely be brought before the other judge for proceeding..."
nys_judicial_ethics__test__111,nys_judicial_ethics,judicial_ethics,judicial_ethics,No,Can a part-time attorney judge advertise their law practice on a building owned by a local business that frequently appears before the judge?
nys_judicial_ethics__test__112,nys_judicial_ethics,judicial_ethics,judicial_ethics,No,Can a part-time town or village justice also serve as a Deputy Chief of the Veterans Affairs Police Department?
nys_judicial_ethics__test__113,nys_judicial_ethics,judicial_ethics,judicial_ethics,No,Can a judge who previously served as the District Attorney preside over a parole recognizance hearing concerning a parolee or releasee who had originally been convicted and sentenced during the judge'...
nys_judicial_ethics__test__114,nys_judicial_ethics,judicial_ethics,judicial_ethics,No,Can a new full-time judge liquidate the remaining inventory from a prior business activity on their personal eBay account without reporting profits over $150 as compensation for an extra-judicial acti...
nys_judicial_ethics__test__115,nys_judicial_ethics,judicial_ethics,judicial_ethics,Yes,Can a new town judge agree to pay a successor attorney a portion of the original retainer for a nearly completed matter that originated in the town court?
nys_judicial_ethics__test__116,nys_judicial_ethics,judicial_ethics,judicial_ethics,No,Would it be proper for the constable who serves as the administrator and apparent head of the town constabulary to provide court security for the town court?
nys_judicial_ethics__test__117,nys_judicial_ethics,judicial_ethics,judicial_ethics,No,Must a full-time judge amend past Section 100.4(H)(2) reports to report net rental income in excess of $150 received in the most recent calendar year?
nys_judicial_ethics__test__118,nys_judicial_ethics,judicial_ethics,judicial_ethics,Yes,Is it unduly burdensome to require a full-time judge to amend past Section 100.4(H)(2) reports?
nys_judicial_ethics__test__119,nys_judicial_ethics,judicial_ethics,judicial_ethics,Yes,Must a judge report an attorney who made deliberate misrepresentations to their client?
nys_judicial_ethics__test__120,nys_judicial_ethics,judicial_ethics,judicial_ethics,Yes,Is a judge disqualified in all matters involving an attorney who made deliberate misrepresentations to their client?
nys_judicial_ethics__test__121,nys_judicial_ethics,judicial_ethics,judicial_ethics,Yes,Can a judge attend an annual fund-raising gala equally benefitting Citizens Union and Citizens Union Foundation as a guest of the judge's partner?
nys_judicial_ethics__test__122,nys_judicial_ethics,judicial_ethics,judicial_ethics,No,Is a court attorney-referee disqualified from a small claims case involving parties who were once colleagues of the referee?
nys_judicial_ethics__test__123,nys_judicial_ethics,judicial_ethics,judicial_ethics,No,Can an Alternative Dispute Resolution Coordinator who holds a court attorney-referee title engage in political activity if they do not perform quasi-judicial functions?
nys_judicial_ethics__test__124,nys_judicial_ethics,judicial_ethics,judicial_ethics,Yes,Must a part-time town justice disqualify from any case involving an inmate to whom they rendered pastoral care or assistance?
nys_judicial_ethics__test__125,nys_judicial_ethics,judicial_ethics,judicial_ethics,No,Can a part-time town justice work as an “asset protection specialist” for a large retail chain?
nys_judicial_ethics__test__126,nys_judicial_ethics,judicial_ethics,judicial_ethics,No,Can a judicial candidate allow a political party committee to solicit campaign contributions for them instead of forming a campaign committee?
nys_judicial_ethics__test__127,nys_judicial_ethics,judicial_ethics,judicial_ethics,Yes,Can a judge chair a bar association subcommittee that aims to improve racial equity in the Unified Court System?
nys_judicial_ethics__test__128,nys_judicial_ethics,judicial_ethics,judicial_ethics,Yes,"If an attorney from the law firm where a judge's non-attorney child works appears in the judge's court, is the judge disqualified?"
nys_judicial_ethics__test__129,nys_judicial_ethics,judicial_ethics,judicial_ethics,No,"If an attorney from the law firm where a judge's non-attorney child works appears in the judge's court, is the judge allowed to appoint attorneys from the same law firm to fiduciary positions?"
nys_judicial_ethics__test__130,nys_judicial_ethics,judicial_ethics,judicial_ethics,No,Can a town justice who is also a court clerk in family court preside over a justice court criminal case involving a defendant who is also a party in a family court action involving similar allegations...
nys_judicial_ethics__test__131,nys_judicial_ethics,judicial_ethics,judicial_ethics,Yes,"Can a judge preside in matters involving the ex-spouse of their fifth-degree relative, even if the judge previously recused themselves during the relative's marriage?"
nys_judicial_ethics__test__132,nys_judicial_ethics,judicial_ethics,judicial_ethics,No,Can a part-time judge who also serves as a deputy town attorney assist the town police department in seeking Extreme Risk Protection Orders in their role as town attorney?
nys_judicial_ethics__test__133,nys_judicial_ethics,judicial_ethics,judicial_ethics,No,Can a part-time town justice be employed part-time as a community school liaison with the county sheriff's office simultaneously?
nys_judicial_ethics__test__134,nys_judicial_ethics,judicial_ethics,judicial_ethics,No,Can a judge permit the court clerk to compile information for the sheriff's office about defendants who have missed court appearances?
nys_judicial_ethics__test__135,nys_judicial_ethics,judicial_ethics,judicial_ethics,Yes,Can a judge permit the court clerk to sign a supporting deposition prepared by the sheriff’s office concerning a defendant’s missed court appearances?
nys_judicial_ethics__test__136,nys_judicial_ethics,judicial_ethics,judicial_ethics,Yes,It has been 1.75 years since a judge attended the wedding of an attorney who regularly appears before the judge. Does the judge have to disclose the attendance still if the attorney appears before the...
nys_judicial_ethics__test__137,nys_judicial_ethics,judicial_ethics,judicial_ethics,Yes,Can a judge attend the wedding of an attorney who regularly appears in their court but is not on trial before them now?
nys_judicial_ethics__test__138,nys_judicial_ethics,judicial_ethics,judicial_ethics,Yes,Can a part-time judge serve as a volunteer ombudsman under the New York State Long Term Care Ombudsman Program?
nys_judicial_ethics__test__139,nys_judicial_ethics,judicial_ethics,judicial_ethics,No,Can a judge decline service on a grand jury panel if many assistant district attorneys appear before them?
nys_judicial_ethics__test__140,nys_judicial_ethics,judicial_ethics,judicial_ethics,No,It has been 5 years since a judge attended the wedding of an attorney who regularly appears before the judge. Does the judge have to disclose the attendance still if the attorney appears before the ju...
nys_judicial_ethics__test__141,nys_judicial_ethics,judicial_ethics,judicial_ethics,No,Can a judge attend the wedding of an attorney who regularly appears in their court and is on trial before them now?
nys_judicial_ethics__test__142,nys_judicial_ethics,judicial_ethics,judicial_ethics,No,Can a judge preside in a case if they have served as a grand juror in that case?
nys_judicial_ethics__test__143,nys_judicial_ethics,judicial_ethics,judicial_ethics,Yes,"Can a judge serve on a bar association's board of directors, even if another board member is a judicial candidate and the subject of unfavorable media attention?"
nys_judicial_ethics__test__144,nys_judicial_ethics,judicial_ethics,judicial_ethics,Yes,Can a judge take appropriate action to address disruptions of the court's docket by an attorney who is uncooperative and disrespectful towards the court and staff?
nys_judicial_ethics__test__145,nys_judicial_ethics,judicial_ethics,judicial_ethics,No,Is it ethical for a judge to recommend a specific defense to an unrepresented tenant in a landlord-tenant case?
nys_judicial_ethics__test__146,nys_judicial_ethics,judicial_ethics,judicial_ethics,No,"Is a town justice obligated to take action if they receive correspondence from their co-judge’s election opponent with accusations against the co-judge, but have no first-hand knowledge of any miscond..."
nys_judicial_ethics__test__147,nys_judicial_ethics,judicial_ethics,judicial_ethics,Yes,Can a judicial candidate appoint their campaign treasurer as their principal law clerk if certain conditions are met?
nys_judicial_ethics__test__148,nys_judicial_ethics,judicial_ethics,judicial_ethics,No,Can a full-time judge serve on the executive or governing body of their church while there is a pending Child Victims Act claim against the church?
nys_judicial_ethics__test__149,nys_judicial_ethics,judicial_ethics,judicial_ethics,No,Should a judge recuse from a small claims case if they might potentially learn about another judge's missteps in another case?
nys_judicial_ethics__test__150,nys_judicial_ethics,judicial_ethics,judicial_ethics,Yes,Is the inquiring judge in the best position to determine if another judge has violated the Rules Governing Judicial Conduct?
nys_judicial_ethics__test__151,nys_judicial_ethics,judicial_ethics,judicial_ethics,No,"Can questions about past conduct, legal issues, conduct of another judge or interpretation of another judge's rulings be responded to?"
nys_judicial_ethics__test__152,nys_judicial_ethics,judicial_ethics,judicial_ethics,Yes,Must a judge insulate their law clerk from cases in which the law clerk had any involvement as an attorney?
nys_judicial_ethics__test__153,nys_judicial_ethics,judicial_ethics,judicial_ethics,Yes,Should a judge make full disclosure in all matters where the law firm of their law clerk appears?
nys_judicial_ethics__test__154,nys_judicial_ethics,judicial_ethics,judicial_ethics,Yes,Can a judge seeking election or re-election record and post videos on their personal social media accounts for the purpose of connecting with the public during the applicable window period?
nys_judicial_ethics__test__155,nys_judicial_ethics,judicial_ethics,judicial_ethics,Yes,"A judge who is seeking election or re-election to judicial office may, during the applicable window period, record and post short videos on their personal social media accounts for the purpose of conn..."
nys_judicial_ethics__test__156,nys_judicial_ethics,judicial_ethics,judicial_ethics,Yes,"Can a full-time judge accept a $10,000 honorarium to serve as a mentor-in-residence at a SUNY/CUNY college?"
nys_judicial_ethics__test__157,nys_judicial_ethics,judicial_ethics,judicial_ethics,Yes,Are questions about whether a judge can take part in mentor-in-residence activities during regularly scheduled court hours administrative?
nys_judicial_ethics__test__158,nys_judicial_ethics,judicial_ethics,judicial_ethics,Yes,Can a new full-time judge complete their service as a referee in foreclosure if the remaining tasks are ministerial and do not involve legal work?
nys_judicial_ethics__test__159,nys_judicial_ethics,judicial_ethics,judicial_ethics,Yes,"Where the remaining tasks are essentially ministerial and do not involve legal work, a new full-time judge may complete their service as a referee in foreclosure, pursuant to a court appointment that ..."
nys_judicial_ethics__test__160,nys_judicial_ethics,judicial_ethics,judicial_ethics,Yes,"Can a new full-time judge dispose of wills prepared while an attorney, as permitted by law?"
nys_judicial_ethics__test__161,nys_judicial_ethics,judicial_ethics,judicial_ethics,No,"Can a new full-time judge raise funds from friends, neighbors, or acquaintances for their judicial office?"
nys_judicial_ethics__test__162,nys_judicial_ethics,judicial_ethics,judicial_ethics,No,Can a new full-time judge be reimbursed for expenses incurred after assuming the bench while handling a matter as an attorney?
nys_judicial_ethics__test__163,nys_judicial_ethics,judicial_ethics,judicial_ethics,Yes,Can a new full-time judge maintain a mailbox at their prior office address?
nys_judicial_ethics__test__164,nys_judicial_ethics,judicial_ethics,judicial_ethics,Yes,Can a judge serve on a bar association committee established to address mandated representation?
nys_judicial_ethics__test__165,nys_judicial_ethics,judicial_ethics,judicial_ethics,Yes,Can a judge participate in a custody case if their confidential secretary has connections to both parties through marriage?
nys_judicial_ethics__test__166,nys_judicial_ethics,judicial_ethics,judicial_ethics,Yes,Does a party have the right to object to a judge's participation in a custody case?
nys_judicial_ethics__test__167,nys_judicial_ethics,judicial_ethics,judicial_ethics,No,Does a judge have to disqualify from a custody case if their confidential secretary has connections to both parties through marriage?
nys_judicial_ethics__test__168,nys_judicial_ethics,judicial_ethics,judicial_ethics,No,Can a judge participate in a public demonstration against gun violence?
nys_judicial_ethics__test__169,nys_judicial_ethics,judicial_ethics,judicial_ethics,Yes,Can a judge purchase a sponsor-level ticket to a bar association's fund-raising dinner?
nys_judicial_ethics__test__170,nys_judicial_ethics,judicial_ethics,judicial_ethics,Yes,Can a village justice who is a lawyer represent the village mayor in providing legal advice and negotiations in the dissolution of the mayor's marriage?
nys_judicial_ethics__test__171,nys_judicial_ethics,judicial_ethics,judicial_ethics,Yes,Is it mandatory for a judge to disqualify themselves if a client they previously worked with appears before them on the same case?
nys_judicial_ethics__test__172,nys_judicial_ethics,judicial_ethics,judicial_ethics,No,Can a full-time judge respond to private inquiries from no-fault insurance arbitrators on specific cases?
nys_judicial_ethics__test__173,nys_judicial_ethics,judicial_ethics,judicial_ethics,No,Does a judge have to disqualify themselves if their first-degree relative is employed by a non-party real estate company that does business with one party in the litigation?
nys_judicial_ethics__test__174,nys_judicial_ethics,judicial_ethics,judicial_ethics,Yes,Can an appellate judge who successfully sought to vacate a vexatious lien filed by a disgruntled litigant against their real property preside over appeals from other decisions or orders rendered by th...
nys_judicial_ethics__test__175,nys_judicial_ethics,judicial_ethics,judicial_ethics,No,Does an appellate judge need to recuse themselves from appeals involving orders or decisions issued by the Surrogate overseeing an uncontested estate proceeding where the judge is the uncompensated ad...
nys_judicial_ethics__test__176,nys_judicial_ethics,judicial_ethics,judicial_ethics,No,Can a judge perform the remaining duties required to finalize a settlement if the former client has consulted with an attorney or refused to do so?
nys_judicial_ethics__test__177,nys_judicial_ethics,judicial_ethics,judicial_ethics,Yes,Is a judge allowed to participate in a not-for-profit entity’s “backpack program” which provides a personalized gift to each adoptee and/or adoptive parent following a finalized adoption?
nys_judicial_ethics__test__178,nys_judicial_ethics,judicial_ethics,judicial_ethics,Yes,"Is a judge permanently disqualified from cases in which the judge participated in any way as an attorney, whether in a personal or supervisory capacity?"
nys_judicial_ethics__test__179,nys_judicial_ethics,judicial_ethics,judicial_ethics,No,Is a judge disqualified from an Article 78 proceeding in which a media outlet seeks to compel a law enforcement agency to disclose certain information about an inmate pursuant to the Freedom of Inform...
nys_judicial_ethics__test__180,nys_judicial_ethics,judicial_ethics,judicial_ethics,Yes,Can a full-time judge accept an invitation from an overseas not-for-profit charitable foundation to speak at an annual conference on a matter concerning the legal system?
nys_judicial_ethics__test__181,nys_judicial_ethics,judicial_ethics,judicial_ethics,Yes,"Can a trial court judge preside over cases involving an investment bank that employs a law student for a judicial internship while the student is also employed part-time by the bank, as long as the ju..."
nys_judicial_ethics__test__182,nys_judicial_ethics,judicial_ethics,judicial_ethics,No,"Does a part-time town justice who is also a full-time superior court law clerk need to disclose in matters involving a law firm that previously represented the judge in a divorce case, if more than tw..."
nys_judicial_ethics__test__183,nys_judicial_ethics,judicial_ethics,judicial_ethics,No,Can a village justice who serves without compensation also serve as a judge of the supreme court or a judge of the district court?
nys_judicial_ethics__test__184,nys_judicial_ethics,judicial_ethics,judicial_ethics,No,Is a housing court judge who is a shareholder and proprietary lessee in a cooperative apartment building disqualified from presiding in matters where the building’s board of directors has hired a new ...
nys_judicial_ethics__test__185,nys_judicial_ethics,judicial_ethics,judicial_ethics,No,Can a full-time judge provide legal advice to a former client and their new counsel during a meeting regarding records of a former representation?
nys_judicial_ethics__test__186,nys_judicial_ethics,judicial_ethics,judicial_ethics,No,Is it within the jurisdiction of this Committee to decide if a judge should conduct an inquiry into a potential conflict of interest arising from the prosecution of a criminal defense attorney?
nys_judicial_ethics__test__187,nys_judicial_ethics,judicial_ethics,judicial_ethics,Yes,Is a full-time judge permanently disqualified from cases where they participated as an attorney in a not-for-profit labor union’s legal services office?
nys_judicial_ethics__test__188,nys_judicial_ethics,judicial_ethics,judicial_ethics,Yes,Can a full-time judge preside over cases where a litigant is represented by a not-for-profit labor union’s legal services office?
nys_judicial_ethics__test__189,nys_judicial_ethics,judicial_ethics,judicial_ethics,No,Can a full-time judge serve as a member of the board of directors for the New York Civil Liberties Union?
nys_judicial_ethics__test__190,nys_judicial_ethics,judicial_ethics,judicial_ethics,Yes,Can a judge preside in matters involving other attorneys of the same legal services provider where their first-degree relative is an entry-level staff attorney with a not-for-profit legal services pro...
nys_judicial_ethics__test__191,nys_judicial_ethics,judicial_ethics,judicial_ethics,Yes,"Can a new full-time judge continue to negotiate with their former law firm regarding the disposition of a limited liability company in which they both own a 50% interest, as long as negotiations are i..."
nys_judicial_ethics__test__192,nys_judicial_ethics,judicial_ethics,judicial_ethics,No,Can a full-time judge personally participate in fund-raising or grant applications or provide legal advice while serving as the president of a local YMCA and serving on its multi-task capital project ...
nys_judicial_ethics__test__193,nys_judicial_ethics,judicial_ethics,judicial_ethics,Yes,"Can a full-time judge list their name and position together with other board members on the organization's website and fund-raising invitations, while serving as the chair of the board of directors of..."
nys_judicial_ethics__test__194,nys_judicial_ethics,judicial_ethics,judicial_ethics,No,Can an associate village justice simultaneously serve as deputy clerk/treasurer for the village?
nys_judicial_ethics__test__195,nys_judicial_ethics,judicial_ethics,judicial_ethics,Yes,Can an associate village justice serve as a deputy registrar of vital statistics for the town?
nys_judicial_ethics__test__196,nys_judicial_ethics,judicial_ethics,judicial_ethics,Yes,Can a judge observe court sessions over which other judges preside for educational purposes?
nys_judicial_ethics__test__197,nys_judicial_ethics,judicial_ethics,judicial_ethics,No,Can a full-time judge preside over cases involving an insurance company for which the judge had previously served as in-house counsel once a year has elapsed since the end of the relationship?
nys_judicial_ethics__test__198,nys_judicial_ethics,judicial_ethics,judicial_ethics,No,Is a judge required to take further action if they are not certain that the alleged conduct of an attorney violates the Rules of Professional Conduct?
nys_judicial_ethics__test__199,nys_judicial_ethics,judicial_ethics,judicial_ethics,No,Is a judge required to investigate the timing of another judge's prior recusal in a criminal case?
nys_judicial_ethics__test__200,nys_judicial_ethics,judicial_ethics,judicial_ethics,No,Can a judge forward ex parte correspondence from an inmate to the Conviction Integrity Unit if it claims the conviction was obtained through perjured police testimony?
nys_judicial_ethics__test__201,nys_judicial_ethics,judicial_ethics,judicial_ethics,No,Must a judge disqualify themselves if an application seeking to vacate a conviction is eventually filed and assigned to the judge after receiving ex parte correspondence from an inmate claiming that t...
nys_judicial_ethics__test__202,nys_judicial_ethics,judicial_ethics,judicial_ethics,No,Can a part-time judge serve as an assistant attorney general handling petitions for civil management of recidivist sex offenders under the Sex Offender Management and Treatment Act?
nys_judicial_ethics__test__203,nys_judicial_ethics,judicial_ethics,judicial_ethics,Yes,Is it permissible for a full-time judge to remain on the board of directors of a bar foundation while two officers of the foundation also serve on the bar association's 29-member judicial rating commi...
nys_judicial_ethics__test__204,nys_judicial_ethics,judicial_ethics,judicial_ethics,No,Can an administrative judge authorize a court-sponsored committee or commission to file an amicus curiae brief?
nys_judicial_ethics__test__205,nys_judicial_ethics,judicial_ethics,judicial_ethics,Yes,"Can a judicial candidate permit their spouse to serve on their campaign committee as treasurer or assistant treasurer, if they believe their spouse will act responsibly and follow the law and ethical ..."
nys_judicial_ethics__test__206,nys_judicial_ethics,judicial_ethics,judicial_ethics,No,Can a judge-elect permit the Corporation Counsel to administer their oath of office if they will preside in many cases involving that city?
nys_judicial_ethics__test__207,nys_judicial_ethics,judicial_ethics,judicial_ethics,No,Does a judge's social relationship with the Corporation Counsel require disclosure or disqualification when the assistant corporation counsel or other subordinates appear before the judge?
nys_judicial_ethics__test__208,nys_judicial_ethics,judicial_ethics,judicial_ethics,Yes,"Can a neutral use courthouse space only for the free initial session if a court's ADR program provides for a free initial session with an approved outside neutral/mediator, optionally followed by priv..."
nys_judicial_ethics__test__209,nys_judicial_ethics,judicial_ethics,judicial_ethics,No,Must a judge disclose or recuse themselves from a proceeding if an attorney in the matter is their neighbor and has supported a non-controversial residential zoning variance sought by the judge?
nys_judicial_ethics__test__210,nys_judicial_ethics,judicial_ethics,judicial_ethics,Yes,Can a part-time town justice who is also employed full-time by a private employer respond to another town's request for public input on its zoning laws which prohibit that employer's operations withou...
nys_judicial_ethics__test__211,nys_judicial_ethics,judicial_ethics,judicial_ethics,Yes,"Can a judge who is experiencing apparent acts of retaliation from a self-identified ""sovereign citizen"" litigant write to the county clerk on judicial stationery to request authentication of lien/judg..."
nys_judicial_ethics__test__212,nys_judicial_ethics,judicial_ethics,judicial_ethics,No,Is a judge required to take further action after admonishing an attorney on the record for an inappropriate attempt at humor referencing the client's ethnicity or national origin?
nys_judicial_ethics__test__213,nys_judicial_ethics,judicial_ethics,judicial_ethics,Yes,Can a full-time judge who previously served on a town's zoning board preside in matters involving the zoning board that were not pending during their tenure on the board?
nys_judicial_ethics__test__214,nys_judicial_ethics,judicial_ethics,judicial_ethics,No,Can a part-time village justice serve on the board of the New York Bicycling Coalition?
nys_judicial_ethics__test__215,nys_judicial_ethics,judicial_ethics,judicial_ethics,Yes,Can a part-time village justice serve as chair of a village traffic and safety committee?
nys_judicial_ethics__test__216,nys_judicial_ethics,judicial_ethics,judicial_ethics,Yes,Can a part-time village justice serve on the New York Coalition for Transportation Safety?
nys_judicial_ethics__test__217,nys_judicial_ethics,judicial_ethics,judicial_ethics,Yes,Can a judge personally inquire whether a prospective appointee is available to accept assignment in a particular case if the Alleged Incapacitated Person is indigent?
nys_judicial_ethics__test__218,nys_judicial_ethics,judicial_ethics,judicial_ethics,Yes,Can a judge direct court staff to make an inquiry on their behalf to check whether a prospective appointee is available to accept assignment in a particular case?
nys_judicial_ethics__test__219,nys_judicial_ethics,judicial_ethics,judicial_ethics,Yes,Can a judge serve as master of ceremonies at a non-fund-raising retirement picnic for a religious minister?
nys_judicial_ethics__test__220,nys_judicial_ethics,judicial_ethics,judicial_ethics,No,Can a town justice permit a court clerk to accept outside employment as a matron with the town police department that regularly appears in the justice’s court?
nys_judicial_ethics__test__221,nys_judicial_ethics,judicial_ethics,judicial_ethics,No,Can a judge appoint their personal financial manager to a fiduciary position?
nys_judicial_ethics__test__222,nys_judicial_ethics,judicial_ethics,judicial_ethics,No,Can a judicial candidate use a significant amount of campaign funds for a pre-thank you party?
nys_judicial_ethics__test__223,nys_judicial_ethics,judicial_ethics,judicial_ethics,No,Is a judicial candidate obligated to serve in a non-judicial office if they are nominated by their political party?
nys_judicial_ethics__test__224,nys_judicial_ethics,judicial_ethics,judicial_ethics,No,Can a town or village justice acquiesce in municipal actions that are likely to interfere with court operations or that will compromise the independence of judicial office?
nys_judicial_ethics__test__225,nys_judicial_ethics,judicial_ethics,judicial_ethics,No,"Can we address legal or administrative questions related to the allocation of authority to select, hire, assign and supervise various non-judicial personnel to work in the local justice courts, or whe..."
nys_judicial_ethics__test__226,nys_judicial_ethics,judicial_ethics,judicial_ethics,Yes,"Can a judicial candidate use a de minimis amount of campaign funds for a modest and reasonable “pre-thank you” party for campaign committee members, as a kick-off event for the campaign?"
nys_judicial_ethics__test__227,nys_judicial_ethics,judicial_ethics,judicial_ethics,No,Must a full-time judge report rental income under Section 100.4(H)(2) if they net less than $150 in a calendar year from it?
nys_judicial_ethics__test__228,nys_judicial_ethics,judicial_ethics,judicial_ethics,Yes,Can a part-time judge who owns and rents real property report rental income under Section 100.4(H)(2)?
nys_judicial_ethics__test__229,nys_judicial_ethics,judicial_ethics,judicial_ethics,No,Is it required for a judge to report the name of the payor as “Airbnb” when renting their property through the platform?
nys_judicial_ethics__test__230,nys_judicial_ethics,judicial_ethics,judicial_ethics,Yes,Is a judge allowed to identify a payor tenant by first initial and last name when renting residential real estate within the State of New York?
nys_judicial_ethics__test__231,nys_judicial_ethics,judicial_ethics,judicial_ethics,No,Must a judge report attorney-defendants to the grievance committee if they have no personal knowledge that the defendants impermissibly contacted represented plaintiffs?
nys_judicial_ethics__test__232,nys_judicial_ethics,judicial_ethics,judicial_ethics,No,Can the Committee address the application and enforcement of the Office of Court Administration’s work schedule policies to non-judicial court personnel?
nys_judicial_ethics__test__233,nys_judicial_ethics,judicial_ethics,judicial_ethics,No,"Is it appropriate for a part-time lawyer judge to make an unnecessary, voluntary disclosure that they once presided in a criminal case involving the full-time judge’s administrative secretary when app..."
nys_judicial_ethics__test__234,nys_judicial_ethics,judicial_ethics,judicial_ethics,Yes,"Where the judge rents the property through Airbnb, can the judge report the name of the payor as “Airbnb.”?"
nys_judicial_ethics__test__235,nys_judicial_ethics,judicial_ethics,judicial_ethics,Yes,Can a part-time town justice serve as an administrative law judge for a town code administrative bureau in the same town?
nys_judicial_ethics__test__236,nys_judicial_ethics,judicial_ethics,judicial_ethics,Yes,Can a judge provide a character reference for a friend's bank account application overseas?
nys_judicial_ethics__test__237,nys_judicial_ethics,judicial_ethics,judicial_ethics,Yes,Can a judge present an educational program on family offense petitions to a sheriff's office?
nys_judicial_ethics__test__238,nys_judicial_ethics,judicial_ethics,judicial_ethics,Yes,Can a full-time criminal court judge who presides in a problem-solving court observe the entity's programming for individuals who have completed all court mandates but voluntarily return to the agency...
nys_judicial_ethics__test__239,nys_judicial_ethics,judicial_ethics,judicial_ethics,No,"Must a full-time judge report fiduciary commissions earned as co-executor of an estate before assuming the bench, to the clerk of the court?"
nys_judicial_ethics__test__240,nys_judicial_ethics,judicial_ethics,judicial_ethics,Yes,Can a judge speak at a free community celebration of Pride month?
nys_judicial_ethics__test__241,nys_judicial_ethics,judicial_ethics,judicial_ethics,No,Is it permissible for a judge to write a letter of congratulations to the judge’s parent to be read at a political fund-raiser?
nys_judicial_ethics__test__242,nys_judicial_ethics,judicial_ethics,judicial_ethics,No,Can a part-time judge serve as the chairperson in a school board election?
nys_judicial_ethics__test__243,nys_judicial_ethics,judicial_ethics,judicial_ethics,No,"Is a judge required to disclose or disqualify in matters involving a local law firm after their college student grandchild, who was previously a temporary intern at the firm with only clerical duties,..."
nys_judicial_ethics__test__244,nys_judicial_ethics,judicial_ethics,judicial_ethics,No,"Can a judge perform in a rock band’s annual benefit concert, even if their name and judicial status will be omitted from advertisements?"
nys_judicial_ethics__test__245,nys_judicial_ethics,judicial_ethics,judicial_ethics,No,Can a judge in a problem-solving court write a letter attesting to the importance of a criminal defendant’s court-related employment at their request?
nys_judicial_ethics__test__246,nys_judicial_ethics,judicial_ethics,judicial_ethics,Yes,Can a judge preside over litigation involving a large national retail chain where their non-lawyer relative has an entry-level management position at one store in the chain?
nys_judicial_ethics__test__247,nys_judicial_ethics,judicial_ethics,judicial_ethics,No,Can a town justice serve as village attorney for a village wholly encompassed within the town where they preside and also continue as town justice where the town court would be expected to hear all ca...
nys_judicial_ethics__test__248,nys_judicial_ethics,judicial_ethics,judicial_ethics,No,"Is it permissible for a town justice to continue as both town justice and village attorney for a village that is wholly encompassed within the town, where the town court is expected to hear all cases ..."
nys_judicial_ethics__test__249,nys_judicial_ethics,judicial_ethics,judicial_ethics,No,Can a judge conceal the true basis of their ruling if they believe that the statutory obligation to provide a reason for discretionary recusal is unconstitutional?
nys_judicial_ethics__test__250,nys_judicial_ethics,judicial_ethics,judicial_ethics,Yes,Is it permissible for a judge to act in accordance with a legal determination made by the judge on the record if they believe that the statutory obligation to provide a reason for discretionary recusa...
nys_judicial_ethics__test__251,nys_judicial_ethics,judicial_ethics,judicial_ethics,No,Should a judge vacate their decision in a criminal case where the defendant was their student several decades ago and they remain friendly acquaintances?
nys_judicial_ethics__test__252,nys_judicial_ethics,judicial_ethics,judicial_ethics,No,Does a judge have an ethical obligation to vacate their decision in a criminal case merely because the defendant was their student several decades ago and they remain friendly acquaintances?
nys_judicial_ethics__test__253,nys_judicial_ethics,judicial_ethics,judicial_ethics,No,Can a judge preside in a criminal case that has been transferred to drug treatment court if they entered a single appearance as the prosecutor in the underlying criminal case?
nys_judicial_ethics__test__254,nys_judicial_ethics,judicial_ethics,judicial_ethics,No,Is it permissible for a judge to preside in a criminal case that has been transferred to drug treatment court if they entered a single appearance as the prosecutor in the underlying criminal case?
nys_judicial_ethics__test__255,nys_judicial_ethics,judicial_ethics,judicial_ethics,No,Can a judge who had some minimal prior involvement as an attorney preside over a criminal case?
nys_judicial_ethics__test__256,nys_judicial_ethics,judicial_ethics,judicial_ethics,No,Can a judge who prosecuted a prior conviction that is an element of a felony offense preside over a criminal case?
nys_judicial_ethics__test__257,nys_judicial_ethics,judicial_ethics,judicial_ethics,No,Can a judge require a party or attorney to use a gender pronoun they do not prefer?
nys_judicial_ethics__test__258,nys_judicial_ethics,judicial_ethics,judicial_ethics,No,Do the Rules Governing Judicial Conduct prohibit two part-time lawyer judges from representing two potentially adverse parties in a proceeding before a full-time judge in another court?
nys_judicial_ethics__test__259,nys_judicial_ethics,judicial_ethics,judicial_ethics,No,Must a town justice whose spouse is the mayor of a village within the town recuse themselves from cases where village employees will appear?
nys_judicial_ethics__test__260,nys_judicial_ethics,judicial_ethics,judicial_ethics,Yes,Is a town justice whose spouse is the mayor of a village within the town subject to remittal in matters where the village is a named party?
nys_judicial_ethics__test__261,nys_judicial_ethics,judicial_ethics,judicial_ethics,No,"Must a judge recuse themselves from cases involving the village police department if their spouse serves as a police commissioner but has no day-to-day administrative, supervisory, or law enforcement ..."
nys_judicial_ethics__test__262,nys_judicial_ethics,judicial_ethics,judicial_ethics,Yes,"Can a judge issue a notice to the bar to solicit participation by potential amici curiae, provided it is legally appropriate and consistent with applicable limitations on judicial speech and conduct?"
nys_judicial_ethics__test__263,nys_judicial_ethics,judicial_ethics,judicial_ethics,No,Is it ethically permissible for a court clerk to use the court’s staff and database to request a “long form information” from an arresting agency to support the issuance of an arrest warrant?
nys_judicial_ethics__test__264,nys_judicial_ethics,judicial_ethics,judicial_ethics,No,"Must a judge disqualify from all cases involving a former opposing counsel, even though the judge had criticized the opposing counsel's conduct in a letter to the tribunal, provided the judge can be f..."
nys_judicial_ethics__test__265,nys_judicial_ethics,judicial_ethics,judicial_ethics,No,Is it within this Committee's jurisdiction to determine whether a judge may unilaterally substitute the owner/registrant for the operator of an alleged overweight vehicle or if all interested parties ...
nys_judicial_ethics__test__266,nys_judicial_ethics,judicial_ethics,judicial_ethics,Yes,Can a judge participate in a COVID-19 study conducted by a hospital and receive compensation?
nys_judicial_ethics__test__267,nys_judicial_ethics,judicial_ethics,judicial_ethics,Yes,Can a town justice represent the town in collective bargaining negotiations with the union representing the town’s highway department personnel?
nys_judicial_ethics__test__268,nys_judicial_ethics,judicial_ethics,judicial_ethics,Yes,Must a town justice disqualify themselves in all matters where the town is a party if they represented the town in collective bargaining negotiations with the union representing the town’s highway dep...
nys_judicial_ethics__test__269,nys_judicial_ethics,judicial_ethics,judicial_ethics,No,Must a judge disqualify themselves when accusatory instruments from a county-wide vehicle and traffic law camera enforcement program come before the judge if they were previously involved in its imple...
nys_judicial_ethics__test__270,nys_judicial_ethics,judicial_ethics,judicial_ethics,Yes,"Can a part-time town justice serve as ""Judge Advocate"" for the American Legion?"
nys_judicial_ethics__test__271,nys_judicial_ethics,judicial_ethics,judicial_ethics,Yes,Can a judge disclose their preferred gender pronouns in their email signature block and during a virtual proceeding in which they preside?
nys_judicial_ethics__test__272,nys_judicial_ethics,judicial_ethics,judicial_ethics,Yes,"Can a full-time judge attend a law firm's online ""launch party"" hosted by an attorney and law firm who do not appear before the judge?"
nys_judicial_ethics__test__273,nys_judicial_ethics,judicial_ethics,judicial_ethics,No,Can a family court judge accept an appointment to the Judicial Leadership Council of the National Court Appointed Special Advocate/Guardian Ad Litem Association for Children and permit the organizatio...
nys_judicial_ethics__test__274,nys_judicial_ethics,judicial_ethics,judicial_ethics,No,"If a judge regularly assigns a particular attorney as 18-B counsel or attorney for the child in a large number of cases, can the judge approve the attorney's payment vouchers if the judge hires that a..."
nys_judicial_ethics__test__275,nys_judicial_ethics,judicial_ethics,judicial_ethics,No,"If hiring the secretary would significantly interfere with the judge's performance of judicial duties, should the judge hire the secretary?"
nys_judicial_ethics__test__276,nys_judicial_ethics,judicial_ethics,judicial_ethics,Yes,Can a judge write a book review for a legal textbook and retain the reviewed book in their personal library?
nys_judicial_ethics__test__277,nys_judicial_ethics,judicial_ethics,judicial_ethics,No,"Can this Committee address whether a judge may, in the exercise of discretion, reduce or waive certain Vehicle and Traffic Law surcharges regardless of a defendant's ability to pay?"
nys_judicial_ethics__test__278,nys_judicial_ethics,judicial_ethics,judicial_ethics,Yes,"Can a judge preside in matters involving their former campaign manager after the two-year period has ended and without disclosure, as long as they can be fair and impartial?"
nys_judicial_ethics__test__279,nys_judicial_ethics,judicial_ethics,judicial_ethics,Yes,Can a judge preside over unrelated matters where an attorney who provided brief and preliminary legal advice to the judge's law clerk's child appears without disclosure or insulation of the law clerk?
nys_judicial_ethics__test__280,nys_judicial_ethics,judicial_ethics,judicial_ethics,Yes,Is a full-time court attorney-referee who receives a commission of over $150 for serving as executor of a family member’s estate required to report it to the clerk of the court?
nys_judicial_ethics__test__281,nys_judicial_ethics,judicial_ethics,judicial_ethics,Yes,"Can a full-time judge serve as a ""fire officer"" or ""trustee"" for a not-for-profit volunteer fire department if the position does not involve peace officer or police officer status, investigative respo..."
nys_judicial_ethics__test__282,nys_judicial_ethics,judicial_ethics,judicial_ethics,Yes,Can a judge attend a political party's caucus to nominate candidates and allow eligible party members to vote on whether to nominate the judge for an elective nonjudicial office without resigning from...
nys_judicial_ethics__test__283,nys_judicial_ethics,judicial_ethics,judicial_ethics,Yes,Is the window period for an individual seeking election to Supreme Court nine months before the earlier of the date of formal nomination by convention or the date of a recognized party-sponsored caucu...
nys_judicial_ethics__test__284,nys_judicial_ethics,judicial_ethics,judicial_ethics,Yes,Can a full-time judge serve on an ad hoc interview committee for a public school district?
nys_judicial_ethics__test__285,nys_judicial_ethics,judicial_ethics,judicial_ethics,Yes,Can a new full-time judge engage in activities to wind down their prior law practice and collect previously earned legal fees?
nys_judicial_ethics__test__286,nys_judicial_ethics,judicial_ethics,judicial_ethics,No,Is it allowed for a judicial candidate to enter into a contract with a law firm agreeing to recuse in certain matters if elected?
nys_judicial_ethics__test__287,nys_judicial_ethics,judicial_ethics,judicial_ethics,Yes,Is it permissible for the inquirer to share ethics opinions with counsel?
nys_judicial_ethics__test__288,nys_judicial_ethics,judicial_ethics,judicial_ethics,Yes,Can a part-time lawyer judge who was assigned as a special prosecutor before assuming the bench accept legal fees and disbursements for prosecutorial work performed before assuming the bench?
nys_judicial_ethics__test__289,nys_judicial_ethics,judicial_ethics,judicial_ethics,No,Can a part-time lawyer judge ordinarily appear before another part-time lawyer judge in the same county?
nys_judicial_ethics__test__290,nys_judicial_ethics,judicial_ethics,judicial_ethics,No,Can a practicing part-time lawyer judge represent a client before any judge of that court?
nys_judicial_ethics__test__291,nys_judicial_ethics,judicial_ethics,judicial_ethics,Yes,Is it permissible for a village justice to send a mailing to village residents detailing the court's jurisdiction and types of cases heard in the village court?
